; generated by PrusaSlicer 2.3.1+win64 on 2022-06-06 at 03:15:43 UTC

; 

; external perimeters extrusion width = 0.68mm
; perimeters extrusion width = 0.68mm
; infill extrusion width = 0.68mm
; solid infill extrusion width = 0.68mm
; top infill extrusion width = 0.60mm
; first layer extrusion width = 0.65mm

M73 P0 R19
M73 Q0 S19
M201 X1000 Y1000 Z200 E5000 ; sets maximum accelerations, mm/sec^2
M203 X200 Y200 Z12 E120 ; sets maximum feedrates, mm/sec
M204 P1250 R1250 T1250 ; sets acceleration (P, T) and retract acceleration (R), mm/sec^2
M205 X8.00 Y8.00 Z0.40 E4.50 ; sets the jerk limits, mm/sec
M205 S0 T0 ; sets the minimum extruding and travel feed rate, mm/sec
M107
;TYPE:Custom
M862.3 P "MK3S" ; printer model check
M862.1 P0.6 ; nozzle diameter check
M115 U3.10.0 ; tell printer latest fw version
G90 ; use absolute coordinates
M83 ; extruder relative mode
M104 S215 ; set extruder temp
M140 S60 ; set bed temp
M190 S60 ; wait for bed temp
M109 S215 ; wait for extruder temp
G28 W ; home all without mesh bed level
G80 ; mesh bed leveling
G1 Y-3.0 F1000.0 ; go outside print area
G92 E0.0
G1 X60.0 E9.0 F1000.0 ; intro line
G1 X100.0 E12.5 F1000.0 ; intro line
G92 E0.0
M221 S95
G21 ; set units to millimeters
G90 ; use absolute coordinates
M83 ; use relative distances for extrusion
M900 K0.04 ; Filament gcode LA 1.5
M900 K18 ; Filament gcode LA 1.0
;LAYER_CHANGE
;Z:0.2
;HEIGHT:0.2
;BEFORE_LAYER_CHANGE
G92 E0.0
;0.2


G1 E-0.50000 F2400.000
G1 Z0.200 F10800.000
;AFTER_LAYER_CHANGE
;0.2
G1 X112.329 Y94.460
G1 E0.50000 F2400.000
M204 S1000
;TYPE:Skirt
;WIDTH:0.65
G1 F1200.000
G1 X113.287 Y93.405 E0.07194
G1 X114.589 Y92.223 E0.08875
G1 X115.657 Y91.422 E0.06738
G1 X117.243 Y90.457 E0.09371
G1 X118.535 Y89.840 E0.07231
G1 X120.221 Y89.225 E0.09059
G1 X121.970 Y88.800 E0.09083
G1 X123.381 Y88.597 E0.07198
G1 X125.157 Y88.519 E0.08972
G1 X126.568 Y88.592 E0.07133
G1 X128.346 Y88.861 E0.09076
G1 X129.696 Y89.201 E0.07029
G1 X131.390 Y89.806 E0.09080
G1 X132.649 Y90.400 E0.07026
G1 X134.195 Y91.320 E0.09084
G1 X135.316 Y92.146 E0.07030
G1 X136.656 Y93.346 E0.09079
G1 X137.854 Y94.684 E0.09063
G1 X138.680 Y95.805 E0.07033
G1 X139.600 Y97.350 E0.09076
G1 X140.194 Y98.610 E0.07029
G1 X140.799 Y100.304 E0.09080
G1 X141.139 Y101.653 E0.07025
G1 X141.408 Y103.433 E0.09084
G1 X141.481 Y104.854 E0.07183
G1 X141.403 Y106.620 E0.08926
G1 X141.200 Y108.030 E0.07191
G1 X140.776 Y109.775 E0.09065
G1 X140.160 Y111.465 E0.09076
G1 X139.543 Y112.757 E0.07230
G1 X138.578 Y114.343 E0.09368
G1 X137.778 Y115.410 E0.06737
G1 X136.592 Y116.716 E0.08903
G1 X135.541 Y117.670 E0.07162
G1 X134.097 Y118.744 E0.09088
G1 X132.902 Y119.463 E0.07038
G1 X131.281 Y120.238 E0.09071
G1 X129.972 Y120.713 E0.07030
G1 X128.230 Y121.162 E0.09082
G1 X126.449 Y121.417 E0.09080
G1 X125.043 Y121.481 E0.07105
G1 X123.262 Y121.389 E0.09004
G1 X121.886 Y121.184 E0.07021
G1 X120.139 Y120.748 E0.09088
G1 X118.794 Y120.267 E0.07211
G1 X117.167 Y119.501 E0.09079
G1 X115.579 Y118.523 E0.09411
G1 X114.493 Y117.698 E0.06885
G1 X113.158 Y116.462 E0.09184
G1 X112.247 Y115.439 E0.06918
G1 X111.149 Y113.932 E0.09409
G1 X110.257 Y112.364 E0.09107
M73 Q1 S19
G1 X109.691 Y111.103 E0.06978
G1 X109.249 Y109.849 E0.06710
G1 X108.814 Y108.104 E0.09079
G1 X108.611 Y106.734 E0.06993
G1 X108.519 Y104.938 E0.09076
M73 P1 R19
G1 X108.583 Y103.551 E0.07010
G1 X108.838 Y101.771 E0.09079
G1 X109.287 Y100.028 E0.09083
G1 X109.763 Y98.717 E0.07041
G1 X110.538 Y97.096 E0.09068
G1 X111.257 Y95.902 E0.07037
G1 X112.276 Y94.532 E0.08618
; printing object C:/Users/orcas/AppData/Local/Temp/Neutron/Body1.stl id:0 copy 0
;WIPE_START
G1 F8640.000
G1 X113.287 Y93.405 E-0.39973
G1 X113.498 Y93.213 E-0.07527
;WIPE_END
G1 E-0.02500 F2400.000
G1 X121.680 Y102.037 F10800.000
G1 E0.50000 F2400.000
;TYPE:Perimeter
G1 F1200.000
G1 X122.221 Y101.528 E0.03754
G1 X122.582 Y101.268 E0.02242
G1 X123.122 Y100.967 E0.03123
G1 X123.806 Y100.716 E0.03680
G1 X124.233 Y100.620 E0.02204
G1 X124.762 Y100.559 E0.02689
G1 X125.359 Y100.567 E0.03016
G1 X125.800 Y100.625 E0.02242
G1 X126.518 Y100.816 E0.03754
G1 X127.193 Y101.130 E0.03754
G1 X127.565 Y101.367 E0.02227
G1 X127.977 Y101.698 E0.02670
G1 X128.391 Y102.122 E0.02992
G1 X128.664 Y102.478 E0.02261
G1 X129.035 Y103.122 E0.03754
G1 X129.289 Y103.821 E0.03754
G1 X129.384 Y104.255 E0.02244
G1 X129.444 Y104.849 E0.03014
G1 X129.430 Y105.381 E0.02687
G1 X129.372 Y105.815 E0.02207
G1 X129.181 Y106.519 E0.03682
G1 X128.928 Y107.083 E0.03123
G1 X128.702 Y107.465 E0.02239
G1 X128.241 Y108.049 E0.03754
G1 X127.686 Y108.544 E0.03754
G1 X127.322 Y108.792 E0.02224
G1 X126.854 Y109.039 E0.02673
G1 X126.300 Y109.252 E0.02997
G1 X125.867 Y109.362 E0.02257
G1 X125.128 Y109.448 E0.03755
G1 X124.385 Y109.404 E0.03754
G1 X123.948 Y109.320 E0.02247
G1 X123.380 Y109.139 E0.03010
G1 X122.897 Y108.916 E0.02684
G1 X122.522 Y108.691 E0.02210
G1 X121.950 Y108.237 E0.03685
G1 X121.532 Y107.781 E0.03123
G1 X121.272 Y107.422 E0.02237
G1 X120.917 Y106.768 E0.03754
G1 X120.672 Y106.031 E0.03925
G1 X120.558 Y105.261 E0.03925
G1 X120.579 Y104.518 E0.03754
G1 X120.651 Y104.076 E0.02261
G1 X120.814 Y103.506 E0.02992
G1 X121.020 Y103.018 E0.02671
G1 X121.235 Y102.633 E0.02226
G1 X121.626 Y102.109 E0.03300
G1 X122.112 Y102.472 F10800.000
G1 F1200.000
G1 X122.608 Y101.997 E0.03467
G1 X122.908 Y101.782 E0.01863
G1 X123.376 Y101.521 E0.02706
G1 X123.978 Y101.300 E0.03239
G1 X124.334 Y101.220 E0.01841
G1 X124.793 Y101.167 E0.02330
G1 X125.316 Y101.174 E0.02642
G1 X125.682 Y101.221 E0.01864
G1 X126.311 Y101.389 E0.03284
G1 X126.901 Y101.663 E0.03284
G1 X127.210 Y101.861 E0.01854
G1 X127.568 Y102.149 E0.02318
G1 X127.932 Y102.520 E0.02626
G1 X128.158 Y102.815 E0.01875
G1 X128.483 Y103.379 E0.03284
G1 X128.705 Y103.991 E0.03284
G1 X128.784 Y104.351 E0.01865
G1 X128.837 Y104.872 E0.02640
G1 X128.824 Y105.333 E0.02328
G1 X128.776 Y105.694 E0.01842
G1 X128.608 Y106.314 E0.03240
G1 X128.389 Y106.803 E0.02706
G1 X128.200 Y107.120 E0.01862
G1 X127.798 Y107.631 E0.03284
G1 X127.312 Y108.064 E0.03284
G1 X127.009 Y108.271 E0.01852
G1 X126.602 Y108.486 E0.02320
G1 X126.116 Y108.673 E0.02630
G1 X125.757 Y108.763 E0.01872
G1 X125.110 Y108.839 E0.03284
G1 X124.461 Y108.800 E0.03284
G1 X124.098 Y108.730 E0.01867
G1 X123.600 Y108.572 E0.02638
G1 X123.181 Y108.379 E0.02327
G1 X122.868 Y108.191 E0.01844
G1 X122.365 Y107.791 E0.03242
G1 X122.003 Y107.396 E0.02706
G1 X121.787 Y107.098 E0.01860
G1 X121.477 Y106.526 E0.03284
G1 X121.265 Y105.889 E0.03387
G1 X121.167 Y105.225 E0.03388
G1 X121.185 Y104.575 E0.03284
G1 X121.244 Y104.208 E0.01875
G1 X121.388 Y103.708 E0.02626
G1 X121.566 Y103.285 E0.02318
G1 X121.745 Y102.964 E0.01854
G1 X122.059 Y102.545 E0.02644
G1 X122.995 Y102.467 F10800.000
;TYPE:External perimeter
G1 F1200.000
G1 X123.234 Y102.295 E0.01485
G1 X123.630 Y102.074 E0.02290
G1 X124.150 Y101.883 E0.02798
G1 X124.436 Y101.819 E0.01477
G1 X124.823 Y101.774 E0.01970
G1 X125.273 Y101.780 E0.02267
G1 X125.564 Y101.818 E0.01485
G1 X126.103 Y101.962 E0.02814
G1 X126.608 Y102.197 E0.02814
G1 X126.856 Y102.355 E0.01482
G1 X127.159 Y102.599 E0.01966
G1 X127.472 Y102.919 E0.02260
G1 X127.652 Y103.153 E0.01489
G1 X127.930 Y103.636 E0.02814
G1 X128.120 Y104.160 E0.02814
G1 X128.184 Y104.447 E0.01485
G1 X128.229 Y104.894 E0.02267
G1 X128.218 Y105.284 E0.01970
G1 X128.179 Y105.574 E0.01477
G1 X128.034 Y106.109 E0.02798
G1 X127.849 Y106.523 E0.02290
G1 X127.699 Y106.776 E0.01484
G1 X127.354 Y107.214 E0.02814
G1 X126.938 Y107.585 E0.02814
G1 X126.695 Y107.750 E0.01481
G1 X126.351 Y107.932 E0.01967
G1 X125.932 Y108.093 E0.02263
G1 X125.647 Y108.165 E0.01487
G1 X125.093 Y108.229 E0.02814
G1 X124.537 Y108.197 E0.02814
G1 X124.248 Y108.141 E0.01486
G1 X123.820 Y108.005 E0.02266
G1 X123.466 Y107.841 E0.01969
G1 X123.214 Y107.691 E0.01478
G1 X122.780 Y107.346 E0.02799
G1 X122.474 Y107.012 E0.02290
G1 X122.301 Y106.774 E0.01484
G1 X122.036 Y106.284 E0.02814
G1 X121.857 Y105.748 E0.02850
G1 X121.775 Y105.189 E0.02850
G1 X121.791 Y104.632 E0.02814
G1 X121.838 Y104.341 E0.01489
G1 X121.961 Y103.911 E0.02260
G1 X122.113 Y103.552 E0.01966
G1 X122.256 Y103.296 E0.01482
G1 X122.589 Y102.849 E0.02814
G1 X122.929 Y102.528 E0.02359
G1 X122.944 Y102.177 F10800.000
;WIPE_START
G1 F8640.000
G1 X123.234 Y102.295 E-0.10121
G1 X123.630 Y102.074 E-0.11970
G1 X124.150 Y101.883 E-0.14625
G1 X124.436 Y101.819 E-0.07720
G1 X124.551 Y101.806 E-0.03064
;WIPE_END
G1 E-0.02500 F2400.000
G1 X117.722 Y96.289 F10800.000
G1 E0.50000 F2400.000
;TYPE:Perimeter
G1 F1200.000
G1 X118.054 Y96.012 E0.02185
G1 X118.845 Y95.451 E0.04894
G1 X119.204 Y95.230 E0.02128
G1 X119.972 Y94.814 E0.04406
G1 X120.858 Y94.421 E0.04895
G1 X121.253 Y94.275 E0.02126
G1 X122.088 Y94.020 E0.04408
G1 X123.019 Y93.814 E0.04810
G1 X123.962 Y93.688 E0.04807
G1 X124.834 Y93.640 E0.04406
G1 X125.256 Y93.642 E0.02128
G1 X126.223 Y93.706 E0.04894
G1 X127.087 Y93.832 E0.04405
G1 X127.500 Y93.918 E0.02131
G1 X128.449 Y94.175 E0.04964
G1 X128.849 Y94.311 E0.02130
G1 X129.658 Y94.639 E0.04405
G1 X130.525 Y95.073 E0.04894
G1 X130.889 Y95.284 E0.02128
G1 X131.617 Y95.766 E0.04406
G1 X132.367 Y96.353 E0.04807
G1 X133.066 Y97.001 E0.04810
G1 X133.657 Y97.643 E0.04407
G1 X133.925 Y97.970 E0.02135
G1 X134.464 Y98.715 E0.04640
G1 X134.957 Y99.532 E0.04817
G1 X135.349 Y100.312 E0.04406
G1 X135.522 Y100.714 E0.02206
G1 X135.695 Y101.168 E0.02454
G1 X135.957 Y101.999 E0.04398
G1 X136.173 Y102.944 E0.04893
G1 X136.242 Y103.360 E0.02130
G1 X136.334 Y104.228 E0.04406
G1 X136.359 Y105.197 E0.04895
G1 X136.344 Y105.618 E0.02128
G1 X136.262 Y106.488 E0.04407
G1 X136.098 Y107.426 E0.04808
G1 X135.855 Y108.347 E0.04810
G1 X135.567 Y109.171 E0.04407
G1 X135.405 Y109.560 E0.02126
G1 X134.977 Y110.430 E0.04895
G1 X134.532 Y111.181 E0.04406
G1 X134.296 Y111.531 E0.02129
G1 X133.704 Y112.299 E0.04894
G1 X133.119 Y112.946 E0.04405
G1 X132.818 Y113.242 E0.02131
G1 X132.086 Y113.878 E0.04893
G1 X131.385 Y114.395 E0.04399
G1 X130.990 Y114.652 E0.02377
G1 X130.177 Y115.112 E0.04717
G1 X129.797 Y115.298 E0.02136
G1 X128.991 Y115.634 E0.04407
G1 X128.086 Y115.932 E0.04809
G1 X127.159 Y116.151 E0.04809
G1 X126.297 Y116.285 E0.04407
G1 X125.877 Y116.326 E0.02127
G1 X124.908 Y116.358 E0.04895
G1 X124.036 Y116.318 E0.04406
G1 X123.615 Y116.275 E0.02137
G1 X122.708 Y116.125 E0.04641
G1 X121.782 Y115.893 E0.04816
G1 X120.957 Y115.615 E0.04398
G1 X120.506 Y115.433 E0.02454
G1 X120.108 Y115.252 E0.02206
G1 X119.336 Y114.845 E0.04406
G1 X118.516 Y114.327 E0.04895
G1 X118.175 Y114.080 E0.02127
G1 X117.498 Y113.528 E0.04407
G1 X116.810 Y112.870 E0.04809
G1 X116.180 Y112.156 E0.04809
G1 X115.655 Y111.458 E0.04407
G1 X115.422 Y111.107 E0.02127
G1 X114.937 Y110.267 E0.04895
G1 X114.561 Y109.479 E0.04406
G1 X114.396 Y109.074 E0.02207
G1 X114.232 Y108.617 E0.02454
G1 X113.987 Y107.781 E0.04398
G1 X113.793 Y106.847 E0.04816
G1 X113.679 Y105.934 E0.04641
G1 X113.652 Y105.512 E0.02137
G1 X113.647 Y104.639 E0.04406
G1 X113.718 Y103.672 E0.04895
G1 X113.775 Y103.255 E0.02126
G1 X113.944 Y102.398 E0.04407
G1 X114.200 Y101.480 E0.04810
G1 X114.533 Y100.588 E0.04808
G1 X114.902 Y99.797 E0.04407
G1 X115.103 Y99.424 E0.02136
G1 X115.594 Y98.630 E0.04717
G1 X115.867 Y98.245 E0.02377
G1 X116.412 Y97.565 E0.04399
G1 X117.076 Y96.860 E0.04893
G1 X117.653 Y96.347 E0.03895
G1 X117.264 Y95.881 F10800.000
G1 F1200.000
G1 X117.683 Y95.530 E0.02761
G1 X118.510 Y94.945 E0.05111
G1 X118.899 Y94.704 E0.02313
G1 X119.704 Y94.269 E0.04617
G1 X120.630 Y93.859 E0.05111
G1 X121.059 Y93.700 E0.02311
G1 X121.934 Y93.433 E0.04617
G1 X122.912 Y93.216 E0.05060
G1 X123.906 Y93.083 E0.05058
G1 X124.819 Y93.033 E0.04617
G1 X125.277 Y93.035 E0.02313
G1 X126.287 Y93.102 E0.05111
G1 X127.192 Y93.234 E0.04616
G1 X127.641 Y93.327 E0.02314
G1 X128.626 Y93.594 E0.05153
G1 X129.060 Y93.742 E0.02314
G1 X129.908 Y94.085 E0.04616
G1 X130.813 Y94.538 E0.05111
G1 X131.209 Y94.768 E0.02313
G1 X131.972 Y95.273 E0.04617
G1 X132.762 Y95.890 E0.05058
G1 X133.496 Y96.572 E0.05060
G1 X134.116 Y97.245 E0.04617
G1 X134.407 Y97.600 E0.02317
G1 X134.970 Y98.380 E0.04857
G1 X135.489 Y99.238 E0.05064
G1 X135.899 Y100.056 E0.04616
G1 X136.084 Y100.485 E0.02360
G1 X136.269 Y100.968 E0.02609
G1 X136.543 Y101.840 E0.04612
G1 X136.769 Y102.826 E0.05110
G1 X136.844 Y103.279 E0.02314
G1 X136.940 Y104.188 E0.04616
G1 X136.966 Y105.200 E0.05111
G1 X136.950 Y105.658 E0.02312
G1 X136.864 Y106.569 E0.04617
G1 X136.691 Y107.556 E0.05058
G1 X136.436 Y108.525 E0.05060
G1 X136.134 Y109.388 E0.04617
G1 X135.958 Y109.811 E0.02312
G1 X135.511 Y110.720 E0.05111
G1 X135.045 Y111.506 E0.04616
G1 X134.788 Y111.886 E0.02313
G1 X134.171 Y112.688 E0.05111
G1 X133.557 Y113.366 E0.04616
G1 X133.230 Y113.688 E0.02315
G1 X132.466 Y114.352 E0.05110
G1 X131.731 Y114.894 E0.04612
G1 X131.306 Y115.171 E0.02563
G1 X130.460 Y115.649 E0.04904
G1 X130.047 Y115.851 E0.02318
G1 X129.203 Y116.203 E0.04617
G1 X128.251 Y116.516 E0.05059
G1 X127.276 Y116.747 E0.05059
G1 X126.372 Y116.888 E0.04617
G1 X125.916 Y116.932 E0.02312
G1 X124.904 Y116.966 E0.05111
G1 X123.991 Y116.924 E0.04616
G1 X123.534 Y116.877 E0.02318
G1 X122.585 Y116.720 E0.04858
G1 X121.611 Y116.476 E0.05063
G1 X120.746 Y116.185 E0.04612
G1 X120.266 Y115.991 E0.02610
G1 X119.841 Y115.797 E0.02360
G1 X119.032 Y115.371 E0.04616
G1 X118.176 Y114.830 E0.05111
G1 X117.805 Y114.562 E0.02312
G1 X117.096 Y113.983 E0.04617
M73 Q2 S19
G1 X116.372 Y113.291 E0.05059
G1 X115.709 Y112.539 E0.05059
G1 X115.159 Y111.808 E0.04617
G1 X114.906 Y111.427 E0.02312
G1 X114.399 Y110.550 E0.05111
G1 X114.006 Y109.725 E0.04616
G1 X113.829 Y109.292 E0.02360
G1 X113.655 Y108.805 E0.02609
M73 P2 R19
G1 X113.398 Y107.928 E0.04612
G1 X113.193 Y106.946 E0.05063
G1 X113.074 Y105.991 E0.04858
G1 X113.045 Y105.533 E0.02318
G1 X113.040 Y104.619 E0.04616
G1 X113.114 Y103.609 E0.05111
G1 X113.176 Y103.155 E0.02312
G1 X113.353 Y102.257 E0.04617
G1 X113.622 Y101.292 E0.05060
G1 X113.973 Y100.353 E0.05058
G1 X114.359 Y99.524 E0.04617
G1 X114.577 Y99.120 E0.02318
G1 X115.088 Y98.294 E0.04904
G1 X115.382 Y97.880 E0.02563
G1 X115.953 Y97.167 E0.04612
G1 X116.647 Y96.430 E0.05110
G1 X117.194 Y95.938 E0.03714
G1 X116.805 Y95.472 F10800.000
;TYPE:External perimeter
G1 F1200.000
G1 X117.313 Y95.049 E0.03337
G1 X118.174 Y94.439 E0.05327
G1 X118.595 Y94.178 E0.02497
G1 X119.436 Y93.724 E0.04827
G1 X120.401 Y93.296 E0.05328
G1 X120.865 Y93.124 E0.02497
G1 X121.779 Y92.845 E0.04827
G1 X122.806 Y92.618 E0.05310
G1 X123.849 Y92.478 E0.05309
G1 X124.804 Y92.426 E0.04827
G1 X125.298 Y92.428 E0.02497
G1 X126.351 Y92.498 E0.05327
G1 X127.297 Y92.636 E0.04826
G1 X127.782 Y92.736 E0.02498
G1 X128.803 Y93.013 E0.05342
G1 X129.272 Y93.172 E0.02498
G1 X130.158 Y93.531 E0.04826
G1 X131.102 Y94.004 E0.05327
G1 X131.530 Y94.252 E0.02497
G1 X132.327 Y94.780 E0.04827
G1 X133.156 Y95.428 E0.05309
G1 X133.927 Y96.143 E0.05310
G1 X134.574 Y96.847 E0.04827
G1 X134.888 Y97.230 E0.02499
G1 X135.477 Y98.044 E0.05075
G1 X136.021 Y98.945 E0.05311
G1 X136.450 Y99.800 E0.04827
G1 X136.647 Y100.257 E0.02514
G1 X136.842 Y100.769 E0.02765
G1 X137.129 Y101.680 E0.04825
G1 X137.365 Y102.709 E0.05327
G1 X137.446 Y103.197 E0.02498
G1 X137.546 Y104.148 E0.04827
G1 X137.574 Y105.203 E0.05327
G1 X137.556 Y105.698 E0.02497
G1 X137.466 Y106.649 E0.04827
G1 X137.285 Y107.685 E0.05309
G1 X137.017 Y108.703 E0.05310
G1 X136.702 Y109.605 E0.04827
G1 X136.511 Y110.062 E0.02497
G1 X136.046 Y111.009 E0.05327
G1 X135.558 Y111.831 E0.04827
G1 X135.281 Y112.241 E0.02497
G1 X134.637 Y113.078 E0.05327
G1 X133.995 Y113.787 E0.04826
G1 X133.643 Y114.134 E0.02498
G1 X132.846 Y114.826 E0.05327
G1 X132.077 Y115.394 E0.04825
G1 X131.621 Y115.690 E0.02749
G1 X130.743 Y116.187 E0.05091
G1 X130.298 Y116.404 E0.02499
G1 X129.416 Y116.773 E0.04827
G1 X128.416 Y117.101 E0.05310
G1 X127.393 Y117.344 E0.05309
G1 X126.448 Y117.491 E0.04827
G1 X125.956 Y117.538 E0.02497
G1 X124.901 Y117.573 E0.05327
G1 X123.946 Y117.530 E0.04827
G1 X123.453 Y117.479 E0.02499
G1 X122.461 Y117.315 E0.05075
G1 X121.441 Y117.059 E0.05311
G1 X120.535 Y116.754 E0.04825
G1 X120.027 Y116.549 E0.02765
G1 X119.574 Y116.343 E0.02514
G1 X118.728 Y115.897 E0.04827
G1 X117.836 Y115.333 E0.05327
G1 X117.435 Y115.043 E0.02497
G1 X116.694 Y114.439 E0.04827
G1 X115.934 Y113.712 E0.05309
G1 X115.238 Y112.923 E0.05310
G1 X114.663 Y112.159 E0.04827
G1 X114.389 Y111.747 E0.02497
G1 X113.861 Y110.833 E0.05327
G1 X113.450 Y109.970 E0.04827
G1 X113.262 Y109.509 E0.02514
G1 X113.077 Y108.993 E0.02765
G1 X112.808 Y108.076 E0.04825
G1 X112.594 Y107.046 E0.05311
G1 X112.470 Y106.048 E0.05075
G1 X112.438 Y105.554 E0.02499
G1 X112.433 Y104.598 E0.04827
G1 X112.510 Y103.545 E0.05327
G1 X112.577 Y103.055 E0.02497
G1 X112.762 Y102.117 E0.04827
G1 X113.045 Y101.104 E0.05310
G1 X113.412 Y100.119 E0.05309
G1 X113.816 Y99.252 E0.04827
G1 X114.051 Y98.816 E0.02499
G1 X114.582 Y97.958 E0.05091
G1 X114.897 Y97.514 E0.02749
G1 X115.494 Y96.768 E0.04825
G1 X116.218 Y96.000 E0.05327
G1 X116.736 Y95.530 E0.03532
G1 X117.374 Y95.663 F10800.000
;WIPE_START
G1 F8640.000
G1 X117.313 Y95.049 E-0.19818
G1 X118.169 Y94.443 E-0.27682
;WIPE_END
G1 E-0.02500 F2400.000
G1 X130.959 Y95.549 F10800.000
G1 E0.50000 F2400.000
;TYPE:Solid infill
;WIDTH:0.665477
G1 F1200.000
G1 X132.868 Y97.458 E0.13978
G1 X133.313 Y97.942 E0.03402
G1 X133.564 Y98.248 E0.02050
G1 X134.084 Y98.967 E0.04591
G1 X134.559 Y99.752 E0.04750
G1 X134.837 Y100.308 E0.03218
G1 X129.697 Y95.167 E0.37632
G1 X129.470 Y95.054 E0.01314
G1 X128.690 Y94.738 E0.04356
G1 X128.239 Y94.590 E0.02456
G1 X135.402 Y101.753 E0.52436
G1 X135.517 Y102.118 E0.01984
G1 X135.704 Y102.936 E0.04341
G1 X127.060 Y94.292 E0.63279
G1 X126.038 Y94.150 E0.05342
G1 X135.847 Y103.959 E0.71811
G1 X135.879 Y104.258 E0.01555
G1 X135.895 Y104.888 E0.03262
G1 X125.104 Y94.097 E0.78999
G1 X124.255 Y94.128 E0.04399
G1 X135.874 Y105.747 E0.85062
G1 X135.790 Y106.543 E0.04143
G1 X123.461 Y94.214 E0.90256
G1 X123.098 Y94.263 E0.01896
G1 X122.714 Y94.348 E0.02035
G1 X135.659 Y107.293 E0.94765
M73 Q3 S19
G1 X135.478 Y107.992 E0.03739
G1 X122.007 Y94.521 E0.98616
M73 P3 R19
G1 X121.336 Y94.730 E0.03640
G1 X135.264 Y108.658 E1.01967
G1 X135.022 Y109.297 E0.03534
G1 X129.814 Y104.089 E0.38124
G1 X129.900 Y104.832 E0.03874
G1 X129.894 Y105.050 E0.01126
G1 X134.735 Y109.891 E0.35438
G1 X134.577 Y110.214 E0.01863
G1 X134.428 Y110.464 E0.01506
G1 X129.825 Y105.861 E0.33696
G1 X129.642 Y106.558 E0.03733
G1 X134.096 Y111.012 E0.32606
G1 X133.727 Y111.523 E0.03264
G1 X129.384 Y107.180 E0.31793
G1 X129.064 Y107.741 E0.03341
G1 X133.343 Y112.020 E0.31325
G1 X132.924 Y112.482 E0.03227
G1 X128.676 Y108.233 E0.31104
G1 X128.574 Y108.362 E0.00849
G1 X128.231 Y108.669 E0.02384
G1 X132.488 Y112.926 E0.31165
G1 X132.017 Y113.335 E0.03231
G1 X127.740 Y109.058 E0.31310
G1 X127.557 Y109.182 E0.01143
G1 X127.182 Y109.381 E0.02198
G1 X131.526 Y113.725 E0.31804
G1 X131.014 Y114.093 E0.03266
G1 X126.561 Y109.640 E0.32604
G1 X126.438 Y109.687 E0.00681
G1 X125.861 Y109.821 E0.03065
G1 X130.466 Y114.425 E0.33711
G1 X129.900 Y114.740 E0.03351
G1 X125.060 Y109.900 E0.35436
G1 X124.329 Y109.857 E0.03792
G1 X124.090 Y109.811 E0.01257
G1 X129.503 Y115.223 E0.39623
;WIPE_START
G1 F8640.000
G1 X128.230 Y113.950 E-0.47500
;WIPE_END
G1 E-0.02500 F2400.000
G1 X126.293 Y100.567 F10800.000
G1 E0.50000 F2400.000
G1 F1200.000
G1 X120.710 Y94.985 E0.40868
G1 X120.105 Y95.260 E0.03442
G1 X124.951 Y100.107 E0.35481
G1 X124.739 Y100.104 E0.01100
G1 X124.139 Y100.175 E0.03126
G1 X119.533 Y95.569 E0.33718
G1 X118.990 Y95.907 E0.03309
G1 X123.447 Y100.363 E0.32625
G1 X122.932 Y100.552 E0.02841
G1 X122.819 Y100.615 E0.00670
G1 X118.475 Y96.272 E0.31800
G1 X117.985 Y96.662 E0.03243
G1 X122.261 Y100.938 E0.31304
G1 X121.931 Y101.176 E0.02105
G1 X121.770 Y101.327 E0.01146
G1 X117.515 Y97.072 E0.31149
G1 X117.398 Y97.182 E0.00831
G1 X117.081 Y97.519 E0.02394
G1 X121.320 Y101.758 E0.31034
G1 X120.944 Y102.262 E0.03257
G1 X116.662 Y97.981 E0.31344
G1 X116.271 Y98.469 E0.03242
G1 X120.613 Y102.812 E0.31792
G1 X120.360 Y103.439 E0.03501
G1 X115.908 Y98.988 E0.32589
G1 X115.572 Y99.531 E0.03311
M73 Q4 S19
G1 X120.179 Y104.139 E0.33731
M73 P4 R19
G1 X120.125 Y104.475 E0.01763
G1 X120.112 Y104.952 E0.02468
G1 X115.262 Y100.102 E0.35503
G1 X114.982 Y100.703 E0.03430
G1 X120.565 Y106.285 E0.40867
;WIPE_START
G1 F8640.000
G1 X119.292 Y105.012 E-0.47500
;WIPE_END
G1 E-0.02500 F2400.000
G1 X114.526 Y101.127 F10800.000
G1 E0.50000 F2400.000
G1 F1200.000
G1 X128.662 Y115.263 E1.03486
M73 P4 R18
G1 X128.000 Y115.481 E0.03611
G1 X114.526 Y102.007 E0.98640
M73 Q4 S18
G1 X114.347 Y102.708 E0.03747
G1 X127.290 Y115.652 E0.94759
G1 X126.544 Y115.786 E0.03926
G1 X114.208 Y103.450 E0.90309
G1 X114.132 Y104.255 E0.04183
G1 X125.752 Y115.874 E0.85065
G1 X124.899 Y115.902 E0.04417
G1 X114.105 Y105.108 E0.79019
G1 X114.107 Y105.496 E0.02008
G1 X114.150 Y106.034 E0.02791
G1 X123.970 Y115.854 E0.71892
G1 X123.676 Y115.823 E0.01534
G1 X122.937 Y115.701 E0.03873
G1 X114.304 Y107.067 E0.63207
G1 X114.429 Y107.670 E0.03187
G1 X114.596 Y108.241 E0.03077
G1 X121.762 Y115.406 E0.52455
G1 X121.115 Y115.188 E0.03532
G1 X120.326 Y114.851 E0.04440
G1 X115.167 Y109.691 E0.37771
G1 X115.340 Y110.055 E0.02084
G1 X115.809 Y110.867 E0.04853
G1 X116.027 Y111.195 E0.02039
G1 X116.533 Y111.868 E0.04358
G1 X117.059 Y112.464 E0.04115
G1 X119.033 Y114.438 E0.14455
; stop printing object C:/Users/orcas/AppData/Local/Temp/Neutron/Body1.stl id:0 copy 0
M106 S84.15
;LAYER_CHANGE
;Z:0.65
;HEIGHT:0.45
;BEFORE_LAYER_CHANGE
G92 E0.0
;0.65


;WIPE_START
G1 F8640.000
G1 X117.760 Y113.166 E-0.47500
;WIPE_END
G1 E-0.02500 F2400.000
G1 Z0.650 F10800.000
;AFTER_LAYER_CHANGE
;0.65
M104 S210 ; set temperature
G1 X114.493 Y117.698
G1 E0.50000 F2400.000
;TYPE:Skirt
;WIDTH:0.65
G1 F3000.000
G1 X113.158 Y116.462 E0.18838
G1 X112.247 Y115.439 E0.14190
G1 X111.149 Y113.932 E0.19298
G1 X110.257 Y112.364 E0.18680
G1 X109.691 Y111.103 E0.14314
G1 X109.249 Y109.849 E0.13762
G1 X108.814 Y108.104 E0.18623
G1 X108.611 Y106.734 E0.14344
G1 X108.519 Y104.938 E0.18615
G1 X108.583 Y103.551 E0.14378
G1 X108.838 Y101.771 E0.18623
G1 X109.287 Y100.028 E0.18630
G1 X109.763 Y98.717 E0.14442
G1 X110.538 Y97.096 E0.18600
G1 X111.257 Y95.902 E0.14434
G1 X112.329 Y94.460 E0.18608
G1 X113.287 Y93.405 E0.14756
G1 X114.589 Y92.223 E0.18204
G1 X115.657 Y91.422 E0.13822
G1 X117.243 Y90.457 E0.19221
G1 X118.535 Y89.840 E0.14832
G1 X120.221 Y89.225 E0.18581
G1 X121.970 Y88.800 E0.18630
G1 X123.381 Y88.597 E0.14764
G1 X125.157 Y88.519 E0.18402
G1 X126.568 Y88.592 E0.14632
G1 X128.346 Y88.861 E0.18617
G1 X129.696 Y89.201 E0.14418
G1 X131.390 Y89.806 E0.18624
G1 X132.649 Y90.400 E0.14410
G1 X134.195 Y91.320 E0.18632
G1 X135.316 Y92.146 E0.14420
G1 X136.656 Y93.346 E0.18622
G1 X137.854 Y94.684 E0.18589
G1 X138.680 Y95.805 E0.14425
G1 X139.600 Y97.350 E0.18617
G1 X140.194 Y98.610 E0.14418
G1 X140.799 Y100.304 E0.18625
G1 X141.139 Y101.653 E0.14410
G1 X141.408 Y103.433 E0.18632
G1 X141.481 Y104.854 E0.14733
G1 X141.403 Y106.620 E0.18310
G1 X141.200 Y108.030 E0.14750
G1 X140.776 Y109.775 E0.18594
G1 X140.160 Y111.465 E0.18617
M73 Q5 S18
G1 X139.543 Y112.757 E0.14830
G1 X138.578 Y114.343 E0.19216
G1 X137.778 Y115.410 E0.13819
G1 X136.592 Y116.716 E0.18261
G1 X135.541 Y117.670 E0.14691
G1 X134.097 Y118.744 E0.18640
G1 X132.902 Y119.463 E0.14435
G1 X131.281 Y120.238 E0.18607
G1 X129.972 Y120.713 E0.14419
M73 P5 R18
G1 X128.230 Y121.162 E0.18628
G1 X126.449 Y121.417 E0.18625
G1 X125.043 Y121.481 E0.14574
G1 X123.262 Y121.389 E0.18468
G1 X121.886 Y121.184 E0.14402
G1 X120.139 Y120.748 E0.18641
G1 X118.794 Y120.267 E0.14791
G1 X117.167 Y119.501 E0.18623
G1 X115.579 Y118.523 E0.19303
G1 X114.565 Y117.752 E0.13190
; printing object C:/Users/orcas/AppData/Local/Temp/Neutron/Body1.stl id:0 copy 0
;WIPE_START
G1 F8640.000
G1 X113.238 Y116.536 E-0.47500
;WIPE_END
G1 E-0.02500 F2400.000
G1 X122.398 Y108.119 F10800.000
G1 E0.50000 F2400.000
M204 S800
;TYPE:Perimeter
;WIDTH:0.68
G1 F1500.000
G1 X121.926 Y107.649 E0.07270
G1 X121.647 Y107.289 E0.04977
G1 X121.301 Y106.680 E0.07645
G1 X121.061 Y105.992 E0.07951
G1 X120.947 Y105.273 E0.07951
G1 X120.963 Y104.544 E0.07951
G1 X121.109 Y103.831 E0.07951
G1 X121.368 Y103.186 E0.07579
G1 X121.581 Y102.811 E0.04715
G1 X122.002 Y102.258 E0.07579
G1 X122.539 Y101.767 E0.07951
G1 X123.156 Y101.379 E0.07951
G1 X123.801 Y101.121 E0.07579
G1 X124.218 Y101.016 E0.04696
G1 X124.881 Y100.939 E0.07285
G1 X125.632 Y100.985 E0.08211
G1 X126.343 Y101.164 E0.08002
G1 X127.006 Y101.466 E0.07951
G1 X127.604 Y101.880 E0.07951
G1 X128.118 Y102.394 E0.07932
G1 X128.499 Y102.941 E0.07270
G1 X128.709 Y103.346 E0.04977
G1 X128.940 Y104.007 E0.07645
G1 X129.054 Y104.726 E0.07951
G1 X129.038 Y105.454 E0.07951
G1 X128.892 Y106.168 E0.07951
G1 X128.633 Y106.812 E0.07579
G1 X128.420 Y107.188 E0.04715
G1 X128.000 Y107.741 E0.07579
G1 X127.462 Y108.232 E0.07951
G1 X126.845 Y108.619 E0.07951
G1 X126.169 Y108.891 E0.07951
G1 X125.489 Y109.030 E0.07579
G1 X125.058 Y109.059 E0.04715
G1 X124.365 Y109.012 E0.07579
G1 X123.659 Y108.834 E0.07951
G1 X122.996 Y108.533 E0.07951
G1 X122.472 Y108.171 E0.06949
M204 S1000
G1 X122.804 Y107.691 F10800.000
M204 S800
G1 F1500.000
G1 X122.364 Y107.262 E0.06704
G1 X122.134 Y106.965 E0.04111
G1 X121.835 Y106.437 E0.06617
G1 X121.629 Y105.849 E0.06804
G1 X121.531 Y105.233 E0.06804
G1 X121.545 Y104.610 E0.06804
G1 X121.670 Y103.999 E0.06804
G1 X121.895 Y103.440 E0.06577
G1 X122.069 Y103.133 E0.03857
G1 X122.434 Y102.653 E0.06577
G1 X122.894 Y102.233 E0.06804
G1 X123.422 Y101.901 E0.06804
G1 X123.981 Y101.677 E0.06577
G1 X124.323 Y101.591 E0.03845
G1 X124.896 Y101.525 E0.06302
G1 X125.542 Y101.564 E0.07057
G1 X126.149 Y101.717 E0.06836
G1 X126.717 Y101.975 E0.06804
G1 X127.229 Y102.330 E0.06804
G1 X127.669 Y102.770 E0.06793
G1 X127.999 Y103.243 E0.06293
G1 X128.172 Y103.578 E0.04111
G1 X128.372 Y104.150 E0.06617
G1 X128.470 Y104.765 E0.06804
G1 X128.456 Y105.389 E0.06804
G1 X128.331 Y105.999 E0.06804
G1 X128.107 Y106.559 E0.06577
G1 X127.932 Y106.866 E0.03857
G1 X127.567 Y107.345 E0.06577
G1 X127.107 Y107.766 E0.06804
G1 X126.579 Y108.098 E0.06804
G1 X126.001 Y108.330 E0.06804
G1 X125.410 Y108.450 E0.06577
G1 X125.058 Y108.474 E0.03857
G1 X124.457 Y108.434 E0.06577
G1 X123.852 Y108.281 E0.06804
G1 X123.285 Y108.024 E0.06804
G1 X122.878 Y107.742 E0.05394
M204 S1000
G1 X122.803 Y106.876 F10800.000
M204 S800
;TYPE:External perimeter
G1 F1500.000
G1 X122.621 Y106.640 E0.03245
G1 X122.368 Y106.195 E0.05589
G1 X122.197 Y105.706 E0.05658
G1 X122.116 Y105.194 E0.05658
G1 X122.127 Y104.676 E0.05658
G1 X122.231 Y104.168 E0.05658
G1 X122.422 Y103.694 E0.05574
G1 X122.557 Y103.455 E0.02998
G1 X122.866 Y103.049 E0.05574
G1 X123.249 Y102.699 E0.05658
G1 X123.688 Y102.423 E0.05658
G1 X124.162 Y102.233 E0.05574
G1 X124.428 Y102.166 E0.02994
G1 X124.912 Y102.110 E0.05320
G1 X125.452 Y102.143 E0.05904
G1 X125.956 Y102.270 E0.05670
G1 X126.428 Y102.485 E0.05658
G1 X126.854 Y102.780 E0.05658
G1 X127.220 Y103.146 E0.05654
G1 X127.498 Y103.546 E0.05316
G1 X127.635 Y103.810 E0.03245
G1 X127.804 Y104.293 E0.05589
G1 X127.885 Y104.805 E0.05658
G1 X127.874 Y105.323 E0.05658
G1 X127.770 Y105.831 E0.05658
G1 X127.580 Y106.305 E0.05574
G1 X127.444 Y106.544 E0.02998
G1 X127.135 Y106.950 E0.05574
G1 X126.752 Y107.300 E0.05658
G1 X126.313 Y107.576 E0.05658
G1 X125.832 Y107.769 E0.05658
G1 X125.332 Y107.871 E0.05574
G1 X125.058 Y107.889 E0.02998
G1 X124.548 Y107.855 E0.05574
G1 X124.046 Y107.728 E0.05658
G1 X123.574 Y107.514 E0.05658
G1 X123.148 Y107.219 E0.05654
G1 X122.867 Y106.939 E0.04334
M204 S1000
G1 X122.512 Y106.937 F10800.000
;WIPE_START
G1 F8640.000
G1 X122.621 Y106.640 E-0.10204
G1 X122.368 Y106.195 E-0.13512
G1 X122.197 Y105.706 E-0.13679
G1 X122.137 Y105.328 E-0.10105
;WIPE_END
G1 E-0.02500 F2400.000
G1 X115.933 Y112.725 F10800.000
G1 E0.50000 F2400.000
M204 S800
;TYPE:Perimeter
G1 F2700.000
G1 X115.662 Y112.399 E0.04632
G1 X115.215 Y111.801 E0.08152
G1 X114.719 Y111.026 E0.10046
G1 X114.394 Y110.431 E0.07401
G1 X114.074 Y109.757 E0.08142
G1 X113.739 Y108.898 E0.10066
G1 X113.534 Y108.243 E0.07485
G1 X113.418 Y107.804 E0.04958
G1 X113.266 Y107.074 E0.08135
G1 X113.166 Y106.404 E0.07395
G1 X113.093 Y105.486 E0.10059
G1 X113.087 Y104.739 E0.08146
G1 X113.120 Y104.062 E0.07404
G1 X113.228 Y103.148 E0.10039
G1 X113.369 Y102.415 E0.08156
G1 X113.533 Y101.756 E0.07414
G1 X113.818 Y100.880 E0.10054
G1 X114.072 Y100.250 E0.07409
G1 X114.389 Y99.575 E0.08150
G1 X114.840 Y98.772 E0.10050
G1 X115.211 Y98.205 E0.07399
G1 X115.655 Y97.605 E0.08140
G1 X116.255 Y96.904 E0.10069
G1 X116.735 Y96.415 E0.07485
G1 X117.068 Y96.106 E0.04955
G1 X117.640 Y95.628 E0.08137
G1 X118.184 Y95.224 E0.07396
G1 X118.959 Y94.727 E0.10056
G1 X119.615 Y94.370 E0.08147
G1 X120.228 Y94.079 E0.07406
G1 X121.084 Y93.744 E0.10036
G1 X121.798 Y93.523 E0.08157
G1 X122.457 Y93.356 E0.07415
G1 X123.363 Y93.195 E0.10054
G1 X124.038 Y93.122 E0.07407
G1 X124.784 Y93.084 E0.08149
G1 X125.704 Y93.103 E0.10053
G1 X126.379 Y93.163 E0.07398
G1 X127.117 Y93.272 E0.08138
G1 X127.562 Y93.361 E0.04952
G1 X128.227 Y93.527 E0.07485
G1 X129.105 Y93.811 E0.10072
G1 X129.796 Y94.091 E0.08139
G1 X130.409 Y94.380 E0.07398
G1 X131.213 Y94.829 E0.10052
G1 X131.837 Y95.240 E0.08149
G1 X132.382 Y95.643 E0.07407
G1 X133.083 Y96.241 E0.10054
G1 X133.567 Y96.718 E0.07415
G1 X134.071 Y97.269 E0.08157
G1 X134.640 Y97.992 E0.10036
G1 X135.022 Y98.552 E0.07405
G1 X135.407 Y99.192 E0.08147
G1 X135.825 Y100.013 E0.10056
G1 X136.090 Y100.637 E0.07396
G1 X136.342 Y101.338 E0.08137
G1 X136.473 Y101.773 E0.04955
G1 X136.639 Y102.438 E0.07485
G1 X136.803 Y103.346 E0.10069
G1 X136.882 Y104.087 E0.08140
G1 X136.916 Y104.765 E0.07400
G1 X136.898 Y105.685 E0.10049
G1 X136.830 Y106.429 E0.08151
G1 X136.732 Y107.100 E0.07409
G1 X136.534 Y108.000 E0.10054
G1 X136.343 Y108.651 E0.07413
G1 X136.094 Y109.356 E0.08155
G1 X135.724 Y110.198 E0.10040
G1 X135.410 Y110.799 E0.07404
G1 X135.028 Y111.440 E0.08145
G1 X134.500 Y112.196 E0.10059
G1 X134.075 Y112.723 E0.07395
G1 X133.575 Y113.276 E0.08135
G1 X133.253 Y113.597 E0.04959
G1 X132.745 Y114.057 E0.07485
G1 X132.022 Y114.629 E0.10065
G1 X131.405 Y115.048 E0.08142
G1 X130.824 Y115.398 E0.07401
G1 X130.004 Y115.816 E0.10046
G1 X129.316 Y116.106 E0.08152
G1 X128.677 Y116.336 E0.07410
G1 X127.790 Y116.586 E0.10054
G1 X127.125 Y116.724 E0.07412
G1 X126.387 Y116.836 E0.08154
G1 X125.470 Y116.908 E0.10043
G1 X124.792 Y116.914 E0.07402
G1 X124.046 Y116.878 E0.08144
G1 X123.131 Y116.769 E0.10063
G1 X122.457 Y116.642 E0.07485
G1 X122.015 Y116.536 E0.04961
G1 X121.300 Y116.327 E0.08133
G1 X120.662 Y116.099 E0.07393
G1 X119.817 Y115.730 E0.10062
G1 X119.156 Y115.384 E0.08144
G1 X118.574 Y115.036 E0.07403
G1 X117.819 Y114.510 E0.10042
G1 X117.239 Y114.040 E0.08154
G1 X116.735 Y113.585 E0.07412
G1 X116.409 Y113.259 E0.05027
G1 X115.991 Y112.794 E0.06823
M204 S1000
G1 X115.543 Y113.168 F10800.000
M204 S800
G1 F2700.000
G1 X115.204 Y112.761 E0.05786
G1 X114.738 Y112.138 E0.08493
G1 X114.214 Y111.318 E0.10623
G1 X113.874 Y110.696 E0.07738
G1 X113.541 Y109.993 E0.08487
G1 X113.187 Y109.086 E0.10634
G1 X112.973 Y108.405 E0.07790
G1 X112.850 Y107.938 E0.05272
G1 X112.691 Y107.177 E0.08483
G1 X112.587 Y106.476 E0.07734
G1 X112.510 Y105.505 E0.10630
G1 X112.504 Y104.728 E0.08489
G1 X112.538 Y104.019 E0.07740
G1 X112.652 Y103.053 E0.10618
G1 X112.799 Y102.289 E0.08495
G1 X112.970 Y101.600 E0.07745
G1 X113.271 Y100.675 E0.10627
G1 X113.537 Y100.017 E0.07742
G1 X113.868 Y99.313 E0.08492
G1 X114.344 Y98.464 E0.10625
G1 X114.732 Y97.871 E0.07737
G1 X115.195 Y97.246 E0.08485
G1 X115.829 Y96.506 E0.10636
G1 X116.328 Y95.996 E0.07789
G1 X116.682 Y95.668 E0.05270
G1 X117.279 Y95.170 E0.08484
G1 X117.847 Y94.747 E0.07735
G1 X118.667 Y94.221 E0.10628
G1 X119.350 Y93.850 E0.08490
G1 X119.991 Y93.546 E0.07741
G1 X120.897 Y93.191 E0.10616
G1 X121.640 Y92.961 E0.08496
G1 X122.328 Y92.787 E0.07746
G1 X123.287 Y92.616 E0.10627
G1 X123.992 Y92.541 E0.07741
G1 X124.769 Y92.500 E0.08491
G1 X125.742 Y92.520 E0.10627
G1 X126.448 Y92.583 E0.07736
G1 X127.217 Y92.697 E0.08484
G1 X127.690 Y92.791 E0.05268
G1 X128.382 Y92.965 E0.07790
G1 X129.310 Y93.265 E0.10638
G1 X130.030 Y93.556 E0.08485
G1 X130.671 Y93.858 E0.07736
G1 X131.521 Y94.333 E0.10626
G1 X132.171 Y94.761 E0.08491
G1 X132.741 Y95.183 E0.07742
G1 X133.482 Y95.815 E0.10627
G1 X133.987 Y96.313 E0.07746
G1 X134.512 Y96.887 E0.08496
G1 X135.114 Y97.651 E0.10617
G1 X135.513 Y98.237 E0.07740
G1 X135.915 Y98.904 E0.08490
G1 X136.356 Y99.772 E0.10629
G1 X136.633 Y100.424 E0.07735
G1 X136.896 Y101.155 E0.08483
G1 X137.035 Y101.618 E0.05270
G1 X137.209 Y102.310 E0.07789
G1 X137.381 Y103.269 E0.10636
G1 X137.464 Y104.042 E0.08486
G1 X137.499 Y104.750 E0.07737
G1 X137.481 Y105.723 E0.10624
G1 X137.410 Y106.498 E0.08492
G1 X137.307 Y107.199 E0.07743
G1 X137.098 Y108.150 E0.10627
G1 X136.898 Y108.831 E0.07745
G1 X136.638 Y109.565 E0.08495
G1 X136.248 Y110.456 E0.10619
G1 X135.919 Y111.084 E0.07740
G1 X135.521 Y111.752 E0.08489
G1 X134.963 Y112.550 E0.10630
G1 X134.519 Y113.102 E0.07734
G1 X133.997 Y113.678 E0.08482
G1 X133.655 Y114.019 E0.05272
G1 X133.127 Y114.499 E0.07789
G1 X132.362 Y115.103 E0.10634
G1 X131.719 Y115.540 E0.08487
G1 X131.112 Y115.905 E0.07738
G1 X130.245 Y116.347 E0.10622
G1 X129.528 Y116.650 E0.08493
G1 X128.860 Y116.890 E0.07743
G1 X127.923 Y117.154 E0.10627
G1 X127.229 Y117.298 E0.07744
G1 X126.459 Y117.415 E0.08494
G1 X125.489 Y117.491 E0.10621
G1 X124.780 Y117.497 E0.07739
G1 X124.004 Y117.461 E0.08488
G1 X123.036 Y117.345 E0.10632
G1 X122.335 Y117.212 E0.07789
G1 X121.865 Y117.100 E0.05274
G1 X121.120 Y116.882 E0.08481
G1 X120.452 Y116.644 E0.07733
G1 X119.560 Y116.254 E0.10632
G1 X118.871 Y115.893 E0.08488
G1 X118.262 Y115.529 E0.07739
G1 X117.464 Y114.973 E0.10620
G1 X116.859 Y114.483 E0.08494
G1 X116.333 Y114.008 E0.07744
G1 X115.601 Y113.237 E0.11599
M204 S1000
G1 X115.153 Y113.611 F10800.000
M204 S800
;TYPE:External perimeter
G1 F2100.000
G1 X114.745 Y113.123 E0.06941
G1 X114.261 Y112.475 E0.08833
G1 X113.709 Y111.610 E0.11199
G1 X113.354 Y110.961 E0.08074
G1 X113.007 Y110.230 E0.08831
G1 X112.634 Y109.274 E0.11203
G1 X112.412 Y108.566 E0.08094
G1 X112.282 Y108.071 E0.05585
G1 X112.117 Y107.280 E0.08830
G1 X112.008 Y106.548 E0.08073
G1 X111.927 Y105.525 E0.11201
G1 X111.920 Y104.716 E0.08832
G1 X111.956 Y103.977 E0.08075
G1 X112.076 Y102.958 E0.11197
G1 X112.229 Y102.163 E0.08834
G1 X112.408 Y101.445 E0.08077
G1 X112.725 Y100.469 E0.11200
G1 X113.002 Y99.784 E0.08076
G1 X113.346 Y99.051 E0.08833
G1 X113.848 Y98.156 E0.11199
G1 X114.253 Y97.537 E0.08074
G1 X114.735 Y96.887 E0.08831
G1 X115.402 Y96.107 E0.11204
G1 X115.921 Y95.578 E0.08094
G1 X116.297 Y95.230 E0.05585
G1 X116.917 Y94.711 E0.08830
G1 X117.511 Y94.270 E0.08074
G1 X118.375 Y93.716 E0.11201
G1 X119.086 Y93.330 E0.08832
G1 X119.754 Y93.012 E0.08076
G1 X120.709 Y92.638 E0.11196
G1 X121.482 Y92.399 E0.08835
G1 X122.200 Y92.218 E0.08077
G1 X123.210 Y92.038 E0.11200
G1 X123.946 Y91.959 E0.08076
G1 X124.754 Y91.917 E0.08833
G1 X125.780 Y91.938 E0.11200
G1 X126.516 Y92.004 E0.08074
G1 X127.317 Y92.122 E0.08831
G1 X127.818 Y92.222 E0.05584
G1 X128.538 Y92.402 E0.08094
G1 X129.514 Y92.718 E0.11204
G1 X130.264 Y93.021 E0.08831
G1 X130.933 Y93.337 E0.08074
G1 X131.829 Y93.838 E0.11200
G1 X132.505 Y94.282 E0.08833
G1 X133.100 Y94.722 E0.08076
G1 X133.880 Y95.389 E0.11200
G1 X134.408 Y95.908 E0.08077
G1 X134.954 Y96.505 E0.08835
G1 X135.588 Y97.311 E0.11197
G1 X136.005 Y97.923 E0.08075
G1 X136.422 Y98.616 E0.08832
G1 X136.887 Y99.530 E0.11201
G1 X137.177 Y100.211 E0.08073
G1 X137.450 Y100.972 E0.08830
G1 X137.598 Y101.462 E0.05585
G1 X137.778 Y102.182 E0.08094
G1 X137.960 Y103.192 E0.11204
G1 X138.046 Y103.996 E0.08831
G1 X138.083 Y104.735 E0.08074
G1 X138.063 Y105.761 E0.11199
G1 X137.989 Y106.567 E0.08833
G1 X137.882 Y107.299 E0.08076
G1 X137.662 Y108.301 E0.11200
G1 X137.453 Y109.011 E0.08077
G1 X137.183 Y109.774 E0.08834
G1 X136.772 Y110.714 E0.11197
G1 X136.429 Y111.369 E0.08075
G1 X136.014 Y112.064 E0.08832
G1 X135.427 Y112.905 E0.11202
G1 X134.963 Y113.481 E0.08073
G1 X134.420 Y114.081 E0.08830
G1 X134.057 Y114.442 E0.05585
G1 X133.508 Y114.940 E0.08094
G1 X132.703 Y115.577 E0.11203
G1 X132.034 Y116.032 E0.08831
G1 X131.400 Y116.413 E0.08075
G1 X130.486 Y116.879 E0.11199
G1 X129.740 Y117.194 E0.08834
G1 X129.044 Y117.444 E0.08076
G1 X128.056 Y117.722 E0.11200
G1 X127.332 Y117.873 E0.08077
G1 X126.532 Y117.994 E0.08834
G1 X125.509 Y118.074 E0.11198
G1 X124.769 Y118.081 E0.08075
G1 X123.961 Y118.043 E0.08832
G1 X122.942 Y117.921 E0.11202
G1 X122.213 Y117.783 E0.08094
G1 X121.715 Y117.664 E0.05586
G1 X120.939 Y117.437 E0.08829
G1 X120.243 Y117.188 E0.08073
G1 X119.302 Y116.778 E0.11202
G1 X118.585 Y116.402 E0.08832
G1 X117.951 Y116.022 E0.08075
G1 X117.109 Y115.436 E0.11198
G1 X116.480 Y114.927 E0.08834
G1 X115.931 Y114.431 E0.08077
G1 X115.211 Y113.680 E0.11353
M204 S1000
G1 X115.342 Y113.042 F10800.000
;WIPE_START
G1 F8640.000
G1 X114.745 Y113.123 E-0.19156
G1 X114.261 Y112.475 E-0.21356
G1 X114.119 Y112.251 E-0.06988
;WIPE_END
G1 E-0.02500 F2400.000
G1 X113.953 Y108.973 F10800.000
G1 E0.50000 F2400.000
;TYPE:Solid infill
;WIDTH:0.685033
G1 F3398.690
G1 X128.768 Y94.158 E2.30668
G1 X128.137 Y93.957 E0.07295
G1 X113.958 Y108.136 E2.20755
G1 X113.795 Y107.467 E0.07579
G1 X127.473 Y93.789 E2.12956
G1 X126.767 Y93.662 E0.07889
G1 X113.663 Y106.767 E2.04035
M73 Q6 S18
G1 X113.569 Y106.029 E0.08193
M73 P6 R18
G1 X126.027 Y93.571 E1.93967
G1 X125.243 Y93.522 E0.08643
G1 X113.529 Y105.236 E1.82389
G1 X113.542 Y104.391 E0.09311
G1 X124.391 Y93.542 E1.68907
G1 X123.478 Y93.622 E0.10083
G1 X113.624 Y103.477 E1.53429
G1 X113.809 Y102.460 E0.11379
G1 X122.462 Y93.806 E1.34735
G1 X121.916 Y93.944 E0.06201
G1 X121.302 Y94.134 E0.07077
G1 X114.134 Y101.302 E1.11603
G1 X114.473 Y100.426 E0.10348
G1 X114.734 Y99.870 E0.06753
G1 X119.872 Y94.732 E0.79994
G1 X119.178 Y95.106 E0.08668
G1 X118.804 Y95.335 E0.04836
G1 X118.436 Y95.582 E0.04875
G1 X117.911 Y95.972 E0.07204
G1 X117.087 Y96.685 E0.11998
G1 X115.142 Y98.630 E0.30288
;WIPE_START
G1 F8640.000
G1 X116.414 Y97.358 E-0.47500
;WIPE_END
G1 E-0.02500 F2400.000
G1 X119.856 Y115.553 F10800.000
G1 E0.50000 F2400.000
G1 F3398.690
G1 X126.047 Y109.362 E0.96392
G1 X125.548 Y109.465 E0.05613
G1 X125.081 Y109.496 E0.05147
G1 X119.505 Y115.073 E0.86825
G1 X118.978 Y114.767 E0.06705
G1 X124.299 Y109.446 E0.82845
G1 X123.634 Y109.279 E0.07550
G1 X118.472 Y114.441 E0.80371
G1 X117.993 Y114.088 E0.06552
G1 X123.045 Y109.036 E0.78655
G1 X122.779 Y108.915 E0.03216
G1 X122.516 Y108.733 E0.03525
G1 X117.533 Y113.715 E0.77574
G1 X117.095 Y113.321 E0.06487
G1 X122.038 Y108.378 E0.76955
G1 X121.621 Y107.963 E0.06479
G1 X116.678 Y112.906 E0.76955
G1 X116.286 Y112.465 E0.06490
G1 X121.259 Y107.492 E0.77428
G1 X120.958 Y106.961 E0.06721
G1 X115.914 Y112.006 E0.78541
G1 X115.559 Y111.529 E0.06548
G1 X120.726 Y106.361 E0.80456
G1 X120.635 Y106.099 E0.03051
G1 X120.569 Y105.686 E0.04610
G1 X115.231 Y111.024 E0.83115
G1 X114.928 Y110.495 E0.06713
G1 X120.517 Y104.905 E0.87028
G1 X120.527 Y104.495 E0.04518
G1 X120.638 Y103.953 E0.06093
G1 X114.647 Y109.944 E0.93270
G1 X114.388 Y109.371 E0.06924
G1 X129.369 Y94.390 E2.33247
G1 X129.946 Y94.645 E0.06946
G1 X123.962 Y100.629 E0.93167
G1 X124.139 Y100.584 E0.02010
G1 X124.920 Y100.503 E0.08640
G1 X130.499 Y94.924 E0.86872
G1 X131.026 Y95.230 E0.06702
G1 X125.703 Y100.552 E0.82869
G1 X126.368 Y100.720 E0.07547
G1 X131.528 Y95.560 E0.80335
G1 X132.009 Y95.911 E0.06557
G1 X126.957 Y100.963 E0.78657
G1 X127.223 Y101.084 E0.03214
G1 X127.486 Y101.266 E0.03526
G1 X132.470 Y96.282 E0.77601
G1 X132.905 Y96.679 E0.06485
G1 X127.963 Y101.621 E0.76932
G1 X128.380 Y102.037 E0.06479
G1 X133.320 Y97.096 E0.76924
G1 X133.718 Y97.531 E0.06485
G1 X128.735 Y102.514 E0.77582
G1 X128.874 Y102.714 E0.02688
G1 X129.043 Y103.038 E0.04020
G1 X134.090 Y97.990 E0.78595
G1 X134.439 Y98.474 E0.06563
G1 X129.275 Y103.638 E0.80403
G1 X129.366 Y103.899 E0.03049
G1 X129.432 Y104.313 E0.04612
G1 X134.767 Y98.978 E0.83070
G1 X135.076 Y99.501 E0.06690
G1 X129.484 Y105.093 E0.87073
G1 X129.475 Y105.503 E0.04515
G1 X129.364 Y106.046 E0.06096
G1 X135.358 Y100.052 E0.93324
G1 X135.612 Y100.630 E0.06952
G1 X120.630 Y115.612 E2.33265
G1 X121.235 Y115.839 E0.07117
G1 X135.839 Y101.234 E2.27388
G1 X136.043 Y101.863 E0.07276
G1 X121.869 Y116.037 E2.20689
G1 X122.529 Y116.209 E0.07514
G1 X136.211 Y102.528 E2.13016
G1 X136.341 Y103.230 E0.07860
G1 X123.230 Y116.341 E2.04142
G1 X123.971 Y116.431 E0.08229
G1 X136.430 Y103.973 E1.93972
M73 Q7 S18
G1 X136.477 Y104.758 E0.08654
G1 X124.761 Y116.474 E1.82424
M73 P7 R18
G1 X125.606 Y116.461 E0.09304
G1 X136.464 Y105.603 E1.69056
G1 X136.374 Y106.526 E0.10200
G1 X126.527 Y116.372 E1.53308
G1 X127.048 Y116.293 E0.05801
G1 X127.541 Y116.191 E0.05539
G1 X136.196 Y107.536 E1.34756
G1 X136.112 Y107.887 E0.03975
G1 X135.860 Y108.704 E0.09414
G1 X128.702 Y115.862 E1.11445
G1 X129.157 Y115.698 E0.05318
G1 X130.126 Y115.270 E0.11667
G1 X135.267 Y110.129 E0.80041
G1 X135.028 Y110.586 E0.05670
G1 X134.658 Y111.206 E0.07956
G1 X134.152 Y111.930 E0.09714
G1 X133.742 Y112.439 E0.07202
G1 X133.293 Y112.936 E0.07374
G1 X131.363 Y114.865 E0.30044
; stop printing object C:/Users/orcas/AppData/Local/Temp/Neutron/Body1.stl id:0 copy 0
M106 S170.85
;LAYER_CHANGE
;Z:1.1
;HEIGHT:0.45
;BEFORE_LAYER_CHANGE
G92 E0.0
;1.1


;WIPE_START
G1 F8640.000
G1 X132.636 Y113.592 E-0.47500
;WIPE_END
G1 E-0.02500 F2400.000
G1 Z1.100 F10800.000
;AFTER_LAYER_CHANGE
;1.1
G1 Z1.500
G1 X135.541 Y117.670
G1 Z1.100
G1 E0.50000 F2400.000
;TYPE:Skirt
;WIDTH:0.65
G1 F3000.000
G1 X134.097 Y118.744 E0.18640
G1 X132.902 Y119.463 E0.14435
G1 X131.281 Y120.238 E0.18607
G1 X129.972 Y120.713 E0.14419
G1 X128.230 Y121.162 E0.18628
G1 X126.449 Y121.417 E0.18625
G1 X125.043 Y121.481 E0.14574
G1 X123.262 Y121.389 E0.18468
G1 X121.886 Y121.184 E0.14402
G1 X120.139 Y120.748 E0.18641
G1 X118.794 Y120.267 E0.14791
G1 X117.167 Y119.501 E0.18623
G1 X115.579 Y118.523 E0.19303
G1 X114.493 Y117.698 E0.14122
G1 X113.158 Y116.462 E0.18838
G1 X112.247 Y115.439 E0.14190
G1 X111.149 Y113.932 E0.19298
G1 X110.257 Y112.364 E0.18680
G1 X109.691 Y111.103 E0.14314
G1 X109.249 Y109.849 E0.13762
G1 X108.814 Y108.104 E0.18623
G1 X108.611 Y106.734 E0.14344
G1 X108.519 Y104.938 E0.18615
G1 X108.583 Y103.551 E0.14378
G1 X108.838 Y101.771 E0.18623
G1 X109.287 Y100.028 E0.18630
G1 X109.763 Y98.717 E0.14442
G1 X110.538 Y97.096 E0.18600
G1 X111.257 Y95.902 E0.14434
G1 X112.329 Y94.460 E0.18608
G1 X113.287 Y93.405 E0.14756
G1 X114.589 Y92.223 E0.18204
G1 X115.657 Y91.422 E0.13822
G1 X117.243 Y90.457 E0.19221
G1 X118.535 Y89.840 E0.14832
G1 X120.221 Y89.225 E0.18581
G1 X121.970 Y88.800 E0.18630
G1 X123.381 Y88.597 E0.14764
G1 X125.157 Y88.519 E0.18402
G1 X126.568 Y88.592 E0.14632
G1 X128.346 Y88.861 E0.18617
G1 X129.696 Y89.201 E0.14418
G1 X131.390 Y89.806 E0.18624
G1 X132.649 Y90.400 E0.14410
G1 X134.195 Y91.320 E0.18632
G1 X135.316 Y92.146 E0.14420
G1 X136.656 Y93.346 E0.18622
G1 X137.854 Y94.684 E0.18589
G1 X138.680 Y95.805 E0.14425
G1 X139.600 Y97.350 E0.18617
G1 X140.194 Y98.610 E0.14418
G1 X140.799 Y100.304 E0.18625
G1 X141.139 Y101.653 E0.14410
G1 X141.408 Y103.433 E0.18632
G1 X141.481 Y104.854 E0.14733
G1 X141.403 Y106.620 E0.18310
G1 X141.200 Y108.030 E0.14750
G1 X140.776 Y109.775 E0.18594
G1 X140.160 Y111.465 E0.18617
G1 X139.543 Y112.757 E0.14830
G1 X138.578 Y114.343 E0.19216
G1 X137.778 Y115.410 E0.13819
G1 X136.592 Y116.716 E0.18261
G1 X135.608 Y117.609 E0.13759
; printing object C:/Users/orcas/AppData/Local/Temp/Neutron/Body1.stl id:0 copy 0
;WIPE_START
G1 F8640.000
G1 X134.169 Y118.690 E-0.47500
;WIPE_END
G1 E-0.02500 F2400.000
G1 Z1.500 F10800.000
G1 X127.462 Y108.232
G1 Z1.100
G1 E0.50000 F2400.000
M204 S800
;TYPE:Perimeter
;WIDTH:0.68
G1 F1500.000
G1 X126.845 Y108.619 E0.07951
G1 X126.176 Y108.888 E0.07870
G1 X125.594 Y109.013 E0.06499
G1 X125.076 Y109.060 E0.05681
G1 X124.365 Y109.012 E0.07774
G1 X123.659 Y108.834 E0.07951
G1 X123.027 Y108.547 E0.07579
G1 X122.667 Y108.321 E0.04635
G1 X122.233 Y107.966 E0.06127
G1 X121.896 Y107.614 E0.05310
G1 X121.644 Y107.284 E0.04539
G1 X121.301 Y106.680 E0.07579
G1 X121.061 Y105.992 E0.07951
G1 X120.947 Y105.273 E0.07951
G1 X120.962 Y104.578 E0.07579
G1 X121.029 Y104.159 E0.04635
G1 X121.185 Y103.620 E0.06127
G1 X121.376 Y103.172 E0.05310
G1 X121.581 Y102.811 E0.04539
G1 X122.002 Y102.258 E0.07579
G1 X122.539 Y101.767 E0.07951
G1 X123.156 Y101.379 E0.07951
G1 X123.801 Y101.121 E0.07579
G1 X124.212 Y101.017 E0.04635
G1 X124.770 Y100.949 E0.06127
G1 X125.256 Y100.948 E0.05310
G1 X125.669 Y100.995 E0.04539
G1 X126.343 Y101.164 E0.07579
G1 X127.006 Y101.466 E0.07951
G1 X127.577 Y101.861 E0.07579
G1 X127.890 Y102.148 E0.04635
G1 X128.254 Y102.575 E0.06127
G1 X128.522 Y102.981 E0.05310
G1 X128.711 Y103.351 E0.04539
G1 X128.940 Y104.007 E0.07579
G1 X129.054 Y104.726 E0.07951
G1 X129.039 Y105.420 E0.07579
G1 X128.972 Y105.840 E0.04635
G1 X128.816 Y106.379 E0.06127
G1 X128.625 Y106.826 E0.05310
G1 X128.420 Y107.188 E0.04539
G1 X128.000 Y107.741 E0.07579
G1 X127.528 Y108.171 E0.06968
M204 S1000
G1 X127.135 Y107.741 F10800.000
M204 S800
G1 F1500.000
G1 X126.579 Y108.098 E0.07207
G1 X126.005 Y108.328 E0.06755
G1 X125.506 Y108.435 E0.05571
G1 X125.069 Y108.475 E0.04791
G1 X124.457 Y108.434 E0.06696
G1 X123.852 Y108.281 E0.06804
G1 X123.304 Y108.032 E0.06577
G1 X123.008 Y107.847 E0.03808
G1 X122.629 Y107.537 E0.05344
G1 X122.340 Y107.235 E0.04563
G1 X122.132 Y106.961 E0.03749
G1 X121.835 Y106.437 E0.06577
G1 X121.629 Y105.849 E0.06804
G1 X121.531 Y105.233 E0.06804
G1 X121.545 Y104.631 E0.06577
G1 X121.599 Y104.286 E0.03808
G1 X121.736 Y103.816 E0.05344
G1 X121.900 Y103.431 E0.04563
G1 X122.069 Y103.133 E0.03749
G1 X122.434 Y102.653 E0.06577
G1 X122.894 Y102.233 E0.06804
G1 X123.422 Y101.901 E0.06804
G1 X123.981 Y101.677 E0.06577
G1 X124.320 Y101.592 E0.03808
G1 X124.805 Y101.532 E0.05344
G1 X125.224 Y101.532 E0.04563
G1 X125.565 Y101.570 E0.03749
G1 X126.149 Y101.717 E0.06577
G1 X126.717 Y101.975 E0.06804
G1 X127.212 Y102.318 E0.06577
G1 X127.469 Y102.554 E0.03808
G1 X127.787 Y102.926 E0.05344
G1 X128.018 Y103.275 E0.04563
G1 X128.173 Y103.581 E0.03749
G1 X128.372 Y104.150 E0.06577
G1 X128.470 Y104.765 E0.06804
G1 X128.456 Y105.368 E0.06577
G1 X128.402 Y105.712 E0.03808
G1 X128.266 Y106.183 E0.05344
G1 X128.102 Y106.567 E0.04563
G1 X127.932 Y106.866 E0.03749
G1 X127.567 Y107.345 E0.06577
G1 X127.201 Y107.680 E0.05413
M204 S1000
G1 X126.752 Y107.300 F10800.000
M204 S800
;TYPE:External perimeter
G1 F1500.000
G1 X126.313 Y107.576 E0.05658
G1 X125.834 Y107.768 E0.05640
G1 X125.418 Y107.857 E0.04644
G1 X125.062 Y107.890 E0.03901
G1 X124.548 Y107.855 E0.05618
G1 X124.046 Y107.728 E0.05658
G1 X123.581 Y107.517 E0.05574
G1 X123.350 Y107.372 E0.02980
G1 X123.026 Y107.107 E0.04560
G1 X122.784 Y106.855 E0.03817
G1 X122.620 Y106.639 E0.02958
G1 X122.368 Y106.195 E0.05574
G1 X122.197 Y105.706 E0.05658
G1 X122.116 Y105.194 E0.05658
G1 X122.127 Y104.683 E0.05574
G1 X122.170 Y104.414 E0.02980
G1 X122.286 Y104.012 E0.04560
G1 X122.423 Y103.691 E0.03817
G1 X122.557 Y103.455 E0.02958
G1 X122.866 Y103.049 E0.05574
G1 X123.249 Y102.699 E0.05658
G1 X123.688 Y102.423 E0.05658
G1 X124.162 Y102.233 E0.05574
G1 X124.427 Y102.166 E0.02980
G1 X124.841 Y102.115 E0.04560
G1 X125.191 Y102.115 E0.03817
G1 X125.460 Y102.145 E0.02958
G1 X125.956 Y102.270 E0.05574
G1 X126.428 Y102.485 E0.05658
G1 X126.847 Y102.775 E0.05574
G1 X127.049 Y102.960 E0.02980
G1 X127.320 Y103.278 E0.04560
G1 X127.513 Y103.569 E0.03817
G1 X127.636 Y103.811 E0.02958
G1 X127.804 Y104.293 E0.05574
G1 X127.885 Y104.805 E0.05658
G1 X127.874 Y105.315 E0.05574
G1 X127.831 Y105.585 E0.02980
G1 X127.715 Y105.986 E0.04560
G1 X127.578 Y106.308 E0.03817
G1 X127.444 Y106.544 E0.02958
G1 X127.135 Y106.950 E0.05574
G1 X126.819 Y107.239 E0.04676
M204 S1000
G1 X126.818 Y107.814 F10800.000
;WIPE_START
G1 F8640.000
G1 X126.313 Y107.576 E-0.16021
G1 X125.834 Y107.768 E-0.13635
G1 X125.418 Y107.857 E-0.11228
G1 X125.168 Y107.880 E-0.06616
;WIPE_END
G1 E-0.02500 F2400.000
G1 Z1.500 F10800.000
G1 X132.351 Y114.935
G1 Z1.100
G1 E0.50000 F2400.000
M204 S800
;TYPE:Perimeter
G1 F2700.000
G1 X131.814 Y115.321 E0.07210
G1 X131.380 Y115.594 E0.05603
G1 X130.586 Y116.033 E0.09902
G1 X129.655 Y116.456 E0.11162
G1 X128.801 Y116.769 E0.09926
G1 X127.905 Y117.021 E0.10157
G1 X127.014 Y117.201 E0.09926
G1 X125.986 Y117.328 E0.11307
G1 X125.538 Y117.355 E0.04897
G1 X124.629 Y117.360 E0.09923
G1 X123.596 Y117.287 E0.11304
G1 X123.151 Y117.228 E0.04904
G1 X122.258 Y117.058 E0.09920
G1 X121.271 Y116.790 E0.11162
G1 X120.415 Y116.485 E0.09921
G1 X120.000 Y116.311 E0.04903
G1 X119.072 Y115.852 E0.11304
G1 X118.290 Y115.388 E0.09924
G1 X117.918 Y115.138 E0.04897
G1 X117.095 Y114.508 E0.11307
G1 X116.417 Y113.903 E0.09927
G1 X116.088 Y113.574 E0.05079
G1 X115.772 Y113.232 E0.05080
G1 X115.193 Y112.531 E0.09926
G1 X114.596 Y111.684 E0.11307
G1 X114.360 Y111.303 E0.04898
G1 X113.927 Y110.503 E0.09923
G1 X113.510 Y109.571 E0.11144
G1 X113.191 Y108.669 E0.10448
G1 X112.952 Y107.790 E0.09940
G1 X112.856 Y107.336 E0.05065
G1 X112.768 Y106.816 E0.05760
G1 X112.668 Y105.914 E0.09900
G1 X112.635 Y104.892 E0.11162
G1 X112.675 Y103.984 E0.09924
G1 X112.720 Y103.538 E0.04896
G1 X112.887 Y102.515 E0.11308
G1 X113.100 Y101.631 E0.09927
G1 X113.235 Y101.186 E0.05078
G1 X113.387 Y100.746 E0.05080
G1 X113.733 Y99.905 E0.09925
G1 X114.191 Y98.991 E0.11162
G1 X114.661 Y98.215 E0.09901
G1 X114.951 Y97.792 E0.05602
G1 X115.556 Y97.015 E0.10744
G1 X115.854 Y96.676 E0.04928
G1 X116.490 Y96.027 E0.09919
G1 X117.260 Y95.355 E0.11162
G1 X117.989 Y94.811 E0.09922
G1 X118.364 Y94.564 E0.04901
G1 X119.261 Y94.046 E0.11305
G1 X120.081 Y93.653 E0.09925
G1 X120.495 Y93.482 E0.04895
G1 X121.475 Y93.146 E0.11308
G1 X122.356 Y92.918 E0.09928
G1 X122.812 Y92.827 E0.05078
G1 X123.272 Y92.753 E0.05081
G1 X124.176 Y92.661 E0.09925
G1 X125.211 Y92.634 E0.11305
G1 X125.660 Y92.649 E0.04900
G1 X126.565 Y92.732 E0.09922
G1 X127.574 Y92.903 E0.11162
G1 X128.455 Y93.124 E0.09919
G1 X128.884 Y93.258 E0.04907
G1 X129.853 Y93.624 E0.11302
G1 X130.676 Y94.011 E0.09922
G1 X131.071 Y94.224 E0.04900
G1 X131.950 Y94.771 E0.11306
G1 X132.684 Y95.308 E0.09925
G1 X133.043 Y95.604 E0.05081
G1 X133.391 Y95.913 E0.05078
G1 X134.035 Y96.555 E0.09927
G1 X134.702 Y97.330 E0.11162
G1 X135.238 Y98.062 E0.09903
G1 X135.761 Y98.903 E0.10815
G1 X136.179 Y99.711 E0.09923
G1 X136.578 Y100.651 E0.11143
G1 X136.879 Y101.559 E0.10449
G1 X137.101 Y102.442 E0.09940
G1 X137.186 Y102.884 E0.04906
G1 X137.319 Y103.911 E0.11303
G1 X137.367 Y104.818 E0.09923
G1 X137.365 Y105.267 E0.04899
G1 X137.298 Y106.301 E0.11306
G1 X137.171 Y107.201 E0.09926
G1 X136.971 Y108.110 E0.10157
G1 X136.708 Y108.981 E0.09927
G1 X136.335 Y109.947 E0.11308
G1 X136.148 Y110.355 E0.04896
G1 X135.724 Y111.159 E0.09924
G1 X135.172 Y112.035 E0.11304
G1 X134.910 Y112.400 E0.04903
G1 X134.339 Y113.107 E0.09921
G1 X133.637 Y113.851 E0.11162
G1 X132.964 Y114.462 E0.09920
G1 X132.424 Y114.883 E0.07474
M204 S1000
G1 X132.764 Y115.356 F10800.000
M204 S800
G1 F2700.000
G1 X132.140 Y115.805 E0.08388
G1 X131.677 Y116.097 E0.05978
G1 X130.848 Y116.555 E0.10333
G1 X129.876 Y116.997 E0.11655
G1 X128.986 Y117.322 E0.10348
G1 X128.037 Y117.590 E0.10764
G1 X127.107 Y117.777 E0.10348
G1 X126.040 Y117.909 E0.11743
G1 X125.558 Y117.939 E0.05271
G1 X124.610 Y117.944 E0.10346
G1 X123.537 Y117.867 E0.11741
G1 X123.058 Y117.804 E0.05275
G1 X122.127 Y117.627 E0.10345
G1 X121.096 Y117.347 E0.11655
G1 X120.203 Y117.029 E0.10345
G1 X119.758 Y116.842 E0.05275
G1 X118.794 Y116.365 E0.11742
G1 X117.978 Y115.881 E0.10346
G1 X117.578 Y115.612 E0.05271
G1 X116.723 Y114.958 E0.11743
G1 X116.016 Y114.327 E0.10348
G1 X115.667 Y113.978 E0.05383
G1 X115.332 Y113.616 E0.05383
G1 X114.729 Y112.885 E0.10348
G1 X114.109 Y112.006 E0.11743
G1 X113.855 Y111.595 E0.05272
G1 X113.403 Y110.762 E0.10346
G1 X112.968 Y109.788 E0.11643
G1 X112.633 Y108.843 E0.10942
G1 X112.385 Y107.927 E0.10357
G1 X112.283 Y107.446 E0.05374
G1 X112.190 Y106.897 E0.06075
G1 X112.085 Y105.956 E0.10332
G1 X112.051 Y104.889 E0.11655
G1 X112.093 Y103.942 E0.10347
G1 X112.141 Y103.461 E0.05271
G1 X112.314 Y102.400 E0.11744
G1 X112.537 Y101.478 E0.10349
G1 X112.680 Y101.006 E0.05382
G1 X112.841 Y100.540 E0.05384
G1 X113.201 Y99.663 E0.10348
G1 X113.680 Y98.709 E0.11655
G1 X114.170 Y97.899 E0.10333
G1 X114.480 Y97.447 E0.05978
G1 X115.106 Y96.643 E0.11124
G1 X115.426 Y96.279 E0.05290
G1 X116.089 Y95.602 E0.10344
G1 X116.894 Y94.900 E0.11655
G1 X117.654 Y94.334 E0.10345
G1 X118.057 Y94.067 E0.05274
G1 X118.988 Y93.529 E0.11742
G1 X119.843 Y93.119 E0.10347
G1 X120.289 Y92.935 E0.05270
G1 X121.307 Y92.587 E0.11744
G1 X122.225 Y92.349 E0.10349
G1 X122.709 Y92.252 E0.05382
G1 X123.196 Y92.175 E0.05384
G1 X124.139 Y92.078 E0.10347
G1 X125.214 Y92.050 E0.11742
G1 X125.697 Y92.067 E0.05273
G1 X126.641 Y92.153 E0.10345
G1 X127.694 Y92.332 E0.11655
G1 X128.613 Y92.562 E0.10344
G1 X129.074 Y92.706 E0.05277
G1 X130.080 Y93.087 E0.11740
G1 X130.938 Y93.489 E0.10346
G1 X131.363 Y93.719 E0.05273
G1 X132.277 Y94.287 E0.11743
G1 X133.042 Y94.847 E0.10347
G1 X133.423 Y95.160 E0.05384
G1 X133.791 Y95.488 E0.05382
G1 X134.462 Y96.158 E0.10349
G1 X135.159 Y96.967 E0.11655
G1 X135.719 Y97.730 E0.10334
G1 X136.022 Y98.197 E0.06077
G1 X136.272 Y98.621 E0.05368
G1 X136.708 Y99.462 E0.10346
G1 X137.124 Y100.445 E0.11643
G1 X137.440 Y101.396 E0.10943
G1 X137.671 Y102.316 E0.10357
G1 X137.762 Y102.791 E0.05276
G1 X137.901 Y103.858 E0.11741
G1 X137.950 Y104.804 E0.10346
M73 Q8 S18
G1 X137.949 Y105.287 E0.05273
G1 X137.879 Y106.361 E0.11743
G1 X137.746 Y107.299 E0.10348
G1 X137.649 Y107.783 E0.05384
G1 X137.534 Y108.263 E0.05383
G1 X137.260 Y109.170 E0.10348
G1 X136.873 Y110.174 E0.11744
G1 X136.672 Y110.613 E0.05271
G1 X136.229 Y111.451 E0.10347
G1 X135.656 Y112.361 E0.11742
G1 X135.374 Y112.754 E0.05275
G1 X134.778 Y113.491 E0.10345
G1 X134.046 Y114.268 E0.11655
G1 X133.344 Y114.905 E0.10344
M73 P8 R18
G1 X132.837 Y115.304 E0.07040
M204 S1000
G1 X133.178 Y115.777 F10800.000
M204 S800
;TYPE:External perimeter
G1 F2100.000
G1 X132.466 Y116.289 E0.09566
G1 X131.974 Y116.599 E0.06354
G1 X131.111 Y117.076 E0.10764
G1 X130.097 Y117.537 E0.12147
G1 X129.171 Y117.876 E0.10770
G1 X128.168 Y118.158 E0.11371
G1 X127.201 Y118.353 E0.10770
G1 X126.093 Y118.490 E0.12180
G1 X125.577 Y118.522 E0.05646
G1 X124.591 Y118.527 E0.10769
G1 X123.478 Y118.448 E0.12179
G1 X122.965 Y118.380 E0.05647
G1 X121.996 Y118.196 E0.10769
G1 X120.922 Y117.904 E0.12147
G1 X119.992 Y117.573 E0.10769
G1 X119.515 Y117.373 E0.05647
G1 X118.515 Y116.878 E0.12179
G1 X117.667 Y116.375 E0.10769
G1 X117.237 Y116.086 E0.05646
G1 X116.351 Y115.408 E0.12180
G1 X115.615 Y114.751 E0.10770
G1 X115.247 Y114.383 E0.05687
G1 X114.893 Y114.001 E0.05687
G1 X114.265 Y113.240 E0.10770
G1 X113.621 Y112.328 E0.12180
G1 X113.350 Y111.888 E0.05646
G1 X112.879 Y111.020 E0.10769
G1 X112.426 Y110.005 E0.12143
G1 X112.076 Y109.017 E0.11437
G1 X111.818 Y108.064 E0.10773
G1 X111.709 Y107.555 E0.05683
G1 X111.612 Y106.978 E0.06390
G1 X111.503 Y105.998 E0.10764
G1 X111.467 Y104.885 E0.12147
G1 X111.511 Y103.900 E0.10769
G1 X111.562 Y103.385 E0.05645
G1 X111.742 Y102.284 E0.12180
G1 X111.974 Y101.325 E0.10770
G1 X112.125 Y100.826 E0.05687
G1 X112.295 Y100.334 E0.05687
G1 X112.670 Y99.421 E0.10770
G1 X113.169 Y98.426 E0.12147
G1 X113.679 Y97.583 E0.10764
G1 X114.008 Y97.102 E0.06354
G1 X114.656 Y96.271 E0.11504
G1 X114.998 Y95.882 E0.05652
G1 X115.689 Y95.178 E0.10768
G1 X116.527 Y94.446 E0.12147
G1 X117.318 Y93.856 E0.10769
G1 X117.750 Y93.571 E0.05647
G1 X118.716 Y93.013 E0.12179
G1 X119.606 Y92.586 E0.10769
G1 X120.084 Y92.389 E0.05645
G1 X121.139 Y92.028 E0.12180
G1 X122.095 Y91.780 E0.10770
G1 X122.605 Y91.678 E0.05686
G1 X123.120 Y91.596 E0.05687
G1 X124.101 Y91.495 E0.10770
G1 X125.217 Y91.466 E0.12179
G1 X125.734 Y91.484 E0.05646
G1 X126.716 Y91.574 E0.10769
G1 X127.813 Y91.760 E0.12147
G1 X128.770 Y92.000 E0.10768
G1 X129.264 Y92.154 E0.05648
G1 X130.308 Y92.549 E0.12179
G1 X131.201 Y92.968 E0.10769
G1 X131.656 Y93.214 E0.05646
G1 X132.604 Y93.803 E0.12179
G1 X133.400 Y94.386 E0.10770
G1 X133.802 Y94.717 E0.05687
G1 X134.191 Y95.063 E0.05686
G1 X134.890 Y95.760 E0.10770
G1 X135.616 Y96.603 E0.12147
G1 X136.199 Y97.399 E0.10765
G1 X136.518 Y97.890 E0.06390
G1 X136.783 Y98.338 E0.05681
G1 X137.236 Y99.214 E0.10769
G1 X137.670 Y100.238 E0.12143
G1 X138.000 Y101.233 E0.11437
G1 X138.241 Y102.190 E0.10773
G1 X138.338 Y102.698 E0.05647
G1 X138.482 Y103.805 E0.12179
G1 X138.534 Y104.790 E0.10769
G1 X138.532 Y105.307 E0.05646
G1 X138.460 Y106.421 E0.12180
G1 X138.321 Y107.398 E0.10770
G1 X138.219 Y107.908 E0.05687
G1 X138.097 Y108.415 E0.05687
G1 X137.813 Y109.360 E0.10770
G1 X137.411 Y110.401 E0.12180
G1 X137.196 Y110.871 E0.05645
G1 X136.735 Y111.743 E0.10769
G1 X136.140 Y112.687 E0.12179
G1 X135.838 Y113.107 E0.05647
G1 X135.218 Y113.875 E0.10769
G1 X134.455 Y114.685 E0.12147
G1 X133.724 Y115.348 E0.10768
G1 X133.251 Y115.725 E0.06606
M204 S1000
G1 X132.624 Y115.546 F10800.000
;WIPE_START
G1 F8640.000
G1 X132.466 Y116.289 E-0.25501
G1 X131.974 Y116.599 E-0.15362
G1 X131.753 Y116.721 E-0.06637
;WIPE_END
G1 E-0.02500 F2400.000
G1 Z1.500 F10800.000
G1 X129.559 Y116.305
G1 Z1.100
G1 E0.50000 F2400.000
;TYPE:Solid infill
;WIDTH:0.692492
G1 F3356.149
G1 X113.901 Y100.647 E2.46883
G1 X113.672 Y101.261 E0.07306
G1 X128.738 Y116.326 E2.37532
G1 X128.090 Y116.521 E0.07543
G1 X113.482 Y101.913 E2.30313
G1 X113.318 Y102.592 E0.07784
G1 X127.402 Y116.676 E2.22062
G1 X126.944 Y116.768 E0.05214
G1 X126.684 Y116.800 E0.02919
G1 X113.199 Y103.316 E2.12611
G1 X113.109 Y104.068 E0.08450
G1 X125.933 Y116.892 E2.02197
G1 X125.118 Y116.920 E0.09094
G1 X113.073 Y104.875 E1.89906
G1 X113.100 Y105.745 E0.09696
G1 X124.250 Y116.895 E1.75799
G1 X123.640 Y116.851 E0.06813
G1 X123.321 Y116.809 E0.03586
G1 X113.193 Y106.680 E1.59696
G1 X113.286 Y107.254 E0.06479
G1 X113.386 Y107.716 E0.05267
G1 X122.280 Y116.611 E1.40247
G1 X121.402 Y116.372 E0.10153
G1 X121.087 Y116.260 E0.03723
G1 X113.742 Y108.915 E1.15810
G1 X113.917 Y109.409 E0.05839
G1 X114.349 Y110.365 E0.11703
G1 X119.618 Y115.634 E0.83068
G1 X119.281 Y115.467 E0.04190
G1 X118.524 Y115.018 E0.09812
G1 X118.173 Y114.782 E0.04715
G1 X117.374 Y114.171 E0.11215
G1 X116.799 Y113.658 E0.08590
G1 X114.771 Y111.630 E0.31973
;WIPE_START
G1 F8640.000
G1 X116.044 Y112.903 E-0.47500
;WIPE_END
G1 E-0.02500 F2400.000
G1 Z1.500 F10800.000
G1 X136.049 Y110.153
G1 Z1.100
G1 E0.50000 F2400.000
G1 F3356.149
G1 X129.136 Y103.240 E1.08996
G1 X129.366 Y103.899 E0.07789
G1 X129.444 Y104.391 E0.05553
G1 X135.569 Y110.516 E0.96564
G1 X135.270 Y111.059 E0.06917
G1 X129.480 Y105.269 E0.91286
G1 X129.476 Y105.460 E0.02120
G1 X129.378 Y106.011 E0.06240
G1 X134.944 Y111.576 E0.87750
G1 X134.602 Y112.078 E0.06763
G1 X129.176 Y106.651 E0.85561
G1 X129.018 Y107.021 E0.04481
G1 X128.904 Y107.222 E0.02580
G1 X134.229 Y112.547 E0.83954
G1 X133.839 Y112.999 E0.06662
G1 X128.563 Y107.723 E0.83188
G1 X128.324 Y108.037 E0.04395
G1 X128.172 Y108.176 E0.02291
G1 X133.430 Y113.433 E0.82894
G1 X132.996 Y113.842 E0.06647
G1 X127.732 Y108.578 E0.82997
G1 X127.215 Y108.904 E0.06812
G1 X132.547 Y114.236 E0.84076
G1 X132.068 Y114.599 E0.06707
G1 X126.641 Y109.173 E0.85562
G1 X126.304 Y109.308 E0.04046
G1 X125.999 Y109.373 E0.03481
G1 X131.577 Y114.952 E0.87955
G1 X131.056 Y115.273 E0.06829
G1 X125.265 Y109.482 E0.91305
G1 X125.081 Y109.499 E0.02063
G1 X124.393 Y109.453 E0.07688
G1 X130.513 Y115.573 E0.96504
G1 X129.942 Y115.845 E0.07051
G1 X123.207 Y109.110 E1.06196
G1 X122.819 Y108.933 E0.04754
G1 X122.411 Y108.677 E0.05369
G1 X121.935 Y108.287 E0.06859
G1 X121.563 Y107.899 E0.05995
G1 X121.278 Y107.525 E0.05242
M73 Q9 S18
G1 X120.901 Y106.861 E0.08510
G1 X120.871 Y106.773 E0.01039
G1 X114.149 Y100.051 E1.05986
G1 X114.430 Y99.490 E0.06999
G1 X120.559 Y105.619 E0.96626
M73 P9 R18
G1 X120.509 Y105.302 E0.03572
G1 X120.521 Y104.738 E0.06287
G1 X114.730 Y98.947 E0.91318
G1 X115.049 Y98.423 E0.06837
G1 X120.621 Y103.995 E0.87858
G1 X120.772 Y103.473 E0.06066
G1 X120.823 Y103.354 E0.01434
G1 X115.398 Y97.930 E0.85531
G1 X115.767 Y97.456 E0.06695
G1 X121.094 Y102.783 E0.83987
G1 X121.215 Y102.569 E0.02739
G1 X121.435 Y102.281 E0.04040
G1 X116.152 Y96.999 E0.83284
G1 X116.568 Y96.572 E0.06644
G1 X121.824 Y101.828 E0.82869
G1 X122.265 Y101.425 E0.06651
G1 X117.001 Y96.162 E0.82990
G1 X117.451 Y95.769 E0.06659
G1 X122.781 Y101.098 E0.84030
G1 X122.957 Y100.988 E0.02319
G1 X123.353 Y100.829 E0.04767
G1 X117.928 Y95.403 E0.85547
G1 X118.419 Y95.052 E0.06735
G1 X123.990 Y100.622 E0.87827
G1 X124.132 Y100.586 E0.01638
G1 X124.724 Y100.513 E0.06648
G1 X118.944 Y94.734 E0.91128
G1 X119.479 Y94.426 E0.06882
G1 X125.600 Y100.547 E0.96499
G1 X125.748 Y100.563 E0.01658
G1 X126.488 Y100.750 E0.08510
G1 X126.777 Y100.881 E0.03544
G1 X120.049 Y94.153 E1.06083
G1 X120.636 Y93.897 E0.07137
G1 X136.094 Y109.356 E2.43739
G1 X136.323 Y108.742 E0.07305
G1 X121.263 Y93.682 E2.37456
M73 P9 R17
G1 X121.601 Y93.566 E0.03987
G1 X121.910 Y93.486 E0.03554
G1 X136.518 Y108.094 E2.30333
G1 X136.682 Y107.415 E0.07791
G1 X122.585 Y93.318 E2.22261
G1 X123.301 Y93.192 E0.08108
G1 X136.801 Y106.691 E2.12850
M73 Q9 S17
G1 X136.863 Y106.256 E0.04901
G1 X136.884 Y105.931 E0.03629
G1 X124.064 Y93.112 E2.02123
G1 X124.875 Y93.080 E0.09049
G1 X136.928 Y105.133 E1.90037
G1 X136.899 Y104.261 E0.09721
G1 X125.734 Y93.096 E1.76053
G1 X126.675 Y93.195 E0.10559
G1 X136.801 Y103.320 E1.59654
G1 X136.754 Y102.953 E0.04127
G1 X136.611 Y102.287 E0.07594
G1 X127.713 Y93.389 E1.40297
G1 X128.337 Y93.546 E0.07174
G1 X128.896 Y93.730 E0.06569
G1 X136.265 Y101.099 E1.16189
G1 X136.168 Y100.805 E0.03454
G1 X135.783 Y99.897 E0.10999
G1 X135.651 Y99.642 E0.03200
G1 X130.350 Y94.341 E0.83573
G1 X130.851 Y94.603 E0.06293
G1 X131.705 Y95.133 E0.11213
G1 X132.415 Y95.654 E0.09814
G1 X132.759 Y95.936 E0.04957
G1 X133.024 Y96.173 E0.03965
G1 X135.244 Y98.393 E0.35004
; stop printing object C:/Users/orcas/AppData/Local/Temp/Neutron/Body1.stl id:0 copy 0
M106 S255
;LAYER_CHANGE
;Z:1.55
;HEIGHT:0.45
;BEFORE_LAYER_CHANGE
G92 E0.0
;1.55


;WIPE_START
G1 F8640.000
G1 X133.972 Y97.120 E-0.47500
;WIPE_END
G1 E-0.02500 F2400.000
G1 Z1.500 F10800.000
G1 Z1.550
;AFTER_LAYER_CHANGE
;1.55
; printing object C:/Users/orcas/AppData/Local/Temp/Neutron/Body1.stl id:0 copy 0
G1 Z1.950
G1 X128.017 Y102.295
G1 Z1.550
G1 E0.50000 F2400.000
M204 S800
;TYPE:Perimeter
;WIDTH:0.68
G1 F1500.000
G1 X128.209 Y102.516 E0.03188
G1 X128.519 Y102.974 E0.06036
G1 X128.711 Y103.351 E0.04626
G1 X128.940 Y104.007 E0.07579
G1 X129.054 Y104.726 E0.07951
G1 X129.038 Y105.454 E0.07951
G1 X128.892 Y106.168 E0.07951
G1 X128.621 Y106.844 E0.07951
G1 X128.251 Y107.432 E0.07579
G1 X127.984 Y107.752 E0.04551
G1 X127.626 Y108.093 E0.05397
G1 X127.182 Y108.423 E0.06036
G1 X126.814 Y108.632 E0.04626
G1 X126.169 Y108.891 E0.07579
G1 X125.456 Y109.037 E0.07951
G1 X124.761 Y109.052 E0.07579
G1 X124.332 Y109.004 E0.04715
G1 X123.659 Y108.834 E0.07579
G1 X122.996 Y108.533 E0.07951
G1 X122.425 Y108.138 E0.07579
G1 X122.117 Y107.856 E0.04551
G1 X121.793 Y107.483 E0.05397
G1 X121.483 Y107.025 E0.06036
G1 X121.290 Y106.647 E0.04626
G1 X121.061 Y105.992 E0.07579
G1 X120.947 Y105.273 E0.07951
G1 X120.963 Y104.544 E0.07951
G1 X121.109 Y103.831 E0.07951
G1 X121.368 Y103.186 E0.07579
G1 X121.581 Y102.811 E0.04715
G1 X122.002 Y102.258 E0.07579
G1 X122.539 Y101.767 E0.07951
G1 X123.156 Y101.379 E0.07951
G1 X123.801 Y101.121 E0.07579
G1 X124.205 Y101.019 E0.04551
G1 X124.695 Y100.954 E0.05397
G1 X125.248 Y100.947 E0.06036
G1 X125.669 Y100.995 E0.04626
G1 X126.343 Y101.164 E0.07579
G1 X127.006 Y101.466 E0.07951
G1 X127.577 Y101.861 E0.07579
G1 X127.958 Y102.227 E0.05772
M204 S1000
;WIPE_START
G1 F8640.000
G1 X128.209 Y102.516 E-0.10083
G1 X128.519 Y102.974 E-0.14594
G1 X128.711 Y103.351 E-0.11185
G1 X128.857 Y103.767 E-0.11639
;WIPE_END
G1 E-0.02500 F2400.000
G1 Z1.950 F10800.000
G1 X126.717 Y101.975
G1 Z1.550
G1 E0.50000 F2400.000
M204 S800
G1 F1500.000
G1 X127.212 Y102.318 E0.06577
G1 X127.466 Y102.550 E0.03756
G1 X127.745 Y102.872 E0.04647
G1 X128.015 Y103.271 E0.05258
G1 X128.173 Y103.581 E0.03802
G1 X128.372 Y104.150 E0.06577
G1 X128.470 Y104.765 E0.06804
G1 X128.456 Y105.389 E0.06804
G1 X128.331 Y105.999 E0.06804
G1 X128.099 Y106.578 E0.06804
G1 X127.778 Y107.088 E0.06577
G1 X127.558 Y107.352 E0.03756
G1 X127.249 Y107.646 E0.04647
G1 X126.863 Y107.933 E0.05258
G1 X126.560 Y108.105 E0.03802
G1 X126.001 Y108.330 E0.06577
G1 X125.390 Y108.455 E0.06804
G1 X124.788 Y108.468 E0.06577
G1 X124.436 Y108.429 E0.03857
G1 X123.852 Y108.281 E0.06577
G1 X123.285 Y108.024 E0.06804
G1 X122.789 Y107.680 E0.06577
G1 X122.535 Y107.448 E0.03756
G1 X122.256 Y107.127 E0.04647
G1 X121.986 Y106.728 E0.05258
G1 X121.828 Y106.418 E0.03802
G1 X121.629 Y105.849 E0.06577
G1 X121.531 Y105.233 E0.06804
G1 X121.545 Y104.610 E0.06804
G1 X121.670 Y103.999 E0.06804
G1 X121.895 Y103.440 E0.06577
G1 X122.069 Y103.133 E0.03857
G1 X122.434 Y102.653 E0.06577
G1 X122.894 Y102.233 E0.06804
G1 X123.422 Y101.901 E0.06804
G1 X123.981 Y101.677 E0.06577
G1 X124.315 Y101.593 E0.03756
G1 X124.737 Y101.537 E0.04647
G1 X125.219 Y101.531 E0.05258
G1 X125.565 Y101.570 E0.03802
G1 X126.149 Y101.717 E0.06577
G1 X126.635 Y101.938 E0.05822
M204 S1000
G1 X126.847 Y102.775 F10800.000
M204 S800
;TYPE:External perimeter
G1 F1500.000
G1 X127.048 Y102.958 E0.02961
G1 X127.282 Y103.228 E0.03898
G1 X127.512 Y103.568 E0.04479
G1 X127.636 Y103.811 E0.02978
G1 X127.804 Y104.293 E0.05574
G1 X127.885 Y104.805 E0.05658
G1 X127.874 Y105.323 E0.05658
G1 X127.770 Y105.831 E0.05658
G1 X127.577 Y106.312 E0.05658
G1 X127.305 Y106.744 E0.05574
G1 X127.131 Y106.953 E0.02961
G1 X126.873 Y107.199 E0.03898
G1 X126.543 Y107.444 E0.04479
G1 X126.306 Y107.578 E0.02978
G1 X125.832 Y107.769 E0.05574
G1 X125.324 Y107.873 E0.05658
G1 X124.814 Y107.884 E0.05574
G1 X124.541 Y107.853 E0.02998
G1 X124.046 Y107.728 E0.05574
G1 X123.574 Y107.514 E0.05658
G1 X123.154 Y107.223 E0.05574
G1 X122.954 Y107.040 E0.02961
G1 X122.719 Y106.771 E0.03898
G1 X122.489 Y106.431 E0.04479
G1 X122.366 Y106.188 E0.02978
G1 X122.197 Y105.706 E0.05574
G1 X122.116 Y105.194 E0.05658
G1 X122.127 Y104.676 E0.05658
G1 X122.231 Y104.168 E0.05658
G1 X122.422 Y103.694 E0.05574
G1 X122.557 Y103.455 E0.02998
G1 X122.866 Y103.049 E0.05574
G1 X123.249 Y102.699 E0.05658
G1 X123.688 Y102.423 E0.05658
G1 X124.162 Y102.233 E0.05574
G1 X124.425 Y102.167 E0.02961
G1 X124.779 Y102.120 E0.03898
G1 X125.189 Y102.115 E0.04479
G1 X125.460 Y102.145 E0.02978
G1 X125.956 Y102.270 E0.05574
G1 X126.428 Y102.485 E0.05658
G1 X126.773 Y102.724 E0.04592
M204 S1000
G1 X127.099 Y102.674 F10800.000
;WIPE_START
G1 F8640.000
G1 X127.048 Y102.958 E-0.09517
G1 X127.282 Y103.228 E-0.09423
G1 X127.512 Y103.568 E-0.10828
G1 X127.636 Y103.811 E-0.07199
G1 X127.768 Y104.188 E-0.10532
;WIPE_END
G1 E-0.02500 F2400.000
G1 Z1.950 F10800.000
M73 Q10 S17
G1 X133.020 Y95.432
G1 Z1.550
M73 P10 R17
G1 E0.50000 F2400.000
M204 S800
;TYPE:Perimeter
G1 F2700.000
G1 X133.487 Y95.832 E0.06715
G1 X134.167 Y96.513 E0.10502
G1 X134.803 Y97.257 E0.10686
G1 X135.371 Y98.033 E0.10496
G1 X135.862 Y98.828 E0.10196
G1 X136.311 Y99.696 E0.10668
G1 X136.691 Y100.595 E0.10659
G1 X136.848 Y101.037 E0.05116
G1 X137.117 Y101.960 E0.10498
G1 X137.315 Y102.903 E0.10512
G1 X137.440 Y103.857 E0.10510
G1 X137.492 Y104.833 E0.10668
G1 X137.468 Y105.782 E0.10360
G1 X137.371 Y106.739 E0.10498
G1 X137.198 Y107.701 E0.10671
G1 X137.092 Y108.141 E0.04939
G1 X136.809 Y109.076 E0.10668
G1 X136.454 Y109.987 E0.10668
G1 X136.260 Y110.411 E0.05088
G1 X136.042 Y110.842 E0.05274
G1 X135.560 Y111.674 E0.10498
G1 X135.006 Y112.480 E0.10671
G1 X134.728 Y112.837 E0.04939
G1 X134.085 Y113.574 E0.10668
G1 X133.398 Y114.248 E0.10510
G1 X132.661 Y114.867 E0.10509
G1 X131.866 Y115.436 E0.10668
G1 X131.484 Y115.678 E0.04932
G1 X130.615 Y116.158 E0.10845
G1 X129.740 Y116.558 E0.10496
G1 X129.318 Y116.722 E0.04941
G1 X128.389 Y117.023 E0.10668
G1 X127.438 Y117.252 E0.10668
G1 X126.501 Y117.401 E0.10360
G1 X125.542 Y117.480 E0.10498
G1 X124.580 Y117.484 E0.10505
G1 X123.604 Y117.413 E0.10686
G1 X122.653 Y117.269 E0.10496
G1 X122.210 Y117.176 E0.04934
G1 X121.252 Y116.915 E0.10845
G1 X120.346 Y116.592 E0.10496
G1 X119.930 Y116.416 E0.04934
G1 X119.039 Y115.977 E0.10845
G1 X118.212 Y115.486 E0.10496
G1 X117.837 Y115.234 E0.04934
G1 X117.047 Y114.631 E0.10845
G1 X116.329 Y113.992 E0.10496
G1 X115.998 Y113.661 E0.05100
G1 X115.681 Y113.319 E0.05098
G1 X115.060 Y112.564 E0.10668
G1 X114.507 Y111.776 E0.10510
G1 X114.008 Y110.935 E0.10668
G1 X113.801 Y110.533 E0.04937
G1 X113.401 Y109.636 E0.10726
G1 X113.076 Y108.725 E0.10556
G1 X112.944 Y108.272 E0.05145
G1 X112.829 Y107.814 E0.05151
G1 X112.649 Y106.866 E0.10534
G1 X112.540 Y105.884 E0.10787
G1 X112.515 Y105.426 E0.05012
G1 X112.520 Y104.463 E0.10504
G1 X112.601 Y103.488 E0.10684
G1 X112.753 Y102.540 E0.10474
G1 X112.852 Y102.090 E0.05030
G1 X113.124 Y101.128 E0.10910
G1 X113.446 Y100.251 E0.10200
G1 X113.630 Y99.826 E0.05058
G1 X114.082 Y98.931 E0.10948
G1 X114.576 Y98.116 E0.10393
G1 X115.137 Y97.333 E0.10519
G1 X115.731 Y96.627 E0.10072
G1 X116.425 Y95.916 E0.10841
G1 X117.173 Y95.264 E0.10831
G1 X117.913 Y94.712 E0.10083
G1 X118.304 Y94.454 E0.05107
G1 X119.172 Y93.951 E0.10954
G1 X120.031 Y93.538 E0.10409
G1 X120.460 Y93.361 E0.05064
G1 X121.403 Y93.037 E0.10885
G1 X122.312 Y92.800 E0.10248
G1 X122.765 Y92.708 E0.05048
G1 X123.749 Y92.570 E0.10840
G1 X124.708 Y92.510 E0.10492
G1 X125.182 Y92.508 E0.05174
G1 X125.655 Y92.524 E0.05164
G1 X126.615 Y92.612 E0.10521
G1 X127.589 Y92.778 E0.10784
G1 X128.034 Y92.881 E0.04988
G1 X128.952 Y93.149 E0.10439
G1 X129.870 Y93.496 E0.10712
G1 X130.749 Y93.908 E0.10601
G1 X131.159 Y94.130 E0.05089
G1 X131.575 Y94.377 E0.05275
G1 X132.384 Y94.922 E0.10657
G1 X132.951 Y95.374 E0.07909
M204 S1000
G1 X133.331 Y94.930 F10800.000
M204 S800
G1 F2700.000
G1 X133.884 Y95.404 E0.07943
G1 X134.596 Y96.116 E0.10996
G1 X135.261 Y96.895 E0.11178
G1 X135.852 Y97.703 E0.10923
G1 X136.373 Y98.545 E0.10808
G1 X136.840 Y99.448 E0.11098
G1 X137.235 Y100.384 E0.11092
G1 X137.403 Y100.857 E0.05485
G1 X137.684 Y101.818 E0.10924
G1 X137.891 Y102.805 E0.11002
G1 X138.022 Y103.804 E0.11001
G1 X138.076 Y104.819 E0.11098
G1 X138.051 Y105.825 E0.10979
G1 X137.949 Y106.820 E0.10924
G1 X137.769 Y107.821 E0.11099
G1 X137.655 Y108.294 E0.05307
G1 X137.360 Y109.267 E0.11098
G1 X136.992 Y110.215 E0.11098
G1 X136.786 Y110.664 E0.05399
G1 X136.555 Y111.121 E0.05582
G1 X136.053 Y111.986 E0.10924
G1 X135.477 Y112.824 E0.11099
G1 X135.179 Y113.208 E0.05307
G1 X134.510 Y113.974 E0.11098
G1 X133.791 Y114.680 E0.11001
G1 X133.019 Y115.328 E0.11001
G1 X132.192 Y115.920 E0.11098
G1 X131.782 Y116.180 E0.05303
G1 X130.878 Y116.680 E0.11276
G1 X129.967 Y117.096 E0.10923
G1 X129.514 Y117.272 E0.05309
G1 X128.547 Y117.585 E0.11098
G1 X127.558 Y117.823 E0.11098
G1 X126.565 Y117.981 E0.10979
G1 X125.568 Y118.063 E0.10924
G1 X124.560 Y118.068 E0.10998
G1 X123.539 Y117.993 E0.11178
G1 X122.549 Y117.844 E0.10923
G1 X122.074 Y117.744 E0.05304
G1 X121.077 Y117.472 E0.11276
G1 X120.134 Y117.136 E0.10923
G1 X119.687 Y116.947 E0.05304
G1 X118.760 Y116.490 E0.11276
G1 X117.900 Y115.980 E0.10923
G1 X117.497 Y115.708 E0.05304
G1 X116.675 Y115.082 E0.11276
G1 X115.928 Y114.416 E0.10923
G1 X115.578 Y114.066 E0.05406
G1 X115.241 Y113.703 E0.05404
G1 X114.595 Y112.918 E0.11098
G1 X114.016 Y112.093 E0.11001
G1 X113.498 Y111.218 E0.11098
G1 X113.275 Y110.786 E0.05306
G1 X112.859 Y109.853 E0.11156
G1 X112.521 Y108.905 E0.10984
G1 X112.381 Y108.425 E0.05453
G1 X112.259 Y107.940 E0.05459
G1 X112.072 Y106.953 E0.10963
G1 X111.958 Y105.932 E0.11219
G1 X111.932 Y105.440 E0.05381
G1 X111.937 Y104.438 E0.10933
G1 X112.021 Y103.418 E0.11175
G1 X112.179 Y102.431 E0.10902
G1 X112.285 Y101.948 E0.05402
G1 X112.568 Y100.948 E0.11341
G1 X112.904 Y100.035 E0.10622
G1 X113.101 Y99.578 E0.05428
G1 X113.572 Y98.648 E0.11383
G1 X114.085 Y97.800 E0.10821
G1 X114.680 Y96.971 E0.11136
G1 X115.298 Y96.235 E0.10492
G1 X116.024 Y95.492 E0.11337
G1 X116.806 Y94.810 E0.11329
G1 X117.578 Y94.235 E0.10503
G1 X117.996 Y93.958 E0.05475
G1 X118.899 Y93.435 E0.11390
G1 X119.794 Y93.005 E0.10837
G1 X120.254 Y92.815 E0.05435
G1 X121.235 Y92.478 E0.11316
G1 X122.180 Y92.231 E0.10670
G1 X122.667 Y92.133 E0.05417
G1 X123.690 Y91.989 E0.11273
G1 X124.688 Y91.927 E0.10921
G1 X125.190 Y91.924 E0.05482
G1 X125.691 Y91.941 E0.05472
G1 X126.690 Y92.033 E0.10949
G1 X127.703 Y92.206 E0.11216
G1 X128.182 Y92.316 E0.05357
G1 X129.137 Y92.595 E0.10866
G1 X130.097 Y92.958 E0.11203
G1 X131.012 Y93.387 E0.11032
G1 X131.447 Y93.622 E0.05399
G1 X131.887 Y93.884 E0.05582
G1 X132.724 Y94.448 E0.11021
G1 X133.262 Y94.872 E0.07479
M204 S1000
G1 X133.642 Y94.429 F10800.000
M204 S800
;TYPE:External perimeter
G1 F2100.000
G1 X134.280 Y94.975 E0.09171
G1 X135.025 Y95.720 E0.11490
G1 X135.719 Y96.532 E0.11671
G1 X136.333 Y97.372 E0.11350
G1 X136.883 Y98.262 E0.11421
G1 X137.368 Y99.200 E0.11528
G1 X137.779 Y100.173 E0.11526
G1 X137.959 Y100.678 E0.05854
G1 X138.250 Y101.676 E0.11350
G1 X138.467 Y102.707 E0.11492
G1 X138.603 Y103.751 E0.11492
G1 X138.659 Y104.805 E0.11528
G1 X138.633 Y105.867 E0.11597
G1 X138.527 Y106.902 E0.11350
G1 X138.340 Y107.941 E0.11528
G1 X138.218 Y108.447 E0.05676
G1 X137.912 Y109.458 E0.11528
G1 X137.529 Y110.442 E0.11528
G1 X137.312 Y110.918 E0.05709
G1 X137.068 Y111.399 E0.05890
G1 X136.547 Y112.299 E0.11350
G1 X135.948 Y113.169 E0.11528
G1 X135.629 Y113.580 E0.05676
G1 X134.935 Y114.375 E0.11528
G1 X134.183 Y115.112 E0.11492
G1 X133.377 Y115.789 E0.11492
G1 X132.518 Y116.404 E0.11528
G1 X132.079 Y116.682 E0.05674
G1 X131.140 Y117.201 E0.11706
G1 X130.195 Y117.633 E0.11350
G1 X129.710 Y117.822 E0.05676
G1 X128.705 Y118.147 E0.11528
G1 X127.678 Y118.394 E0.11528
G1 X126.629 Y118.561 E0.11597
G1 X125.593 Y118.646 E0.11350
G1 X124.540 Y118.651 E0.11491
G1 X123.474 Y118.573 E0.11671
G1 X122.446 Y118.418 E0.11350
G1 X121.937 Y118.311 E0.05674
G1 X120.902 Y118.029 E0.11706
G1 X119.923 Y117.680 E0.11350
G1 X119.444 Y117.478 E0.05674
G1 X118.482 Y117.003 E0.11706
G1 X117.588 Y116.473 E0.11350
G1 X117.156 Y116.182 E0.05674
G1 X116.304 Y115.532 E0.11706
G1 X115.527 Y114.840 E0.11350
G1 X115.157 Y114.470 E0.05712
G1 X114.802 Y114.086 E0.05711
G1 X114.130 Y113.271 E0.11528
G1 X113.526 Y112.410 E0.11492
G1 X112.987 Y111.501 E0.11528
G1 X112.749 Y111.039 E0.05675
G1 X112.317 Y110.069 E0.11586
G1 X111.966 Y109.084 E0.11412
G1 X111.818 Y108.578 E0.05760
G1 X111.689 Y108.066 E0.05766
G1 X111.494 Y107.040 E0.11391
G1 X111.376 Y105.979 E0.11651
G1 X111.348 Y105.453 E0.05751
G1 X111.354 Y104.412 E0.11361
G1 X111.441 Y103.347 E0.11666
G1 X111.606 Y102.322 E0.11330
G1 X111.719 Y101.806 E0.05774
G1 X112.013 Y100.768 E0.11772
G1 X112.362 Y99.818 E0.11044
G1 X112.573 Y99.331 E0.05798
G1 X113.061 Y98.364 E0.11817
G1 X113.595 Y97.483 E0.11249
G1 X114.223 Y96.608 E0.11752
G1 X114.865 Y95.843 E0.10911
G1 X115.623 Y95.067 E0.11832
G1 X116.440 Y94.356 E0.11826
G1 X117.242 Y93.757 E0.10923
G1 X117.688 Y93.462 E0.05844
G1 X118.626 Y92.919 E0.11826
G1 X119.556 Y92.472 E0.11265
G1 X120.048 Y92.269 E0.05807
G1 X121.066 Y91.919 E0.11748
G1 X122.049 Y91.662 E0.11093
G1 X122.569 Y91.558 E0.05786
G1 X123.631 Y91.409 E0.11707
G1 X124.669 Y91.344 E0.11349
G1 X125.199 Y91.341 E0.05789
G1 X125.728 Y91.359 E0.05780
G1 X126.766 Y91.454 E0.11377
G1 X127.818 Y91.633 E0.11648
G1 X128.329 Y91.751 E0.05725
G1 X129.322 Y92.041 E0.11292
G1 X130.325 Y92.420 E0.11695
G1 X131.275 Y92.866 E0.11462
G1 X131.735 Y93.115 E0.05709
G1 X132.199 Y93.391 E0.05890
G1 X133.064 Y93.973 E0.11386
G1 X133.574 Y94.370 E0.07049
M204 S1000
G1 X133.549 Y95.021 F10800.000
;WIPE_START
G1 F8640.000
G1 X134.280 Y94.975 E-0.24547
G1 X134.895 Y95.590 E-0.22953
;WIPE_END
G1 E-0.02500 F2400.000
G1 Z1.950 F10800.000
G1 X133.422 Y96.386
G1 Z1.550
G1 E0.50000 F2400.000
;TYPE:Internal infill
G1 F3428.008
G1 X132.756 Y98.869 E0.28064
G1 X133.157 Y100.325 E0.16480
G1 X135.780 Y99.622 E0.29646
G1 X135.520 Y99.118 E0.06191
G1 X130.876 Y94.474 E0.71689
G1 X130.379 Y94.217 E0.06108
G1 X129.675 Y96.843 E0.29672
G1 X131.131 Y97.244 E0.16480
G1 X133.614 Y96.578 E0.28064
;WIPE_START
G1 F8640.000
G1 X131.875 Y97.044 E-0.47500
;WIPE_END
G1 E-0.02500 F2400.000
G1 Z1.950 F10800.000
G1 X126.012 Y95.862
G1 Z1.550
G1 E0.50000 F2400.000
G1 F3428.008
G1 X124.388 Y95.426 E0.18351
G1 X129.841 Y93.965 E0.61622
G1 X128.813 Y93.564 E0.12045
G1 X127.923 Y93.304 E0.10119
G1 X127.503 Y93.207 E0.04712
G1 X127.046 Y93.129 E0.05056
G1 X126.294 Y95.937 E0.31729
G1 X127.789 Y96.338 E0.16896
G1 X124.418 Y92.967 E0.52035
G1 X123.793 Y93.006 E0.06837
G1 X123.442 Y93.055 E0.03869
G1 X122.821 Y95.374 E0.26202
G1 X122.074 Y95.574 E0.08430
G1 X121.148 Y94.648 E0.14298
G1 X118.899 Y96.897 E0.34727
G1 X120.745 Y96.403 E0.20863
G1 X119.349 Y97.799 E0.21551
G1 X118.673 Y97.123 E0.10431
G1 X118.748 Y97.048 E0.01157
G1 X118.253 Y98.894 E0.20863
G1 X117.080 Y100.068 E0.18115
;WIPE_START
G1 F8640.000
G1 X118.253 Y98.894 E-0.43794
G1 X118.290 Y98.759 E-0.03706
;WIPE_END
G1 E-0.02500 F2400.000
G1 Z1.950 F10800.000
G1 X117.965 Y97.830
G1 Z1.550
G1 E0.50000 F2400.000
G1 F3428.008
G1 X116.198 Y99.598 E0.27288
G1 X116.873 Y100.274 E0.10431
G1 X115.814 Y101.348 E0.16465
G1 X113.948 Y101.848 E0.21087
G1 X113.797 Y101.999 E0.02326
G1 X112.954 Y105.144 E0.35548
G1 X112.970 Y105.734 E0.06439
G1 X115.600 Y105.029 E0.29722
G1 X115.219 Y103.570 E0.16460
G1 X113.646 Y101.997 E0.24283
G1 X113.571 Y101.949 E0.00976
G1 X113.328 Y102.014 E0.02744
G1 X113.183 Y102.622 E0.06822
G1 X113.146 Y102.851 E0.02530
;WIPE_START
G1 F8640.000
G1 X113.183 Y102.622 E-0.06117
G1 X113.328 Y102.014 E-0.16494
G1 X113.571 Y101.949 E-0.06634
G1 X113.646 Y101.997 E-0.02360
G1 X114.072 Y102.423 E-0.15896
;WIPE_END
G1 E-0.02500 F2400.000
G1 Z1.950 F10800.000
G1 X113.431 Y101.479
G1 Z1.550
G1 E0.50000 F2400.000
;TYPE:Solid infill
;WIDTH:0.76503
G1 F2991.956
G1 X121.285 Y93.626 E1.38892
G1 X121.240 Y93.556 E0.01041
G1 X120.615 Y93.771 E0.08272
G1 X119.859 Y94.106 E0.10338
G1 X114.100 Y99.865 E1.01858
G1 X114.465 Y99.143 E0.10117
G1 X114.943 Y98.354 E0.11540
G1 X115.480 Y97.605 E0.11522
G1 X115.823 Y97.196 E0.06675
G1 X118.447 Y94.573 E0.46398
;WIPE_START
G1 F8640.000
G1 X117.174 Y95.846 E-0.47500
;WIPE_END
G1 E-0.02500 F2400.000
G1 Z1.950 F10800.000
G1 X122.066 Y95.908
G1 Z1.550
G1 E0.50000 F2400.000
;WIDTH:0.682996
G1 F3410.496
G1 X116.298 Y101.677 E0.89501
M73 Q11 S17
G1 X115.977 Y102.827 E0.13097
G1 X122.828 Y95.976 E1.06292
M73 P11 R17
G1 X123.480 Y95.801 E0.07409
G1 X123.769 Y95.865 E0.03241
G1 X115.866 Y103.767 E1.22619
G1 X116.041 Y104.422 E0.07429
G1 X124.423 Y96.040 E1.30048
G1 X125.077 Y96.215 E0.07429
G1 X116.216 Y105.076 E1.37477
G1 X116.392 Y105.730 E0.07429
G1 X125.731 Y96.390 E1.44907
G1 X126.385 Y96.566 E0.07429
G1 X116.353 Y106.598 E1.55662
;WIPE_START
G1 F8640.000
G1 X117.625 Y105.325 E-0.47500
;WIPE_END
G1 E-0.02500 F2400.000
G1 Z1.950 F10800.000
G1 X116.582 Y108.692
G1 Z1.550
G1 E0.50000 F2400.000
;TYPE:Internal infill
;WIDTH:0.68
G1 F3428.008
G1 X117.017 Y110.319 E0.18382
G1 X113.030 Y106.331 E0.61557
G1 X113.082 Y106.801 E0.05160
G1 X113.257 Y107.720 E0.10213
G1 X113.493 Y108.590 E0.09833
G1 X113.697 Y109.163 E0.06646
G1 X116.506 Y108.411 E0.31741
G1 X116.105 Y106.913 E0.16926
G1 X114.868 Y111.528 E0.52152
G1 X115.428 Y112.323 E0.10621
G1 X117.755 Y111.700 E0.26292
G1 X118.300 Y112.245 E0.08413
G1 X117.679 Y114.563 E0.26195
G1 X118.092 Y114.878 E0.05668
G1 X118.472 Y115.132 E0.04992
G1 X123.087 Y113.895 E0.52152
G1 X121.589 Y113.494 E0.16926
G1 X120.837 Y116.303 E0.31741
G1 X121.383 Y116.497 E0.06329
G1 X122.313 Y116.751 E0.10522
G1 X122.731 Y116.839 E0.04657
G1 X123.678 Y116.979 E0.10453
G1 X119.681 Y112.983 E0.61696
G1 X121.308 Y113.418 E0.18382
;WIPE_START
G1 F8640.000
G1 X119.681 Y112.983 E-0.44439
G1 X119.763 Y113.065 E-0.03061
;WIPE_END
G1 E-0.02500 F2400.000
G1 Z1.950 F10800.000
G1 X127.987 Y116.670
G1 Z1.550
G1 E0.50000 F2400.000
G1 F3428.008
G1 X128.652 Y114.186 E0.28069
G1 X129.726 Y113.127 E0.16465
G1 X131.651 Y115.052 E0.29721
G1 X131.162 Y115.356 E0.06283
G1 X124.856 Y117.045 E0.71261
G1 X124.268 Y117.023 E0.06427
G1 X124.971 Y114.400 E0.29637
G1 X126.430 Y114.781 E0.16460
G1 X128.254 Y116.605 E0.28165
;WIPE_START
G1 F8640.000
G1 X126.982 Y115.333 E-0.47500
;WIPE_END
G1 E-0.02500 F2400.000
G1 Z1.950 F10800.000
G1 X127.935 Y114.090
G1 Z1.550
G1 E0.50000 F2400.000
;TYPE:Solid infill
;WIDTH:0.682996
G1 F3410.496
G1 X133.703 Y108.322 E0.89506
G1 X134.024 Y107.172 E0.13096
G1 X127.173 Y114.023 E1.06295
G1 X126.521 Y114.197 E0.07408
G1 X126.232 Y114.134 E0.03241
G1 X134.135 Y106.231 E1.22620
G1 X133.960 Y105.577 E0.07429
G1 X125.578 Y113.959 E1.30049
G1 X124.924 Y113.784 E0.07429
G1 X133.785 Y104.923 E1.37478
G1 X133.610 Y104.269 E0.07429
G1 X124.270 Y113.608 E1.44908
G1 X123.616 Y113.433 E0.07429
G1 X133.434 Y103.615 E1.52337
G1 X133.259 Y102.961 E0.07429
G1 X122.962 Y113.258 E1.59766
G1 X122.308 Y113.083 E0.07429
G1 X126.023 Y109.367 E0.57648
G1 X125.505 Y109.473 E0.05809
G1 X125.078 Y109.483 E0.04679
G1 X121.654 Y112.907 E0.53132
G1 X121.000 Y112.732 E0.07429
G1 X124.292 Y109.440 E0.51082
G1 X123.625 Y109.277 E0.07529
G1 X120.346 Y112.557 E0.50886
G1 X119.692 Y112.382 E0.07429
G1 X123.040 Y109.034 E0.51945
G1 X122.779 Y108.915 E0.03144
G1 X122.513 Y108.731 E0.03548
G1 X119.062 Y112.182 E0.53544
G1 X118.647 Y111.767 E0.06434
G1 X122.038 Y108.377 E0.52607
G1 X121.803 Y108.162 E0.03487
G1 X121.626 Y107.959 E0.02957
G1 X118.233 Y111.353 E0.52657
G1 X117.818 Y110.938 E0.06434
G1 X121.268 Y107.488 E0.53525
G1 X121.105 Y107.248 E0.03183
G1 X120.961 Y106.965 E0.03478
G1 X117.618 Y110.308 E0.51864
G1 X117.443 Y109.654 E0.07429
G1 X120.729 Y106.368 E0.50981
G1 X120.635 Y106.099 E0.03126
G1 X120.571 Y105.697 E0.04472
G1 X117.268 Y109.000 E0.51251
G1 X117.093 Y108.346 E0.07429
G1 X120.517 Y104.922 E0.53133
G1 X120.527 Y104.495 E0.04678
G1 X120.633 Y103.976 E0.05811
G1 X116.917 Y107.692 E0.57649
G1 X116.742 Y107.038 E0.07429
G1 X127.039 Y96.741 E1.59765
G1 X127.693 Y96.916 E0.07429
G1 X123.987 Y100.623 E0.57509
G1 X124.122 Y100.588 E0.01535
G1 X124.664 Y100.517 E0.05990
G1 X124.925 Y100.513 E0.02870
G1 X128.347 Y97.091 E0.53096
G1 X129.001 Y97.267 E0.07429
G1 X125.709 Y100.559 E0.51082
G1 X126.376 Y100.722 E0.07529
G1 X129.655 Y97.442 E0.50886
G1 X130.309 Y97.617 E0.07429
G1 X126.962 Y100.965 E0.51944
G1 X127.223 Y101.084 E0.03144
G1 X127.488 Y101.268 E0.03547
G1 X130.939 Y97.817 E0.53545
G1 X131.354 Y98.231 E0.06434
G1 X127.963 Y101.622 E0.52607
G1 X128.198 Y101.836 E0.03488
G1 X128.375 Y102.040 E0.02956
G1 X131.769 Y98.646 E0.52657
G1 X132.183 Y99.061 E0.06434
G1 X128.734 Y102.510 E0.53525
G1 X128.896 Y102.751 E0.03184
G1 X129.040 Y103.033 E0.03478
G1 X132.383 Y99.690 E0.51864
G1 X132.558 Y100.345 E0.07429
G1 X129.272 Y103.630 E0.50981
G1 X129.366 Y103.899 E0.03127
G1 X129.430 Y104.302 E0.04471
G1 X132.733 Y100.999 E0.51251
M73 Q12 S17
G1 X132.909 Y101.653 E0.07429
G1 X129.484 Y105.077 E0.53132
G1 X129.475 Y105.503 E0.04679
G1 X129.368 Y106.022 E0.05809
M73 P12 R17
G1 X133.298 Y102.092 E0.60974
;WIPE_START
G1 F8640.000
G1 X132.025 Y103.365 E-0.47500
;WIPE_END
G1 E-0.02500 F2400.000
G1 Z1.950 F10800.000
G1 X134.138 Y103.988
G1 Z1.550
G1 E0.50000 F2400.000
;TYPE:Internal infill
;WIDTH:0.68
G1 F3428.008
G1 X134.574 Y105.612 E0.18351
G1 X136.034 Y100.163 E0.61573
G1 X136.283 Y100.754 E0.06997
G1 X136.431 Y101.171 E0.04839
G1 X136.693 Y102.067 E0.10179
G1 X136.879 Y102.952 E0.09873
G1 X134.063 Y103.706 E0.31819
G1 X133.662 Y102.211 E0.16896
G1 X137.039 Y105.588 E0.52126
G1 X136.950 Y106.557 E0.10621
G1 X134.626 Y107.179 E0.26259
G1 X134.426 Y107.926 E0.08430
G1 X136.126 Y109.625 E0.26236
G1 X135.866 Y110.221 E0.07099
G1 X135.720 Y110.510 E0.03536
G1 X131.106 Y111.747 E0.52140
G1 X132.201 Y110.651 E0.16911
G1 X134.259 Y112.709 E0.31769
G1 X133.767 Y113.273 E0.08169
G1 X133.104 Y113.924 E0.10141
G1 X132.392 Y114.521 E0.10141
G1 X132.137 Y114.704 E0.03424
G1 X133.597 Y109.255 E0.61571
G1 X132.408 Y110.445 E0.18366
; stop printing object C:/Users/orcas/AppData/Local/Temp/Neutron/Body1.stl id:0 copy 0
;LAYER_CHANGE
;Z:2
;HEIGHT:0.45
;BEFORE_LAYER_CHANGE
G92 E0.0
;2


;WIPE_START
G1 F8640.000
G1 X133.597 Y109.255 E-0.44403
G1 X133.567 Y109.369 E-0.03097
;WIPE_END
G1 E-0.02500 F2400.000
G1 Z1.950 F10800.000
G1 Z2.000
;AFTER_LAYER_CHANGE
;2
; printing object C:/Users/orcas/AppData/Local/Temp/Neutron/Body1.stl id:0 copy 0
G1 Z2.400
G1 X128.621 Y106.844
G1 Z2.000
G1 E0.50000 F2400.000
M204 S800
;TYPE:Perimeter
G1 F1500.000
G1 X128.233 Y107.461 E0.07951
G1 X127.765 Y107.973 E0.07579
G1 X127.433 Y108.250 E0.04715
G1 X126.845 Y108.619 E0.07579
G1 X126.169 Y108.891 E0.07951
G1 X125.449 Y109.038 E0.08018
G1 X124.690 Y109.049 E0.08296
G1 X124.039 Y108.944 E0.07190
G1 X123.628 Y108.820 E0.04690
G1 X122.996 Y108.533 E0.07579
G1 X122.397 Y108.118 E0.07951
G1 X121.877 Y107.599 E0.08018
G1 X121.450 Y106.971 E0.08296
G1 X121.179 Y106.370 E0.07190
G1 X121.056 Y105.958 E0.04690
G1 X120.947 Y105.273 E0.07579
G1 X120.963 Y104.538 E0.08018
G1 X121.122 Y103.795 E0.08296
G1 X121.369 Y103.184 E0.07190
G1 X121.581 Y102.811 E0.04690
G1 X122.002 Y102.258 E0.07579
G1 X122.539 Y101.767 E0.07951
G1 X123.156 Y101.379 E0.07951
G1 X123.838 Y101.106 E0.08018
G1 X124.584 Y100.959 E0.08296
G1 X125.242 Y100.947 E0.07190
G1 X125.669 Y100.995 E0.04690
G1 X126.343 Y101.164 E0.07579
G1 X127.006 Y101.466 E0.07951
G1 X127.604 Y101.880 E0.07951
G1 X128.124 Y102.400 E0.08018
G1 X128.552 Y103.028 E0.08296
G1 X128.822 Y103.629 E0.07190
G1 X128.946 Y104.040 E0.04690
G1 X129.054 Y104.726 E0.07579
G1 X129.038 Y105.454 E0.07951
G1 X128.892 Y106.168 E0.07951
G1 X128.654 Y106.760 E0.06968
M204 S1000
G1 X128.113 Y106.543 F10800.000
M204 S800
G1 F1500.000
G1 X127.767 Y107.106 E0.07207
G1 X127.361 Y107.551 E0.06577
G1 X127.089 Y107.777 E0.03857
G1 X126.579 Y108.098 E0.06577
G1 X126.001 Y108.330 E0.06804
G1 X125.386 Y108.455 E0.06846
G1 X124.732 Y108.465 E0.07139
G1 X124.170 Y108.374 E0.06214
G1 X123.833 Y108.273 E0.03841
G1 X123.285 Y108.024 E0.06577
G1 X122.772 Y107.669 E0.06804
G1 X122.329 Y107.225 E0.06846
G1 X121.961 Y106.684 E0.07139
G1 X121.727 Y106.165 E0.06214
G1 X121.626 Y105.828 E0.03841
G1 X121.531 Y105.233 E0.06577
G1 X121.545 Y104.606 E0.06846
G1 X121.682 Y103.967 E0.07139
G1 X121.895 Y103.439 E0.06214
G1 X122.069 Y103.133 E0.03841
G1 X122.434 Y102.653 E0.06577
G1 X122.894 Y102.233 E0.06804
G1 X123.422 Y101.901 E0.06804
G1 X124.004 Y101.668 E0.06846
G1 X124.646 Y101.542 E0.07139
G1 X125.215 Y101.531 E0.06214
G1 X125.565 Y101.570 E0.03841
G1 X126.149 Y101.717 E0.06577
G1 X126.717 Y101.975 E0.06804
G1 X127.229 Y102.330 E0.06804
G1 X127.673 Y102.774 E0.06846
G1 X128.041 Y103.314 E0.07139
G1 X128.274 Y103.833 E0.06214
G1 X128.376 Y104.170 E0.03841
G1 X128.470 Y104.765 E0.06577
G1 X128.456 Y105.389 E0.06804
G1 X128.331 Y105.999 E0.06804
G1 X128.146 Y106.460 E0.05413
M204 S1000
;WIPE_START
G1 F8640.000
G1 X127.767 Y107.106 E-0.19770
G1 X127.361 Y107.551 E-0.15900
G1 X127.089 Y107.777 E-0.09324
G1 X127.009 Y107.827 E-0.02506
;WIPE_END
G1 E-0.02500 F2400.000
G1 Z2.400 F10800.000
G1 X126.957 Y107.128
G1 Z2.000
G1 E0.50000 F2400.000
M204 S800
;TYPE:External perimeter
G1 F1500.000
G1 X126.746 Y107.304 E0.02998
G1 X126.313 Y107.576 E0.05574
G1 X125.832 Y107.769 E0.05658
G1 X125.323 Y107.873 E0.05673
G1 X124.775 Y107.881 E0.05983
G1 X124.301 Y107.804 E0.05237
G1 X124.039 Y107.725 E0.02992
G1 X123.574 Y107.514 E0.05574
G1 X123.148 Y107.219 E0.05658
G1 X122.780 Y106.851 E0.05673
G1 X122.472 Y106.398 E0.05983
G1 X122.275 Y105.961 E0.05237
G1 X122.196 Y105.698 E0.02992
G1 X122.116 Y105.194 E0.05574
G1 X122.127 Y104.674 E0.05673
G1 X122.242 Y104.138 E0.05983
G1 X122.422 Y103.693 E0.05237
G1 X122.557 Y103.455 E0.02992
G1 X122.866 Y103.049 E0.05574
G1 X123.249 Y102.699 E0.05658
G1 X123.688 Y102.423 E0.05658
G1 X124.170 Y102.230 E0.05673
G1 X124.708 Y102.124 E0.05983
G1 X125.188 Y102.115 E0.05237
G1 X125.460 Y102.145 E0.02992
G1 X125.956 Y102.270 E0.05574
G1 X126.428 Y102.485 E0.05658
G1 X126.854 Y102.780 E0.05658
G1 X127.221 Y103.147 E0.05673
G1 X127.530 Y103.600 E0.05983
G1 X127.727 Y104.038 E0.05237
G1 X127.806 Y104.300 E0.02992
G1 X127.885 Y104.805 E0.05574
G1 X127.874 Y105.323 E0.05658
G1 X127.770 Y105.831 E0.05658
G1 X127.577 Y106.312 E0.05658
G1 X127.301 Y106.751 E0.05658
G1 X127.017 Y107.061 E0.04592
M204 S1000
G1 X127.024 Y107.394 F10800.000
;WIPE_START
G1 F8640.000
G1 X126.746 Y107.304 E-0.09607
G1 X126.313 Y107.576 E-0.13476
G1 X125.832 Y107.769 E-0.13679
G1 X125.434 Y107.850 E-0.10738
;WIPE_END
G1 E-0.02500 F2400.000
G1 Z2.400 F10800.000
G1 X114.259 Y100.021
G1 Z2.000
G1 E0.50000 F2400.000
M204 S800
;TYPE:Perimeter
G1 F2700.000
G1 X120.023 Y94.258 E0.88964
G1 X119.605 Y93.742 E0.07245
G1 X120.020 Y93.543 E0.05033
G1 X120.464 Y93.360 E0.05237
G1 X121.434 Y93.028 E0.11186
G1 X122.290 Y92.805 E0.09665
G1 X122.757 Y92.710 E0.05200
G1 X123.762 Y92.569 E0.11078
G1 X124.699 Y92.511 E0.10249
G1 X125.664 Y92.525 E0.10534
G1 X126.606 Y92.611 E0.10317
G1 X127.594 Y92.779 E0.10945
G1 X128.045 Y92.884 E0.05057
G1 X128.935 Y93.144 E0.10121
G1 X129.878 Y93.499 E0.10991
G1 X130.749 Y93.908 E0.10507
G1 X131.562 Y94.368 E0.10196
G1 X132.385 Y94.922 E0.10827
G1 X132.745 Y95.196 E0.04939
G1 X133.487 Y95.832 E0.10668
G1 X134.167 Y96.512 E0.10493
G1 X134.817 Y97.274 E0.10931
G1 X135.371 Y98.033 E0.10257
G1 X135.862 Y98.828 E0.10199
G1 X136.311 Y99.696 E0.10668
G1 X136.691 Y100.594 E0.10647
G1 X136.854 Y101.057 E0.05361
G1 X137.117 Y101.960 E0.10262
G1 X137.315 Y102.903 E0.10515
G1 X137.440 Y103.857 E0.10510
G1 X137.492 Y104.833 E0.10668
G1 X137.490 Y105.284 E0.04922
G1 X137.424 Y106.298 E0.11089
G1 X137.293 Y107.229 E0.10257
G1 X137.204 Y107.673 E0.04945
G1 X136.953 Y108.632 E0.10827
G1 X136.814 Y109.063 E0.04939
G1 X136.454 Y109.987 E0.10827
G1 X136.266 Y110.399 E0.04939
G1 X135.809 Y111.263 E0.10668
G1 X135.294 Y112.077 E0.10510
G1 X134.710 Y112.860 E0.10668
G1 X134.420 Y113.205 E0.04922
G1 X133.721 Y113.943 E0.11089
G1 X133.025 Y114.574 E0.10257
G1 X132.673 Y114.859 E0.04945
G1 X131.866 Y115.436 E0.10827
G1 X131.485 Y115.677 E0.04922
G1 X130.595 Y116.168 E0.11089
G1 X129.741 Y116.558 E0.10257
G1 X129.318 Y116.722 E0.04945
G1 X128.389 Y117.023 E0.10668
G1 X127.438 Y117.252 E0.10668
G1 X126.979 Y117.335 E0.05097
G1 X126.516 Y117.400 E0.05097
G1 X125.542 Y117.480 E0.10668
G1 X124.581 Y117.484 E0.10493
G1 X123.582 Y117.410 E0.10931
G1 X122.653 Y117.269 E0.10257
G1 X122.210 Y117.176 E0.04945
G1 X121.267 Y116.920 E0.10668
G1 X120.346 Y116.592 E0.10668
G1 X119.930 Y116.417 E0.04922
G1 X119.020 Y115.966 E0.11089
G1 X118.212 Y115.486 E0.10257
G1 X117.837 Y115.234 E0.04928
G1 X117.030 Y114.617 E0.11090
G1 X116.329 Y113.992 E0.10257
G1 X115.681 Y113.319 E0.10199
G1 X115.060 Y112.564 E0.10668
G1 X114.507 Y111.776 E0.10510
G1 X114.008 Y110.935 E0.10668
G1 X113.801 Y110.534 E0.04934
G1 X113.398 Y109.629 E0.10807
G1 X113.079 Y108.731 E0.10402
G1 X112.828 Y107.809 E0.10435
G1 X112.651 Y106.877 E0.10348
G1 X112.539 Y105.880 E0.10951
G1 X112.515 Y105.413 E0.05113
G1 X112.520 Y104.471 E0.10278
G1 X112.603 Y103.473 E0.10926
G1 X112.751 Y102.550 E0.10206
G1 X112.852 Y102.089 E0.05158
G1 X113.134 Y101.098 E0.11245
G1 X113.436 Y100.276 E0.09550
G1 X113.743 Y99.603 E0.08080
G1 X114.190 Y99.965 E0.06269
M204 S1000
G1 X114.219 Y99.237 F10800.000
M204 S800
G1 F2700.000
G1 X119.239 Y94.217 E0.77492
G1 X118.699 Y93.552 E0.09349
G1 X118.918 Y93.425 E0.02754
G1 X119.783 Y93.010 E0.10476
G1 X120.258 Y92.814 E0.05613
G1 X121.265 Y92.469 E0.11619
G1 X122.159 Y92.236 E0.10078
G1 X122.659 Y92.135 E0.05569
G1 X123.704 Y91.988 E0.11516
G1 X124.680 Y91.927 E0.10675
G1 X125.192 Y91.925 E0.05588
G1 X125.701 Y91.942 E0.05565
G1 X126.681 Y92.032 E0.10743
G1 X127.709 Y92.207 E0.11379
G1 X128.193 Y92.319 E0.05426
G1 X129.120 Y92.590 E0.10544
G1 X130.105 Y92.961 E0.11484
G1 X131.012 Y93.387 E0.10940
G1 X131.448 Y93.623 E0.05405
G1 X131.874 Y93.875 E0.05405
G1 X132.724 Y94.448 E0.11195
G1 X133.111 Y94.742 E0.05307
G1 X133.884 Y95.404 E0.11098
G1 X134.595 Y96.116 E0.10990
G1 X135.275 Y96.912 E0.11424
G1 X135.852 Y97.702 E0.10680
G1 X136.120 Y98.119 E0.05408
G1 X136.373 Y98.545 E0.05404
G1 X136.840 Y99.448 E0.11098
G1 X137.235 Y100.383 E0.11085
G1 X137.410 Y100.878 E0.05731
G1 X137.684 Y101.818 E0.10683
G1 X137.891 Y102.805 E0.11004
G1 X138.022 Y103.804 E0.11001
G1 X138.076 Y104.819 E0.11098
G1 X138.073 Y105.305 E0.05297
G1 X138.005 Y106.358 E0.11522
G1 X137.868 Y107.327 E0.10680
G1 X137.773 Y107.804 E0.05311
G1 X137.514 Y108.796 E0.11195
G1 X137.364 Y109.259 E0.05307
G1 X136.992 Y110.215 E0.11195
G1 X136.790 Y110.657 E0.05307
G1 X136.314 Y111.555 E0.11098
G1 X135.776 Y112.407 E0.11001
G1 X135.168 Y113.222 E0.11097
G1 X134.856 Y113.594 E0.05297
G1 X134.130 Y114.360 E0.11522
G1 X133.405 Y115.017 E0.10680
G1 X133.026 Y115.323 E0.05311
G1 X132.192 Y115.920 E0.11195
G1 X131.782 Y116.180 E0.05297
G1 X130.858 Y116.689 E0.11522
G1 X129.968 Y117.095 E0.10680
G1 X129.514 Y117.272 E0.05311
G1 X128.547 Y117.585 E0.11098
G1 X127.558 Y117.823 E0.11098
G1 X127.071 Y117.911 E0.05404
G1 X126.581 Y117.980 E0.05404
G1 X125.568 Y118.063 E0.11098
G1 X124.561 Y118.068 E0.10990
G1 X123.517 Y117.990 E0.11424
G1 X122.549 Y117.844 E0.10680
G1 X122.073 Y117.744 E0.05311
G1 X121.092 Y117.477 E0.11098
G1 X120.134 Y117.136 E0.11098
G1 X119.687 Y116.947 E0.05297
G1 X118.741 Y116.479 E0.11522
G1 X117.900 Y115.980 E0.10680
G1 X117.497 Y115.708 E0.05301
G1 X116.658 Y115.067 E0.11522
G1 X115.928 Y114.416 E0.10680
G1 X115.578 Y114.066 E0.05408
G1 X115.241 Y113.703 E0.05404
G1 X114.595 Y112.918 E0.11098
G1 X114.016 Y112.093 E0.11001
G1 X113.498 Y111.218 E0.11098
G1 X113.275 Y110.786 E0.05304
G1 X112.856 Y109.846 E0.11237
G1 X112.523 Y108.911 E0.10827
G1 X112.381 Y108.426 E0.05520
G1 X112.258 Y107.934 E0.05534
G1 X112.073 Y106.965 E0.10775
G1 X111.958 Y105.928 E0.11387
G1 X111.932 Y105.426 E0.05484
G1 X111.937 Y104.445 E0.10704
G1 X112.023 Y103.403 E0.11417
G1 X112.177 Y102.441 E0.10632
G1 X112.286 Y101.946 E0.05534
G1 X112.579 Y100.917 E0.11678
G1 X112.894 Y100.060 E0.09962
G1 X113.096 Y99.590 E0.05596
G1 X113.549 Y98.695 E0.10945
G1 X114.149 Y99.181 E0.08421
M204 S1000
G1 X114.178 Y98.453 F10800.000
M204 S800
;TYPE:External perimeter
G1 F1500.000
G1 X113.626 Y98.006 E0.07746
G1 X114.285 Y97.054 E0.12641
G1 X114.689 Y96.536 E0.07163
G1 X115.116 Y96.041 E0.07147
G1 X115.568 Y95.566 E0.07147
G1 X116.042 Y95.115 E0.07147
G1 X116.538 Y94.687 E0.07147
G1 X117.054 Y94.284 E0.07147
G1 X118.013 Y93.632 E0.12664
G1 X118.454 Y94.176 E0.07650
G1 X114.241 Y98.389 E0.65038
M204 S1000
G1 X113.801 Y98.920 F10800.000
;WIPE_START
G1 F8640.000
G1 X113.626 Y98.006 E-0.19120
G1 X114.238 Y97.122 E-0.28380
;WIPE_END
G1 E-0.02500 F2400.000
G1 Z2.400 F10800.000
G1 X113.367 Y97.859
G1 Z2.000
G1 E0.50000 F2400.000
M204 S800
G1 F2100.000
G1 X113.589 Y97.493 E0.04681
G1 X113.905 Y97.032 E0.06094
G1 X114.242 Y96.584 E0.06120
G1 X114.834 Y95.878 E0.10057
G1 X115.620 Y95.070 E0.12304
G1 X116.470 Y94.332 E0.12289
G1 X117.211 Y93.779 E0.10085
G1 X117.674 Y93.471 E0.06077
G1 X118.645 Y92.909 E0.12239
G1 X119.545 Y92.477 E0.10902
G1 X120.052 Y92.268 E0.05989
G1 X121.097 Y91.910 E0.12052
G1 X122.027 Y91.667 E0.10491
G1 X122.560 Y91.559 E0.05938
G1 X123.645 Y91.407 E0.11954
G1 X124.660 Y91.344 E0.11101
G1 X125.738 Y91.360 E0.11769
G1 X126.757 Y91.453 E0.11169
G1 X127.824 Y91.634 E0.11814
M73 Q13 S17
G1 X128.341 Y91.754 E0.05795
G1 X129.305 Y92.036 E0.10967
G1 X130.332 Y92.423 E0.11976
G1 X131.275 Y92.866 E0.11372
G1 X132.186 Y93.382 E0.11421
G1 X133.064 Y93.973 E0.11563
G1 X133.478 Y94.288 E0.05676
G1 X134.280 Y94.975 E0.11528
G1 X135.024 Y95.720 E0.11488
G1 X135.733 Y96.550 E0.11918
M73 P13 R17
G1 X136.333 Y97.372 E0.11104
G1 X136.617 Y97.812 E0.05713
G1 X136.883 Y98.262 E0.05711
G1 X137.368 Y99.200 E0.11528
G1 X137.779 Y100.172 E0.11523
G1 X137.965 Y100.699 E0.06102
G1 X138.250 Y101.676 E0.11105
G1 X138.467 Y102.707 E0.11493
G1 X138.603 Y103.751 E0.11492
G1 X138.659 Y104.805 E0.11528
G1 X138.657 Y105.325 E0.05672
G1 X138.586 Y106.418 E0.11954
G1 X138.443 Y107.425 E0.11104
G1 X138.341 Y107.935 E0.05677
G1 X138.074 Y108.960 E0.11564
G1 X137.914 Y109.455 E0.05676
G1 X137.529 Y110.442 E0.11564
G1 X137.313 Y110.915 E0.05676
G1 X136.819 Y111.848 E0.11528
G1 X136.257 Y112.738 E0.11493
G1 X135.625 Y113.585 E0.11527
G1 X135.291 Y113.983 E0.05672
G1 X134.538 Y114.777 E0.11954
G1 X133.784 Y115.461 E0.11104
G1 X133.380 Y115.788 E0.05677
G1 X132.518 Y116.404 E0.11564
G1 X132.079 Y116.682 E0.05672
G1 X131.120 Y117.211 E0.11954
G1 X130.195 Y117.633 E0.11104
G1 X129.710 Y117.822 E0.05677
G1 X128.705 Y118.147 E0.11528
G1 X127.678 Y118.394 E0.11528
G1 X127.164 Y118.487 E0.05711
G1 X126.645 Y118.560 E0.05711
G1 X125.593 Y118.646 E0.11528
G1 X124.540 Y118.651 E0.11488
G1 X123.452 Y118.570 E0.11918
G1 X122.446 Y118.418 E0.11104
G1 X121.937 Y118.311 E0.05677
G1 X120.918 Y118.035 E0.11528
G1 X119.923 Y117.680 E0.11528
G1 X119.444 Y117.478 E0.05672
G1 X118.463 Y116.992 E0.11954
G1 X117.588 Y116.473 E0.11104
G1 X117.157 Y116.183 E0.05673
G1 X116.287 Y115.518 E0.11954
G1 X115.527 Y114.841 E0.11104
G1 X115.157 Y114.470 E0.05713
G1 X114.802 Y114.086 E0.05711
G1 X114.130 Y113.271 E0.11528
G1 X113.526 Y112.410 E0.11492
G1 X112.987 Y111.501 E0.11528
G1 X112.749 Y111.039 E0.05674
G1 X112.314 Y110.063 E0.11666
G1 X111.968 Y109.091 E0.11253
G1 X111.818 Y108.579 E0.05828
G1 X111.688 Y108.060 E0.05842
G1 X111.496 Y107.052 E0.11203
G1 X111.376 Y105.975 E0.11822
G1 X111.348 Y105.440 E0.05854
G1 X111.353 Y104.420 E0.11131
G1 X111.443 Y103.333 E0.11908
G1 X111.604 Y102.332 E0.11057
G1 X111.720 Y101.803 E0.05911
G1 X112.024 Y100.736 E0.12110
G1 X112.351 Y99.844 E0.10374
G1 X112.568 Y99.342 E0.05968
G1 X113.073 Y98.343 E0.12218
G1 X113.320 Y97.936 E0.05199
M204 S1000
G1 X113.796 Y97.861 F10800.000
;WIPE_START
G1 F8640.000
G1 X113.589 Y97.493 E-0.13693
G1 X113.905 Y97.032 E-0.14733
G1 X114.242 Y96.584 E-0.14796
G1 X114.346 Y96.460 E-0.04278
;WIPE_END
G1 E-0.02500 F2400.000
G1 Z2.400 F10800.000
G1 X114.973 Y101.459
G1 Z2.000
G1 E0.50000 F2400.000
;TYPE:Internal infill
G1 F3428.008
G1 X116.741 Y99.691 E0.27288
G1 X117.662 Y100.612 E0.14212
G1 X117.391 Y100.883 E0.04177
G1 X118.065 Y98.367 E0.28424
G1 X116.947 Y99.485 E0.17255
;WIPE_START
G1 F8640.000
G1 X118.065 Y98.367 E-0.41715
G1 X118.008 Y98.579 E-0.05785
;WIPE_END
G1 E-0.02500 F2400.000
G1 Z2.400 F10800.000
G1 X118.369 Y99.905
G1 Z2.000
G1 E0.50000 F2400.000
G1 F3428.008
G1 X120.137 Y98.137 E0.27288
G1 X119.216 Y97.216 E0.14212
G1 X119.318 Y97.114 E0.01571
G1 X130.288 Y94.175 E1.23967
G1 X130.086 Y94.080 E0.02438
G1 X129.162 Y97.530 E0.38986
G1 X129.530 Y97.629 E0.04162
G1 X124.852 Y92.950 E0.72217
G1 X123.806 Y93.005 E0.11424
G1 X123.099 Y93.104 E0.07793
G1 X122.228 Y96.357 E0.36765
G1 X123.080 Y96.129 F10800.000
G1 F3428.008
G1 X121.691 Y94.741 E0.21428
G1 X119.924 Y96.509 E0.27288
;WIPE_START
G1 F8640.000
G1 X121.197 Y95.236 E-0.47500
;WIPE_END
G1 E-0.02500 F2400.000
G1 Z2.400 F10800.000
G1 X122.029 Y93.950
G1 Z2.000
G1 E0.50000 F2400.000
;TYPE:Solid infill
;WIDTH:0.697717
G1 F3326.979
G1 X121.535 Y93.456 E0.07857
G1 X120.901 Y93.673 E0.07529
G1 X121.418 Y94.189 E0.08217
G1 X120.993 Y94.615 E0.06761
G1 X120.370 Y93.992 E0.09906
G1 X120.611 Y94.289 E0.04302
G1 X120.214 Y94.686 E0.06313
G1 X120.568 Y95.040 E0.05627
G1 X120.143 Y95.465 E0.06761
G1 X119.789 Y95.111 E0.05627
G1 X119.364 Y95.536 E0.06761
G1 X119.718 Y95.890 E0.05627
G1 X119.292 Y96.315 E0.06761
G1 X118.939 Y95.961 E0.05627
G1 X118.514 Y96.386 E0.06761
G1 X118.867 Y96.740 E0.05627
G1 X118.442 Y97.165 E0.06761
G1 X118.089 Y96.811 E0.05627
G1 X117.663 Y97.236 E0.06761
G1 X118.017 Y97.590 E0.05627
G1 X117.592 Y98.015 E0.06761
G1 X117.238 Y97.661 E0.05628
G1 X116.813 Y98.086 E0.06761
G1 X117.167 Y98.440 E0.05628
G1 X116.742 Y98.865 E0.06761
G1 X116.388 Y98.511 E0.05628
G1 X115.963 Y98.937 E0.06761
G1 X116.317 Y99.290 E0.05628
G1 X115.892 Y99.715 E0.06761
G1 X115.538 Y99.362 E0.05627
G1 X115.113 Y99.787 E0.06761
G1 X115.467 Y100.140 E0.05628
G1 X115.042 Y100.566 E0.06761
G1 X114.688 Y100.212 E0.05628
G1 X114.290 Y100.609 E0.06326
G1 X114.002 Y100.376 E0.04171
G1 X114.617 Y100.991 E0.09776
G1 X114.192 Y101.416 E0.06761
G1 X113.674 Y100.898 E0.08237
G1 X113.551 Y101.233 E0.04019
G1 X113.464 Y101.538 E0.03564
G1 X113.952 Y102.026 E0.07768
;WIPE_START
G1 F8640.000
G1 X113.464 Y101.538 E-0.18226
G1 X113.551 Y101.233 E-0.08361
G1 X113.674 Y100.898 E-0.09431
G1 X113.981 Y101.206 E-0.11482
;WIPE_END
G1 E-0.02500 F2400.000
G1 Z2.400 F10800.000
G1 X116.581 Y101.693
G1 Z2.000
G1 E0.50000 F2400.000
;TYPE:Internal infill
;WIDTH:0.68
G1 F3428.008
G1 X116.473 Y101.801 E0.01672
G1 X116.016 Y103.505 E0.19255
G1 X116.167 Y104.068 E0.06361
G1 X114.266 Y102.167 E0.29349
G1 X114.367 Y102.065 E0.01571
G1 X116.883 Y101.391 E0.28424
G1 X117.185 Y101.089 E0.04661
;WIPE_START
G1 F8640.000
G1 X116.883 Y101.391 E-0.11269
G1 X115.557 Y101.746 E-0.36231
;WIPE_END
G1 E-0.02500 F2400.000
G1 Z2.400 F10800.000
G1 X116.711 Y106.097
G1 Z2.000
G1 E0.50000 F2400.000
G1 F3428.008
G1 X117.358 Y108.512 E0.27288
G1 X113.804 Y109.464 E0.40156
G1 X113.495 Y108.596 E0.10054
G1 X113.367 Y108.158 E0.04981
G1 X113.256 Y107.715 E0.04994
G1 X113.131 Y107.061 E0.07259
;WIPE_START
G1 F8640.000
G1 X113.256 Y107.715 E-0.17550
G1 X113.367 Y108.158 E-0.12073
G1 X113.495 Y108.596 E-0.12041
G1 X113.569 Y108.805 E-0.05835
;WIPE_END
G1 E-0.02500 F2400.000
G1 Z2.400 F10800.000
G1 X118.278 Y111.097
G1 Z2.000
G1 E0.50000 F2400.000
G1 F3428.008
G1 X117.406 Y114.353 E0.36799
G1 X118.093 Y114.879 E0.09439
G1 X118.446 Y115.116 E0.04649
G1 X118.855 Y115.359 E0.05186
G1 X125.240 Y113.648 E0.72163
G1 X124.869 Y113.548 E0.04192
G1 X123.945 Y116.998 E0.38983
G1 X124.163 Y117.014 E0.02382
G1 X112.975 Y105.826 E1.72703
G1 X112.999 Y106.056 E0.02517
G1 X116.452 Y105.131 E0.39013
G1 X116.352 Y104.760 E0.04192
G1 X114.641 Y111.145 E0.72157
G1 X114.874 Y111.538 E0.04993
G1 X115.408 Y112.299 E0.10141
G1 X115.651 Y112.593 E0.04163
G1 X118.903 Y111.722 E0.36754
;WIPE_START
G1 F8640.000
G1 X117.164 Y112.188 E-0.47500
;WIPE_END
G1 E-0.02500 F2400.000
G1 Z2.400 F10800.000
G1 X123.903 Y113.289
G1 Z2.000
G1 E0.50000 F2400.000
G1 F3428.008
G1 X121.488 Y112.642 E0.27288
G1 X120.536 Y116.196 E0.40152
G1 X121.397 Y116.502 E0.09981
G1 X122.312 Y116.751 E0.10346
G1 X122.938 Y116.870 E0.06959
;WIPE_START
G1 F8640.000
G1 X122.312 Y116.751 E-0.16824
G1 X121.397 Y116.502 E-0.25012
G1 X121.195 Y116.430 E-0.05664
;WIPE_END
G1 E-0.02500 F2400.000
G1 Z2.400 F10800.000
G1 X128.307 Y113.419
G1 Z2.000
G1 E0.50000 F2400.000
G1 F3428.008
G1 X128.199 Y113.527 E0.01672
G1 X126.495 Y113.984 E0.19255
G1 X125.932 Y113.833 E0.06361
G1 X128.595 Y116.496 E0.41110
G1 X128.270 Y116.602 E0.03733
G1 X127.634 Y116.755 E0.07134
G1 X128.609 Y113.117 E0.41103
G1 X128.911 Y112.815 E0.04661
;WIPE_START
G1 F8640.000
G1 X128.609 Y113.117 E-0.11269
G1 X128.254 Y114.443 E-0.36231
;WIPE_END
G1 E-0.02500 F2400.000
G1 Z2.400 F10800.000
G1 X130.095 Y111.631
G1 Z2.000
G1 E0.50000 F2400.000
G1 F3428.008
G1 X131.863 Y109.863 E0.27288
G1 X134.462 Y112.462 E0.40110
G1 X134.094 Y112.914 E0.06365
G1 X133.415 Y113.630 E0.10765
G1 X132.725 Y114.254 E0.10156
;WIPE_START
G1 F8640.000
G1 X133.415 Y113.630 E-0.24552
G1 X134.013 Y112.999 E-0.22948
;WIPE_END
G1 E-0.02500 F2400.000
G1 Z2.400 F10800.000
G1 X133.643 Y107.772
G1 Z2.000
G1 E0.50000 F2400.000
G1 F3428.008
G1 X136.897 Y106.900 E0.36778
G1 X136.989 Y106.253 E0.07133
G1 X137.053 Y105.152 E0.12042
G1 X132.371 Y100.470 E0.72270
G1 X132.470 Y100.838 E0.04162
G1 X135.927 Y99.912 E0.39069
M73 Q14 S17
G1 X135.826 Y99.710 E0.02472
G1 X131.730 Y114.996 E1.72737
M73 P14 R17
G1 X131.914 Y114.864 E0.02468
G1 X129.388 Y112.338 E0.38988
G1 X129.117 Y112.609 E0.04177
G1 X135.508 Y110.897 E0.72213
G1 X135.873 Y110.205 E0.08537
G1 X136.051 Y109.817 E0.04663
G1 X136.252 Y109.301 E0.06041
G1 X133.871 Y106.920 E0.36751
;WIPE_START
G1 F8640.000
G1 X135.144 Y108.193 E-0.47500
;WIPE_END
G1 E-0.02500 F2400.000
G1 Z2.400 F10800.000
G1 X132.729 Y101.805
G1 Z2.000
G1 E0.50000 F2400.000
G1 F3428.008
G1 X133.376 Y104.220 E0.27288
G1 X136.922 Y103.270 E0.40073
G1 X136.884 Y102.976 E0.03230
G1 X136.693 Y102.066 E0.10149
G1 X136.438 Y101.191 E0.09946
G1 X136.317 Y100.849 E0.03963
;WIPE_START
G1 F8640.000
G1 X136.438 Y101.191 E-0.09582
G1 X136.693 Y102.066 E-0.24045
G1 X136.801 Y102.581 E-0.13874
;WIPE_END
G1 E-0.02500 F2400.000
G1 Z2.400 F10800.000
G1 X130.636 Y97.925
G1 Z2.000
G1 E0.50000 F2400.000
G1 F3428.008
G1 X130.787 Y97.966 E0.01702
G1 X132.034 Y99.213 E0.19255
G1 X132.185 Y99.773 E0.06331
G1 X133.161 Y96.129 E0.41178
G1 X133.870 Y96.839 E0.10956
G1 X130.227 Y97.815 E0.41175
G1 X129.812 Y97.704 E0.04691
G1 X130.173 Y98.129 F10800.000
;TYPE:Top solid infill
;WIDTH:0.612658
G1 F2700.000
G1 X131.550 Y99.507 E0.18808
G1 X131.818 Y100.504 E0.09966
G1 X129.496 Y98.182 E0.31695
G1 X128.499 Y97.915 E0.09966
G1 X132.085 Y101.501 E0.48957
G1 X132.352 Y102.498 E0.09966
G1 X127.502 Y97.648 E0.66219
G1 X126.505 Y97.381 E0.09966
G1 X132.619 Y103.495 E0.83480
G1 X132.886 Y104.492 E0.09966
G1 X125.508 Y97.114 E1.00742
G1 X124.511 Y96.847 E0.09966
G1 X133.153 Y105.489 E1.18004
G1 X133.421 Y106.486 E0.09966
G1 X123.514 Y96.580 E1.35266
G1 X122.935 Y96.730 E0.05777
G1 X133.270 Y107.065 E1.41112
G1 X133.115 Y107.640 E0.05754
G1 X129.295 Y103.819 E0.52173
G1 X129.334 Y103.952 E0.01332
G1 X129.452 Y104.707 E0.07384
G1 X132.852 Y108.106 E0.46413
G1 X132.487 Y108.471 E0.04983
G1 X129.436 Y105.421 E0.41649
G1 X129.324 Y106.039 E0.06061
G1 X132.122 Y108.836 E0.38199
G1 X131.757 Y109.201 E0.04983
G1 X129.149 Y106.594 E0.35602
G1 X128.976 Y107.025 E0.04488
G1 X128.928 Y107.102 E0.00878
G1 X131.392 Y109.566 E0.33642
G1 X131.027 Y109.931 E0.04983
G1 X128.646 Y107.550 E0.32505
G1 X128.551 Y107.702 E0.01734
G1 X128.321 Y107.954 E0.03295
G1 X130.662 Y110.296 E0.31971
G1 X130.297 Y110.661 E0.04983
G1 X127.962 Y108.326 E0.31879
G1 X127.667 Y108.572 E0.03711
G1 X127.552 Y108.645 E0.01320
G1 X129.932 Y111.026 E0.32505
G1 X129.567 Y111.391 E0.04983
G1 X127.103 Y108.927 E0.33642
M73 P14 R16
G1 X127.026 Y108.975 E0.00878
G1 X126.595 Y109.148 E0.04489
G1 X129.202 Y111.755 E0.35602
G1 X128.837 Y112.120 E0.04983
G1 X126.040 Y109.323 E0.38199
G1 X125.423 Y109.436 E0.06055
G1 X128.472 Y112.485 E0.41638
G1 X128.107 Y112.850 E0.04983
G1 X124.703 Y109.446 E0.46481
G1 X123.950 Y109.332 E0.07358
G1 X123.821 Y109.293 E0.01305
G1 X127.826 Y113.299 E0.54700
;WIPE_START
G1 F8640.000
G1 X126.554 Y112.026 E-0.47500
;WIPE_END
G1 E-0.02500 F2400.000
G1 Z2.400 F10800.000
G1 X126.543 Y101.067
M73 Q14 S16
G1 Z2.000
G1 E0.50000 F2400.000
G1 F2700.000
G1 X122.360 Y96.885 E0.57116
G1 X122.084 Y96.959 E0.02759
G1 X121.894 Y97.148 E0.02594
G1 X125.298 Y100.553 E0.46486
G1 X124.577 Y100.562 E0.06961
G1 X121.529 Y97.513 E0.41626
G1 X121.164 Y97.878 E0.04983
G1 X123.962 Y100.676 E0.38205
G1 X123.725 Y100.723 E0.02335
G1 X123.406 Y100.851 E0.03312
G1 X120.799 Y98.243 E0.35602
G1 X120.434 Y98.608 E0.04983
G1 X122.898 Y101.072 E0.33642
G1 X122.450 Y101.354 E0.05111
G1 X120.069 Y98.973 E0.32505
G1 X119.704 Y99.338 E0.04983
G1 X122.046 Y101.679 E0.31971
G1 X121.672 Y102.035 E0.04985
G1 X119.339 Y99.703 E0.31848
G1 X118.974 Y100.068 E0.04983
G1 X121.356 Y102.450 E0.32523
G1 X121.249 Y102.591 E0.01716
G1 X121.074 Y102.898 E0.03405
G1 X118.609 Y100.433 E0.33659
G1 X118.245 Y100.798 E0.04983
G1 X120.851 Y103.404 E0.35592
G1 X120.740 Y103.678 E0.02851
G1 X120.680 Y103.963 E0.02810
G1 X117.880 Y101.163 E0.38234
G1 X117.515 Y101.528 E0.04983
G1 X120.565 Y104.578 E0.41650
G1 X120.549 Y105.292 E0.06894
G1 X117.150 Y101.893 E0.46414
G1 X116.960 Y102.082 E0.02593
G1 X116.886 Y102.359 E0.02760
G1 X121.069 Y106.541 E0.57117
;WIPE_START
G1 F8640.000
G1 X119.796 Y105.269 E-0.47500
;WIPE_END
G1 E-0.02500 F2400.000
G1 Z2.400 F10800.000
G1 X116.547 Y102.749
G1 Z2.000
G1 E0.50000 F2400.000
G1 F2700.000
G1 X127.066 Y113.268 E1.43637
G1 X126.487 Y113.419 E0.05777
G1 X116.581 Y103.513 E1.35263
G1 X116.848 Y104.510 E0.09966
G1 X125.490 Y113.152 E1.18001
G1 X124.493 Y112.885 E0.09966
G1 X117.115 Y105.507 E1.00740
G1 X117.382 Y106.504 E0.09966
M73 Q15 S16
G1 X123.496 Y112.618 E0.83478
G1 X122.499 Y112.351 E0.09966
G1 X117.649 Y107.501 E0.66216
M73 P15 R16
G1 X117.917 Y108.498 E0.09966
G1 X121.502 Y112.083 E0.48955
G1 X120.505 Y111.816 E0.09966
G1 X118.184 Y109.495 E0.31693
G1 X118.451 Y110.492 E0.09966
G1 X119.828 Y111.870 E0.18806
;WIPE_START
G1 F8640.000
G1 X118.555 Y110.597 E-0.47500
;WIPE_END
G1 E-0.02500 F2400.000
G1 Z2.400 F10800.000
G1 X128.195 Y97.271
G1 Z2.000
G1 E0.50000 F2400.000
;TYPE:Internal infill
;WIDTH:0.68
G1 F3428.008
G1 X125.780 Y96.624 E0.27288
G1 X126.731 Y93.076 E0.40092
G1 X127.508 Y93.208 E0.08604
G1 X127.935 Y93.307 E0.04780
G1 X128.797 Y93.559 E0.09804
G1 X129.148 Y93.692 E0.04100
; stop printing object C:/Users/orcas/AppData/Local/Temp/Neutron/Body1.stl id:0 copy 0
;LAYER_CHANGE
;Z:2.45
;HEIGHT:0.45
;BEFORE_LAYER_CHANGE
G92 E0.0
;2.45


;WIPE_START
G1 F8640.000
G1 X128.797 Y93.559 E-0.09912
G1 X127.935 Y93.307 E-0.23703
G1 X127.508 Y93.208 E-0.11556
G1 X127.421 Y93.193 E-0.02328
;WIPE_END
G1 E-0.02500 F2400.000
G1 Z2.400 F10800.000
G1 Z2.450
;AFTER_LAYER_CHANGE
;2.45
; printing object C:/Users/orcas/AppData/Local/Temp/Neutron/Body1.stl id:0 copy 0
G1 Z2.850
G1 X123.056 Y97.742
G1 Z2.450
G1 E0.50000 F2400.000
M204 S800
;TYPE:Perimeter
G1 F2700.000
G1 X130.313 Y99.687 E0.82012
G1 X132.258 Y106.944 E0.82012
G1 X126.945 Y112.257 E0.82012
G1 X119.688 Y110.312 E0.82012
G1 X117.743 Y103.055 E0.82012
G1 X122.992 Y97.806 E0.81029
M204 S1000
G1 X123.230 Y98.393 F10800.000
M204 S800
G1 F2700.000
G1 X129.837 Y100.163 E0.74658
G1 X131.607 Y106.770 E0.74658
G1 X126.771 Y111.606 E0.74658
G1 X120.164 Y109.836 E0.74658
G1 X118.394 Y103.229 E0.74658
G1 X123.167 Y98.456 E0.73676
M204 S1000
G1 X123.405 Y99.043 F10800.000
M204 S800
;TYPE:External perimeter
G1 F1500.000
G1 X129.361 Y100.639 E0.67305
G1 X130.957 Y106.595 E0.67305
G1 X126.597 Y110.955 E0.67305
G1 X120.641 Y109.359 E0.67305
G1 X119.045 Y103.403 E0.67305
G1 X123.341 Y99.107 E0.66322
M204 S1000
G1 X123.560 Y98.464 F10800.000
;WIPE_START
G1 F8640.000
G1 X125.085 Y99.551 E-0.47500
;WIPE_END
G1 E-0.02500 F2400.000
G1 Z2.850 F10800.000
G1 X113.498 Y101.419
G1 Z2.450
G1 E0.50000 F2400.000
M204 S800
;TYPE:Perimeter
G1 F2700.000
G1 X121.420 Y93.497 E1.22290
G1 X121.155 Y93.125 E0.04991
G1 X121.464 Y93.019 E0.03564
G1 X122.269 Y92.810 E0.09081
G1 X122.749 Y92.712 E0.05352
G1 X123.776 Y92.568 E0.11316
G1 X124.691 Y92.511 E0.10005
G1 X125.184 Y92.508 E0.05386
G1 X125.674 Y92.525 E0.05349
G1 X126.597 Y92.610 E0.10113
G1 X127.600 Y92.780 E0.11106
G1 X128.057 Y92.887 E0.05125
G1 X128.919 Y93.138 E0.09803
G1 X129.885 Y93.502 E0.11271
G1 X130.749 Y93.908 E0.10414
G1 X131.562 Y94.368 E0.10197
G1 X132.385 Y94.922 E0.10827
G1 X132.745 Y95.196 E0.04939
G1 X133.487 Y95.832 E0.10668
G1 X134.166 Y96.511 E0.10484
G1 X134.830 Y97.291 E0.11175
G1 X135.370 Y98.033 E0.10018
G1 X135.890 Y98.879 E0.10836
G1 X136.311 Y99.695 E0.10025
G1 X136.690 Y100.593 E0.10645
G1 X136.861 Y101.078 E0.05605
G1 X137.117 Y101.960 E0.10025
G1 X137.315 Y102.903 E0.10519
G1 X137.440 Y103.857 E0.10510
G1 X137.492 Y104.833 E0.10668
G1 X137.490 Y105.300 E0.05097
G1 X137.470 Y105.767 E0.05097
G1 X137.371 Y106.737 E0.10642
G1 X137.186 Y107.744 E0.11175
G1 X136.954 Y108.632 E0.10018
G1 X136.814 Y109.063 E0.04949
G1 X136.454 Y109.987 E0.10827
G1 X136.022 Y110.880 E0.10826
G1 X135.560 Y111.674 E0.10025
G1 X135.008 Y112.478 E0.10645
G1 X134.691 Y112.882 E0.05605
G1 X134.086 Y113.573 E0.10025
G1 X133.398 Y114.248 E0.10519
G1 X132.661 Y114.867 E0.10509
G1 X131.866 Y115.436 E0.10668
G1 X131.484 Y115.678 E0.04939
G1 X130.629 Y116.152 E0.10668
G1 X129.740 Y116.558 E0.10668
G1 X129.321 Y116.721 E0.04913
G1 X128.332 Y117.038 E0.11334
G1 X127.439 Y117.252 E0.10018
G1 X126.979 Y117.335 E0.05107
G1 X126.516 Y117.400 E0.05097
G1 X125.542 Y117.480 E0.10668
G1 X124.579 Y117.484 E0.10510
G1 X123.619 Y117.415 E0.10509
G1 X122.653 Y117.269 E0.10668
G1 X122.212 Y117.177 E0.04913
G1 X121.211 Y116.902 E0.11334
G1 X120.347 Y116.593 E0.10018
G1 X119.931 Y116.417 E0.04923
G1 X119.001 Y115.955 E0.11334
G1 X118.212 Y115.487 E0.10018
G1 X117.836 Y115.233 E0.04949
G1 X117.058 Y114.641 E0.10668
G1 X116.328 Y113.991 E0.10668
G1 X115.998 Y113.661 E0.05097
G1 X115.681 Y113.319 E0.05098
G1 X115.060 Y112.564 E0.10668
G1 X114.507 Y111.776 E0.10510
G1 X114.008 Y110.935 E0.10668
G1 X113.801 Y110.534 E0.04931
G1 X113.396 Y109.622 E0.10887
G1 X113.081 Y108.738 E0.10247
G1 X112.945 Y108.274 E0.05278
G1 X112.827 Y107.803 E0.05300
G1 X112.653 Y106.889 E0.10162
G1 X112.539 Y105.876 E0.11116
G1 X112.515 Y105.399 E0.05214
G1 X112.520 Y104.479 E0.10051
G1 X112.605 Y103.459 E0.11169
G1 X112.749 Y102.560 E0.09937
G1 X112.853 Y102.087 E0.05286
G1 X113.121 Y101.150 E0.10641
G1 X113.425 Y101.367 E0.04077
M204 S1000
G1 X113.435 Y100.657 F10800.000
M204 S800
G1 F2700.000
G1 X120.658 Y93.434 E1.11506
G1 X120.226 Y92.827 E0.08130
G1 X121.296 Y92.460 E0.12350
G1 X122.137 Y92.241 E0.09485
G1 X122.650 Y92.136 E0.05721
G1 X123.717 Y91.987 E0.11759
G1 X124.671 Y91.928 E0.10429
G1 X125.711 Y91.943 E0.11352
G1 X126.672 Y92.031 E0.10537
G1 X127.715 Y92.208 E0.11543
G1 X128.205 Y92.322 E0.05495
G1 X129.104 Y92.585 E0.10222
G1 X130.113 Y92.964 E0.11764
G1 X131.012 Y93.387 E0.10848
G1 X131.448 Y93.623 E0.05406
G1 X131.874 Y93.875 E0.05405
G1 X132.724 Y94.448 E0.11195
G1 X133.111 Y94.742 E0.05307
G1 X133.884 Y95.404 E0.11098
G1 X134.595 Y96.115 E0.10985
G1 X135.288 Y96.930 E0.11670
G1 X135.851 Y97.702 E0.10437
G1 X136.119 Y98.117 E0.05390
G1 X136.401 Y98.597 E0.06074
G1 X136.839 Y99.447 E0.10442
G1 X137.235 Y100.383 E0.11084
G1 X137.416 Y100.899 E0.05977
G1 X137.684 Y101.818 E0.10442
G1 X137.891 Y102.805 E0.11007
G1 X138.022 Y103.804 E0.11001
G1 X138.076 Y104.819 E0.11098
G1 X138.073 Y105.314 E0.05404
G1 X138.052 Y105.809 E0.05404
G1 X137.949 Y106.819 E0.11082
G1 X137.756 Y107.871 E0.11670
G1 X137.514 Y108.796 E0.10437
G1 X137.364 Y109.259 E0.05313
G1 X136.992 Y110.215 E0.11195
G1 X136.534 Y111.159 E0.11456
G1 X136.053 Y111.986 E0.10442
G1 X135.478 Y112.823 E0.11084
G1 X135.141 Y113.254 E0.05977
G1 X134.510 Y113.974 E0.10442
G1 X133.791 Y114.680 E0.11007
G1 X133.019 Y115.328 E0.11001
G1 X132.192 Y115.920 E0.11098
G1 X131.781 Y116.180 E0.05307
G1 X130.892 Y116.673 E0.11098
G1 X129.967 Y117.096 E0.11098
G1 X129.516 Y117.271 E0.05291
G1 X128.489 Y117.600 E0.11767
G1 X127.559 Y117.823 E0.10437
G1 X127.071 Y117.911 E0.05410
G1 X126.581 Y117.980 E0.05404
G1 X125.568 Y118.063 E0.11098
G1 X124.560 Y118.068 E0.11001
G1 X123.555 Y117.995 E0.11001
G1 X122.549 Y117.844 E0.11098
G1 X122.075 Y117.744 E0.05291
G1 X121.035 Y117.458 E0.11767
G1 X120.135 Y117.137 E0.10437
G1 X119.688 Y116.948 E0.05297
G1 X118.722 Y116.468 E0.11767
G1 X117.900 Y115.980 E0.10437
G1 X117.496 Y115.708 E0.05313
G1 X116.687 Y115.092 E0.11098
G1 X115.928 Y114.416 E0.11098
G1 X115.578 Y114.066 E0.05404
G1 X115.241 Y113.703 E0.05404
G1 X114.595 Y112.918 E0.11098
G1 X114.016 Y112.093 E0.11001
G1 X113.498 Y111.218 E0.11098
G1 X113.275 Y110.786 E0.05302
G1 X112.854 Y109.839 E0.11317
G1 X112.526 Y108.918 E0.10670
G1 X112.382 Y108.427 E0.05587
G1 X112.257 Y107.929 E0.05609
G1 X112.075 Y106.976 E0.10588
G1 X111.957 Y105.924 E0.11555
G1 X111.931 Y105.413 E0.05586
G1 X111.937 Y104.453 E0.10476
G1 X112.025 Y103.388 E0.11659
G1 X112.175 Y102.451 E0.10361
G1 X112.287 Y101.944 E0.05667
G1 X112.590 Y100.886 E0.12014
G1 X112.832 Y100.227 E0.07666
G1 X113.362 Y100.605 E0.07107
M204 S1000
G1 X113.372 Y99.895 F10800.000
M204 S800
;TYPE:External perimeter
G1 F1500.000
G1 X112.832 Y99.510 E0.07232
G1 X113.236 Y98.711 E0.09777
G1 X113.559 Y98.139 E0.07168
G1 X114.094 Y97.318 E0.10700
G1 X114.716 Y96.504 E0.11176
G1 X115.116 Y96.041 E0.06688
G1 X115.569 Y95.565 E0.07168
G1 X116.286 Y94.899 E0.10674
G1 X116.793 Y94.483 E0.07168
G1 X117.291 Y94.113 E0.06767
G1 X118.142 Y93.557 E0.11097
G1 X118.999 Y93.086 E0.10677
G1 X119.514 Y92.834 E0.06254
G1 X119.897 Y93.370 E0.07190
G1 X113.435 Y99.832 E0.99739
M204 S1000
G1 X113.008 Y100.372 F10800.000
G1 X112.525 Y99.441
M204 S800
G1 F2100.000
G1 X112.812 Y98.834 E0.07336
G1 X113.084 Y98.326 E0.06287
G1 X113.583 Y97.502 E0.10516
G1 X113.911 Y97.025 E0.06317
G1 X114.262 Y96.560 E0.06358
G1 X114.806 Y95.911 E0.09243
G1 X115.201 Y95.484 E0.06357
G1 X115.617 Y95.073 E0.06381
M73 Q16 S16
G1 X116.050 Y94.681 E0.06377
G1 X116.498 Y94.310 E0.06339
G1 X117.180 Y93.802 E0.09287
G1 X117.663 Y93.478 E0.06350
G1 X118.660 Y92.901 E0.12573
G1 X119.534 Y92.482 E0.10578
G1 X120.057 Y92.266 E0.06172
G1 X121.128 Y91.901 E0.12357
G1 X122.005 Y91.673 E0.09889
G1 X122.552 Y91.561 E0.06091
G1 X123.659 Y91.406 E0.12202
G1 X124.651 Y91.344 E0.10853
G1 X125.201 Y91.341 E0.06005
G1 X125.748 Y91.360 E0.05968
G1 X126.748 Y91.452 E0.10961
G1 X127.830 Y91.636 E0.11980
M73 P16 R16
G1 X128.353 Y91.758 E0.05864
G1 X129.289 Y92.031 E0.10641
G1 X130.340 Y92.427 E0.12257
G1 X131.275 Y92.866 E0.11281
G1 X131.735 Y93.115 E0.05711
G1 X132.186 Y93.382 E0.05712
G1 X133.064 Y93.973 E0.11563
G1 X133.478 Y94.288 E0.05676
G1 X134.280 Y94.975 E0.11528
G1 X135.024 Y95.719 E0.11486
G1 X135.747 Y96.568 E0.12165
G1 X136.333 Y97.372 E0.10857
G1 X136.616 Y97.811 E0.05706
G1 X136.912 Y98.316 E0.06385
G1 X137.368 Y99.200 E0.10859
G1 X137.779 Y100.172 E0.11523
G1 X137.972 Y100.721 E0.06349
G1 X138.250 Y101.676 E0.10859
G1 X138.467 Y102.707 E0.11494
G1 X138.603 Y103.751 E0.11492
G1 X138.659 Y104.805 E0.11528
G1 X138.657 Y105.328 E0.05711
G1 X138.634 Y105.851 E0.05711
G1 X138.527 Y106.901 E0.11522
G1 X138.326 Y107.998 E0.12165
G1 X138.074 Y108.960 E0.10857
G1 X137.914 Y109.455 E0.05678
G1 X137.529 Y110.442 E0.11564
G1 X137.047 Y111.438 E0.12086
G1 X136.547 Y112.298 E0.10859
G1 X135.949 Y113.168 E0.11523
G1 X135.590 Y113.626 E0.06349
G1 X134.935 Y114.375 E0.10859
G1 X134.183 Y115.112 E0.11494
G1 X133.377 Y115.789 E0.11492
G1 X132.518 Y116.404 E0.11528
G1 X132.079 Y116.682 E0.05676
G1 X131.155 Y117.194 E0.11528
G1 X130.195 Y117.633 E0.11528
G1 X129.711 Y117.822 E0.05670
G1 X128.646 Y118.163 E0.12201
G1 X127.679 Y118.394 E0.10857
G1 X127.164 Y118.487 E0.05713
G1 X126.645 Y118.560 E0.05711
G1 X125.593 Y118.646 E0.11528
G1 X124.540 Y118.651 E0.11492
G1 X123.490 Y118.575 E0.11492
G1 X122.446 Y118.418 E0.11528
G1 X121.937 Y118.311 E0.05670
G1 X120.859 Y118.015 E0.12201
G1 X119.923 Y117.680 E0.10857
G1 X119.444 Y117.478 E0.05672
G1 X118.443 Y116.981 E0.12201
G1 X117.588 Y116.473 E0.10857
G1 X117.156 Y116.182 E0.05678
G1 X116.316 Y115.543 E0.11528
G1 X115.527 Y114.840 E0.11528
G1 X115.157 Y114.470 E0.05711
G1 X114.802 Y114.086 E0.05711
G1 X114.130 Y113.271 E0.11528
G1 X113.526 Y112.410 E0.11492
G1 X112.987 Y111.501 E0.11528
G1 X112.749 Y111.039 E0.05674
G1 X112.311 Y110.056 E0.11747
G1 X111.971 Y109.098 E0.11093
G1 X111.818 Y108.580 E0.05895
G1 X111.687 Y108.054 E0.05918
G1 X111.498 Y107.063 E0.11014
G1 X111.376 Y105.971 E0.11993
G1 X111.348 Y105.426 E0.05958
G1 X111.353 Y104.427 E0.10901
G1 X111.445 Y103.318 E0.12149
G1 X111.602 Y102.343 E0.10784
G1 X111.721 Y101.801 E0.06048
G1 X112.035 Y100.705 E0.12448
G1 X112.341 Y99.870 E0.09703
G1 X112.489 Y99.524 E0.04113
M204 S1000
G1 X113.122 Y99.378 F10800.000
;WIPE_START
G1 F8640.000
G1 X112.812 Y98.834 E-0.20110
G1 X113.084 Y98.326 E-0.15200
G1 X113.323 Y97.931 E-0.12190
;WIPE_END
G1 E-0.02500 F2400.000
G1 Z2.850 F10800.000
G1 X112.958 Y103.203
G1 Z2.450
G1 E0.50000 F2400.000
;TYPE:Solid infill
;WIDTH:0.796686
G1 F2856.673
G1 X123.210 Y92.951 E1.89914
;WIPE_START
G1 F8640.000
G1 X121.937 Y94.224 E-0.47500
;WIPE_END
G1 E-0.02500 F2400.000
G1 Z2.850 F10800.000
G1 X137.051 Y104.987
G1 Z2.450
G1 E0.50000 F2400.000
;TYPE:Internal infill
;WIDTH:0.68
G1 F3428.008
G1 X137.033 Y105.739 E0.08216
G1 X136.938 Y106.675 E0.10266
G1 X136.833 Y107.247 E0.06346
G1 X131.015 Y108.806 E0.65741
G1 X131.135 Y108.685 E0.01859
G1 X134.660 Y112.210 E0.54411
G1 X135.279 Y111.288 E0.12124
G1 X119.240 Y115.585 E1.81245
G1 X120.240 Y116.072 E0.12142
G1 X121.529 Y111.259 E0.54397
G1 X121.695 Y111.303 E0.01874
G1 X115.873 Y112.863 E0.65796
G1 X116.314 Y113.358 E0.07232
G1 X116.629 Y113.673 E0.04867
G1 X117.137 Y114.126 E0.07429
G1 X118.697 Y108.305 E0.65779
G1 X118.741 Y108.471 E0.01874
G1 X113.935 Y109.758 E0.54312
G1 X114.196 Y110.344 E0.07000
G1 X114.414 Y110.762 E0.05148
G1 X117.382 Y99.687 E1.25155
G1 X117.284 Y99.785 E0.01511
G1 X118.839 Y101.340 E0.24006
G1 X119.036 Y101.144 E0.03029
G1 X114.787 Y102.282 E0.48012
G1 X114.809 Y102.260 E0.00341
G1 X117.908 Y105.359 E0.47833
G1 X117.835 Y105.089 E0.03044
G1 X113.035 Y106.375 E0.54241
G1 X112.975 Y105.841 E0.05869
G1 X112.953 Y105.355 E0.05316
G1 X124.645 Y117.046 E1.80482
G1 X123.622 Y116.973 E0.11187
G1 X124.911 Y112.165 E0.54333
G1 X124.641 Y112.092 E0.03044
G1 X128.934 Y116.385 E0.66269
G1 X128.214 Y116.616 E0.08257
G1 X127.283 Y116.835 E0.10434
G1 X128.856 Y110.964 E0.66340
G1 X128.660 Y111.161 E0.03029
G1 X132.176 Y114.676 E0.54268
G1 X131.622 Y115.073 E0.07437
G1 X131.330 Y115.257 E0.03766
G1 X135.609 Y99.289 E1.80452
G1 X135.914 Y99.881 E0.07268
G1 X136.052 Y100.208 E0.03879
G1 X131.251 Y101.495 E0.54258
G1 X131.322 Y101.761 E0.03014
G1 X132.893 Y95.900 E0.66237
G1 X133.189 Y96.154 E0.04260
G1 X133.844 Y96.808 E0.10108
G1 X134.099 Y97.107 E0.04285
G1 X128.239 Y98.678 E0.66219
G1 X128.505 Y98.749 E0.03014
G1 X129.793 Y93.943 E0.54315
G1 X130.719 Y94.389 E0.11214
G1 X119.737 Y97.331 E1.24093
G1 X119.759 Y97.309 E0.00341
G1 X121.315 Y98.865 E0.24006
G1 X121.194 Y98.985 E0.01859
G1 X122.333 Y94.736 E0.48012
G1 X122.235 Y94.834 E0.01511
G1 X125.287 Y97.887 E0.47122
G1 X125.124 Y97.843 E0.01844
G1 X126.413 Y93.033 E0.54361
G1 X125.651 Y92.963 E0.08357
G1 X125.309 Y92.958 E0.03734
G1 X137.047 Y104.696 E1.81194
G1 X137.004 Y103.897 E0.08725
G1 X136.964 Y103.588 E0.03407
G1 X132.157 Y104.876 E0.54319
G1 X132.113 Y104.713 E0.01844
G1 X136.378 Y108.977 E0.65829
G1 X136.051 Y109.817 E0.09835
G1 X135.867 Y110.219 E0.04825
G1 X135.637 Y110.670 E0.05531
G1 X135.425 Y111.035 E0.04607
; stop printing object C:/Users/orcas/AppData/Local/Temp/Neutron/Body1.stl id:0 copy 0
;LAYER_CHANGE
;Z:2.9
;HEIGHT:0.45
;BEFORE_LAYER_CHANGE
G92 E0.0
;2.9


;WIPE_START
G1 F8640.000
G1 X135.637 Y110.670 E-0.11138
G1 X135.867 Y110.219 E-0.13371
G1 X136.051 Y109.817 E-0.11665
G1 X136.207 Y109.417 E-0.11326
;WIPE_END
G1 E-0.02500 F2400.000
G1 Z2.850 F10800.000
G1 Z2.900
;AFTER_LAYER_CHANGE
;2.9
; printing object C:/Users/orcas/AppData/Local/Temp/Neutron/Body1.stl id:0 copy 0
G1 Z3.300
G1 X132.258 Y106.944
G1 Z2.900
G1 E0.50000 F2400.000
M204 S800
;TYPE:Perimeter
G1 F2700.000
G1 X126.945 Y112.257 E0.82012
G1 X119.688 Y110.312 E0.82012
G1 X117.743 Y103.055 E0.82012
G1 X123.056 Y97.742 E0.82012
G1 X130.313 Y99.687 E0.82012
G1 X132.235 Y106.857 E0.81029
M204 S1000
G1 X131.607 Y106.770 F10800.000
M204 S800
G1 F2700.000
G1 X126.771 Y111.606 E0.74658
G1 X120.164 Y109.836 E0.74658
M73 Q17 S16
G1 X118.394 Y103.229 E0.74658
G1 X123.230 Y98.393 E0.74658
M73 P17 R16
G1 X129.837 Y100.163 E0.74658
G1 X131.584 Y106.683 E0.73676
M204 S1000
G1 X130.957 Y106.595 F10800.000
M204 S800
;TYPE:External perimeter
G1 F1500.000
G1 X126.597 Y110.955 E0.67305
G1 X120.641 Y109.359 E0.67305
G1 X119.045 Y103.403 E0.67305
G1 X123.405 Y99.043 E0.67305
G1 X129.361 Y100.639 E0.67305
G1 X130.933 Y106.508 E0.66322
M204 S1000
G1 X131.381 Y107.020 F10800.000
;WIPE_START
G1 F8640.000
G1 X129.677 Y107.797 E-0.47500
;WIPE_END
G1 E-0.02500 F2400.000
G1 Z3.300 F10800.000
G1 X113.074 Y102.480
G1 Z2.900
G1 E0.50000 F2400.000
M204 S800
;TYPE:Perimeter
G1 F2700.000
G1 X122.481 Y93.073 E1.45213
G1 X122.307 Y92.802 E0.03507
G1 X122.741 Y92.713 E0.04833
G1 X123.790 Y92.567 E0.11555
G1 X124.682 Y92.511 E0.09761
G1 X125.185 Y92.508 E0.05492
G1 X125.683 Y92.526 E0.05441
G1 X126.587 Y92.609 E0.09908
G1 X127.593 Y92.779 E0.11136
G1 X128.484 Y93.002 E0.10021
G1 X128.939 Y93.144 E0.05205
G1 X129.891 Y93.505 E0.11113
G1 X130.749 Y93.908 E0.10342
G1 X131.160 Y94.130 E0.05102
G1 X131.562 Y94.368 E0.05098
G1 X132.385 Y94.922 E0.10827
G1 X132.745 Y95.196 E0.04939
G1 X133.487 Y95.832 E0.10668
G1 X134.168 Y96.513 E0.10509
G1 X134.801 Y97.252 E0.10625
G1 X135.123 Y97.681 E0.05850
G1 X135.629 Y98.434 E0.09902
G1 X135.900 Y98.897 E0.05863
G1 X136.310 Y99.695 E0.09787
G1 X136.690 Y100.592 E0.10639
G1 X136.867 Y101.098 E0.05850
G1 X137.117 Y101.959 E0.09786
G1 X137.315 Y102.903 E0.10523
G1 X137.440 Y103.857 E0.10510
G1 X137.492 Y104.833 E0.10668
G1 X137.490 Y105.296 E0.05054
G1 X137.463 Y105.846 E0.06008
G1 X137.370 Y106.752 E0.09945
G1 X137.185 Y107.750 E0.11074
G1 X136.954 Y108.631 E0.09945
G1 X136.814 Y109.063 E0.04952
G1 X136.454 Y109.987 E0.10827
G1 X136.260 Y110.412 E0.05097
G1 X136.050 Y110.829 E0.05097
G1 X135.560 Y111.675 E0.10668
G1 X135.006 Y112.480 E0.10668
G1 X134.728 Y112.837 E0.04939
G1 X134.085 Y113.574 E0.10668
G1 X133.388 Y114.258 E0.10668
G1 X132.609 Y114.906 E0.11060
G1 X131.867 Y115.436 E0.09945
G1 X131.484 Y115.678 E0.04952
G1 X130.629 Y116.152 E0.10668
G1 X129.740 Y116.558 E0.10668
G1 X129.305 Y116.727 E0.05097
G1 X128.326 Y117.040 E0.11219
G1 X127.440 Y117.252 E0.09945
G1 X126.979 Y117.335 E0.05111
G1 X126.516 Y117.400 E0.05097
G1 X125.542 Y117.480 E0.10668
G1 X124.565 Y117.484 E0.10668
G1 X123.555 Y117.407 E0.11060
G1 X122.654 Y117.270 E0.09945
G1 X122.210 Y117.176 E0.04952
G1 X121.267 Y116.920 E0.10668
G1 X120.346 Y116.592 E0.10668
G1 X119.916 Y116.411 E0.05097
G1 X118.996 Y115.952 E0.11219
G1 X118.212 Y115.487 E0.09945
G1 X117.824 Y115.225 E0.05111
G1 X117.009 Y114.599 E0.11219
G1 X116.329 Y113.992 E0.09945
G1 X115.998 Y113.661 E0.05111
G1 X115.681 Y113.319 E0.05098
G1 X115.060 Y112.564 E0.10668
G1 X114.507 Y111.776 E0.10510
G1 X114.008 Y110.935 E0.10668
G1 X113.801 Y110.534 E0.04928
G1 X113.393 Y109.616 E0.10968
G1 X113.083 Y108.745 E0.10092
G1 X112.945 Y108.275 E0.05344
G1 X112.826 Y107.797 E0.05374
G1 X112.654 Y106.900 E0.09976
G1 X112.539 Y105.873 E0.11281
G1 X112.515 Y105.386 E0.05315
G1 X112.520 Y104.486 E0.09824
G1 X112.607 Y103.445 E0.11411
G1 X112.805 Y102.307 E0.12604
G1 X112.998 Y102.431 E0.02511
M204 S1000
G1 X112.994 Y101.735 F10800.000
M204 S800
G1 F2700.000
G1 X121.736 Y92.992 E1.34956
G1 X121.380 Y92.438 E0.07196
G1 X122.115 Y92.246 E0.08288
G1 X122.642 Y92.138 E0.05874
G1 X123.731 Y91.986 E0.12002
G1 X124.662 Y91.928 E0.10183
G1 X125.194 Y91.925 E0.05803
G1 X125.720 Y91.943 E0.05752
G1 X126.663 Y92.030 E0.10331
G1 X127.713 Y92.208 E0.11627
G1 X128.641 Y92.441 E0.10446
G1 X129.129 Y92.592 E0.05578
G1 X130.119 Y92.967 E0.11552
G1 X131.012 Y93.387 E0.10769
G1 X131.874 Y93.875 E0.10810
G1 X132.724 Y94.448 E0.11195
G1 X133.111 Y94.742 E0.05307
G1 X133.884 Y95.404 E0.11098
G1 X134.596 Y96.116 E0.11001
G1 X135.256 Y96.887 E0.11072
G1 X135.599 Y97.342 E0.06223
G1 X136.123 Y98.124 E0.10270
G1 X136.412 Y98.616 E0.06232
G1 X136.839 Y99.447 E0.10200
G1 X137.234 Y100.382 E0.11080
G1 X137.423 Y100.920 E0.06223
G1 X137.684 Y101.818 E0.10200
G1 X137.891 Y102.805 E0.11009
G1 X138.022 Y103.804 E0.11001
G1 X138.076 Y104.819 E0.11098
G1 X138.045 Y105.890 E0.11696
G1 X137.948 Y106.829 E0.10297
G1 X137.870 Y107.316 E0.05386
G1 X137.754 Y107.883 E0.06320
G1 X137.514 Y108.795 E0.10297
G1 X137.364 Y109.259 E0.05315
G1 X136.992 Y110.215 E0.11195
G1 X136.563 Y111.107 E0.10807
G1 X136.053 Y111.987 E0.11098
G1 X135.477 Y112.824 E0.11098
G1 X135.179 Y113.208 E0.05307
G1 X134.510 Y113.974 E0.11098
G1 X133.784 Y114.686 E0.11098
G1 X133.413 Y115.010 E0.05378
G1 X132.961 Y115.372 E0.06320
G1 X132.193 Y115.920 E0.10297
G1 X131.781 Y116.180 E0.05315
G1 X130.892 Y116.673 E0.11098
G1 X129.967 Y117.096 E0.11098
G1 X129.032 Y117.439 E0.10878
G1 X128.477 Y117.604 E0.06320
G1 X127.559 Y117.823 E0.10297
G1 X126.581 Y117.980 E0.10815
G1 X125.568 Y118.063 E0.11098
G1 X124.551 Y118.068 E0.11098
G1 X124.059 Y118.042 E0.05378
G1 X123.482 Y117.986 E0.06320
G1 X122.550 Y117.844 E0.10297
G1 X122.073 Y117.744 E0.05316
G1 X121.092 Y117.477 E0.11098
G1 X120.134 Y117.136 E0.11098
G1 X119.678 Y116.944 E0.05404
G1 X118.711 Y116.462 E0.11793
G1 X117.900 Y115.980 E0.10297
G1 X117.489 Y115.703 E0.05413
G1 X116.632 Y115.045 E0.11793
G1 X115.928 Y114.416 E0.10297
G1 X115.578 Y114.066 E0.05413
G1 X115.241 Y113.703 E0.05404
G1 X114.595 Y112.918 E0.11098
G1 X114.016 Y112.093 E0.11001
G1 X113.498 Y111.218 E0.11098
G1 X113.275 Y110.787 E0.05301
G1 X112.851 Y109.832 E0.11398
G1 X112.528 Y108.925 E0.10512
G1 X112.382 Y108.428 E0.05654
G1 X112.256 Y107.923 E0.05684
G1 X112.077 Y106.987 E0.10401
G1 X111.957 Y105.920 E0.11722
G1 X111.931 Y105.399 E0.05689
G1 X111.936 Y104.460 E0.10247
G1 X112.027 Y103.374 E0.11901
G1 X112.174 Y102.461 E0.10089
G1 X112.437 Y101.378 E0.12173
G1 X112.918 Y101.686 E0.06240
M204 S1000
G1 X112.913 Y100.990 F10800.000
M204 S800
;TYPE:External perimeter
G1 F1500.000
G1 X112.379 Y100.647 E0.06926
G1 X112.804 Y99.595 E0.12392
G1 X113.085 Y99.001 E0.07164
G1 X113.394 Y98.424 E0.07147
G1 X113.731 Y97.862 E0.07153
G1 X114.132 Y97.265 E0.07854
G1 X114.687 Y96.538 E0.09986
G1 X115.116 Y96.041 E0.07167
G1 X115.568 Y95.566 E0.07147
G1 X116.042 Y95.115 E0.07147
G1 X116.538 Y94.687 E0.07147
G1 X117.054 Y94.284 E0.07147
G1 X117.591 Y93.906 E0.07170
G1 X118.423 Y93.393 E0.10674
G1 X119.003 Y93.084 E0.07170
G1 X119.595 Y92.804 E0.07147
G1 X120.653 Y92.385 E0.12425
G1 X120.991 Y92.912 E0.06840
G1 X112.977 Y100.927 E1.23716
M204 S1000
G1 X112.562 Y101.477 F10800.000
G1 X112.074 Y100.595
M204 S800
G1 F2100.000
G1 X112.331 Y99.897 E0.08120
G1 X112.559 Y99.362 E0.06349
G1 X112.814 Y98.830 E0.06443
G1 X113.096 Y98.305 E0.06499
G1 X113.578 Y97.512 E0.10131
G1 X113.917 Y97.018 E0.06540
G1 X114.281 Y96.536 E0.06595
G1 X114.775 Y95.946 E0.08389
G1 X115.184 Y95.502 E0.06594
G1 X115.614 Y95.075 E0.06615
G1 X116.063 Y94.669 E0.06609
G1 X116.528 Y94.287 E0.06569
G1 X117.148 Y93.824 E0.08450
G1 X117.649 Y93.488 E0.06585
G1 X118.161 Y93.176 E0.06538
G1 X118.679 Y92.892 E0.06450
G1 X119.523 Y92.487 E0.10216
G1 X120.064 Y92.263 E0.06395
G1 X121.156 Y91.893 E0.12582
G1 X121.983 Y91.678 E0.09327
G1 X122.543 Y91.563 E0.06243
G1 X123.673 Y91.405 E0.12450
G1 X124.642 Y91.345 E0.10606
G1 X125.202 Y91.341 E0.06113
G1 X125.758 Y91.361 E0.06063
G1 X126.739 Y91.451 E0.10753
G1 X127.833 Y91.637 E0.12117
G1 X128.799 Y91.879 E0.10871
G1 X129.320 Y92.040 E0.05950
G1 X130.347 Y92.430 E0.11990
G1 X131.275 Y92.866 E0.11196
G1 X131.735 Y93.115 E0.05712
G1 X132.186 Y93.382 E0.05712
G1 X133.064 Y93.973 E0.11563
G1 X133.478 Y94.288 E0.05676
G1 X134.280 Y94.975 E0.11528
G1 X135.025 Y95.720 E0.11492
G1 X135.711 Y96.521 E0.11518
G1 X136.075 Y97.004 E0.06597
G1 X136.618 Y97.813 E0.10639
G1 X136.923 Y98.335 E0.06600
G1 X137.368 Y99.200 E0.10613
G1 X137.779 Y100.172 E0.11521
G1 X137.979 Y100.742 E0.06597
G1 X138.250 Y101.676 E0.10613
G1 X138.467 Y102.707 E0.11495
G1 X138.603 Y103.751 E0.11492
G1 X138.659 Y104.805 E0.11528
G1 X138.657 Y105.328 E0.05702
G1 X138.627 Y105.934 E0.06633
G1 X138.527 Y106.905 E0.10648
G1 X138.322 Y108.016 E0.12334
G1 X138.074 Y108.960 E0.10648
G1 X137.914 Y109.455 E0.05679
G1 X137.529 Y110.442 E0.11564
G1 X137.076 Y111.385 E0.11421
G1 X136.547 Y112.299 E0.11528
G1 X135.948 Y113.169 E0.11528
G1 X135.629 Y113.580 E0.05676
G1 X134.935 Y114.375 E0.11528
G1 X134.181 Y115.115 E0.11528
G1 X133.787 Y115.458 E0.05702
G1 X133.313 Y115.838 E0.06633
G1 X132.519 Y116.404 E0.10648
G1 X132.079 Y116.682 E0.05679
G1 X131.155 Y117.194 E0.11528
G1 X130.195 Y117.633 E0.11528
G1 X129.210 Y117.994 E0.11447
G1 X128.628 Y118.167 E0.06633
G1 X127.679 Y118.394 E0.10648
G1 X126.645 Y118.560 E0.11424
G1 X125.593 Y118.646 E0.11528
G1 X124.537 Y118.651 E0.11528
G1 X124.015 Y118.624 E0.05702
G1 X123.410 Y118.565 E0.06633
G1 X122.446 Y118.418 E0.10648
G1 X121.937 Y118.311 E0.05679
G1 X120.918 Y118.035 E0.11528
G1 X119.923 Y117.680 E0.11528
G1 X119.441 Y117.477 E0.05711
G1 X118.426 Y116.972 E0.12367
G1 X117.588 Y116.473 E0.10648
G1 X117.154 Y116.181 E0.05714
G1 X116.255 Y115.491 E0.12367
G1 X115.527 Y114.841 E0.10648
G1 X115.157 Y114.470 E0.05714
G1 X114.802 Y114.086 E0.05711
G1 X114.130 Y113.271 E0.11528
G1 X113.526 Y112.410 E0.11492
G1 X112.987 Y111.501 E0.11528
G1 X112.749 Y111.039 E0.05673
G1 X112.309 Y110.049 E0.11827
G1 X111.973 Y109.105 E0.10933
G1 X111.819 Y108.581 E0.05963
G1 X111.686 Y108.048 E0.05994
G1 X111.500 Y107.074 E0.10825
G1 X111.375 Y105.967 E0.12164
G1 X111.348 Y105.412 E0.06062
G1 X111.353 Y104.435 E0.10670
G1 X111.447 Y103.303 E0.12391
G1 X111.600 Y102.353 E0.10510
G1 X111.722 Y101.795 E0.06226
G1 X111.870 Y101.235 E0.06322
G1 X112.043 Y100.679 E0.06357
M204 S1000
G1 X112.663 Y100.479 F10800.000
;WIPE_START
G1 F8640.000
G1 X112.331 Y99.897 E-0.22005
G1 X112.559 Y99.362 E-0.15350
G1 X112.725 Y99.015 E-0.10145
;WIPE_END
G1 E-0.02500 F2400.000
G1 Z3.300 F10800.000
G1 X112.886 Y102.859
G1 Z2.900
G1 E0.50000 F2400.000
;TYPE:Solid infill
;WIDTH:0.683904
G1 F3405.223
G1 X113.454 Y103.426 E0.08821
G1 X113.869 Y103.011 E0.06454
G1 X113.515 Y102.657 E0.05498
G1 X113.931 Y102.242 E0.06454
G1 X114.284 Y102.596 E0.05498
G1 X114.700 Y102.180 E0.06454
G1 X114.346 Y101.827 E0.05498
G1 X114.761 Y101.411 E0.06454
G1 X115.115 Y101.765 E0.05498
G1 X115.530 Y101.350 E0.06454
G1 X115.177 Y100.996 E0.05498
G1 X115.592 Y100.581 E0.06454
G1 X115.946 Y100.934 E0.05498
G1 X116.361 Y100.519 E0.06454
G1 X116.007 Y100.165 E0.05498
G1 X116.422 Y99.750 E0.06454
G1 X116.776 Y100.104 E0.05498
G1 X117.192 Y99.689 E0.06454
G1 X116.838 Y99.335 E0.05498
G1 X117.253 Y98.919 E0.06454
G1 X117.607 Y99.273 E0.05498
G1 X118.022 Y98.858 E0.06454
G1 X117.668 Y98.504 E0.05498
G1 X118.084 Y98.089 E0.06454
G1 X118.437 Y98.443 E0.05498
G1 X118.853 Y98.027 E0.06454
M73 Q18 S16
G1 X118.499 Y97.673 E0.05498
G1 X118.914 Y97.258 E0.06454
G1 X119.268 Y97.612 E0.05498
G1 X119.683 Y97.197 E0.06454
G1 X119.330 Y96.843 E0.05498
G1 X119.745 Y96.428 E0.06454
G1 X120.099 Y96.781 E0.05498
G1 X120.514 Y96.366 E0.06454
G1 X120.160 Y96.012 E0.05498
G1 X120.576 Y95.597 E0.06454
G1 X120.929 Y95.951 E0.05498
G1 X121.345 Y95.535 E0.06454
G1 X120.991 Y95.182 E0.05498
M73 P18 R16
G1 X121.406 Y94.766 E0.06454
G1 X121.760 Y95.120 E0.05498
G1 X122.175 Y94.705 E0.06454
G1 X121.821 Y94.351 E0.05498
G1 X122.237 Y93.936 E0.06454
G1 X122.591 Y94.290 E0.05498
G1 X123.006 Y93.874 E0.06454
G1 X122.652 Y93.520 E0.05498
G1 X123.040 Y93.133 E0.06022
G1 X123.028 Y93.115 E0.00235
G1 X123.071 Y93.109 E0.00478
G1 X123.607 Y93.645 E0.08324
;WIPE_START
G1 F8640.000
G1 X123.071 Y93.109 E-0.19991
G1 X123.028 Y93.115 E-0.01148
G1 X123.040 Y93.133 E-0.00564
G1 X122.652 Y93.520 E-0.14463
G1 X122.956 Y93.824 E-0.11334
;WIPE_END
G1 E-0.02500 F2400.000
G1 Z3.300 F10800.000
G1 X125.384 Y117.043
G1 Z2.900
G1 E0.50000 F2400.000
;TYPE:Internal infill
;WIDTH:0.68
G1 F3428.008
G1 X126.464 Y116.965 E0.11813
G1 X126.940 Y116.889 E0.05262
G1 X128.406 Y111.414 E0.61859
G1 X128.885 Y110.936 E0.07390
G1 X132.435 Y114.485 E0.54793
G1 X131.623 Y115.072 E0.10932
G1 X130.942 Y115.478 E0.08659
G1 X135.387 Y98.887 E1.87482
G1 X135.914 Y99.880 E0.12268
G1 X136.177 Y100.504 E0.07391
G1 X131.333 Y101.802 E0.54741
G1 X131.158 Y101.147 E0.07405
G1 X132.625 Y95.670 E0.61884
G1 X133.189 Y96.154 E0.08111
G1 X133.846 Y96.811 E0.10141
G1 X134.330 Y97.375 E0.08111
G1 X128.853 Y98.842 E0.61884
G1 X128.198 Y98.667 E0.07405
G1 X129.496 Y93.823 E0.54735
G1 X129.720 Y93.908 E0.02621
G1 X130.548 Y94.297 E0.09976
G1 X131.108 Y94.614 E0.07028
G1 X120.157 Y97.549 E1.23753
G1 X120.303 Y97.403 E0.02253
G1 X121.540 Y98.640 E0.19095
G1 X120.744 Y99.435 E0.12278
G1 X121.650 Y96.055 E0.38189
G1 X122.778 Y94.927 E0.17415
G1 X125.902 Y98.051 E0.48226
G1 X124.817 Y97.761 E0.12263
G1 X126.092 Y93.003 E0.53766
G1 X125.775 Y92.974 E0.03474
G1 X137.021 Y104.220 E1.73609
G1 X137.005 Y103.906 E0.03433
G1 X132.239 Y105.183 E0.53851
G1 X131.949 Y104.098 E0.12263
G1 X136.491 Y108.640 E0.70117
G1 X136.771 Y107.593 E0.11832
G1 X130.565 Y109.256 E0.70127
G1 X131.360 Y108.460 E0.12278
G1 X134.844 Y111.944 E0.53768
G1 X135.021 Y111.686 E0.03412
G1 X119.654 Y115.803 E1.73645
G1 X119.947 Y115.935 E0.03503
G1 X121.222 Y111.176 E0.53779
G1 X122.310 Y111.468 E0.12293
G1 X116.107 Y113.130 E0.70098
G1 X116.633 Y113.677 E0.08288
G1 X116.871 Y113.890 E0.03481
G1 X118.532 Y107.690 E0.70057
G1 X118.824 Y108.778 E0.12293
G1 X114.066 Y110.053 E0.53763
G1 X114.196 Y110.346 E0.03505
G1 X116.699 Y101.006 E1.05546
G1 X117.827 Y99.878 E0.17415
G1 X119.064 Y101.115 E0.19095
G1 X118.586 Y101.594 E0.07390
G1 X115.206 Y102.499 E0.38189
G1 X115.352 Y102.353 E0.02253
G1 X117.743 Y104.744 E0.36905
G1 X117.918 Y105.397 E0.07375
G1 X113.072 Y106.695 E0.54762
G1 X112.975 Y105.837 E0.09422
G1 X112.952 Y105.377 E0.05034
G1 X112.955 Y104.907 E0.05129
G1 X125.093 Y117.044 E1.87362
G1 X124.575 Y117.047 E0.05645
G1 X124.135 Y117.023 E0.04812
G1 X123.306 Y116.926 E0.09118
G1 X124.603 Y112.082 E0.54736
G1 X125.256 Y112.257 E0.07375
G1 X129.127 Y116.128 E0.59752
G1 X128.568 Y116.357 E0.06590
G1 X128.622 Y116.495 E0.01627
G1 X128.213 Y116.617 E0.04661
G1 X127.228 Y116.842 E0.11028
; stop printing object C:/Users/orcas/AppData/Local/Temp/Neutron/Body1.stl id:0 copy 0
;LAYER_CHANGE
;Z:3.35
;HEIGHT:0.45
;BEFORE_LAYER_CHANGE
G92 E0.0
;3.35


;WIPE_START
G1 F8640.000
G1 X128.213 Y116.617 E-0.26662
G1 X128.622 Y116.495 E-0.11269
G1 X128.568 Y116.357 E-0.03933
G1 X128.766 Y116.276 E-0.05636
;WIPE_END
G1 E-0.02500 F2400.000
G1 Z3.300 F10800.000
G1 Z3.350
;AFTER_LAYER_CHANGE
;3.35
; printing object C:/Users/orcas/AppData/Local/Temp/Neutron/Body1.stl id:0 copy 0
G1 Z3.750
G1 X126.945 Y112.257
G1 Z3.350
G1 E0.50000 F2400.000
M204 S800
;TYPE:Perimeter
G1 F2700.000
G1 X119.688 Y110.312 E0.82012
G1 X117.743 Y103.055 E0.82012
G1 X123.056 Y97.742 E0.82012
G1 X130.313 Y99.687 E0.82012
G1 X132.258 Y106.944 E0.82012
G1 X127.009 Y112.193 E0.81029
M204 S1000
G1 X126.771 Y111.606 F10800.000
M204 S800
G1 F2700.000
G1 X120.164 Y109.836 E0.74658
G1 X118.394 Y103.229 E0.74658
G1 X123.230 Y98.393 E0.74658
G1 X129.837 Y100.163 E0.74658
G1 X131.607 Y106.770 E0.74658
G1 X126.835 Y111.542 E0.73676
M204 S1000
G1 X126.597 Y110.955 F10800.000
M204 S800
;TYPE:External perimeter
G1 F1500.000
G1 X120.641 Y109.359 E0.67305
G1 X119.045 Y103.403 E0.67305
G1 X123.405 Y99.043 E0.67305
G1 X129.361 Y100.639 E0.67305
G1 X130.957 Y106.595 E0.67305
M73 Q19 S16
G1 X126.660 Y110.892 E0.66322
M204 S1000
G1 X126.441 Y111.535 F10800.000
;WIPE_START
G1 F8640.000
G1 X124.916 Y110.448 E-0.47500
;WIPE_END
M73 P19 R16
G1 E-0.02500 F2400.000
G1 Z3.750 F10800.000
G1 X112.796 Y103.394
G1 Z3.350
G1 E0.50000 F2400.000
M204 S800
;TYPE:Perimeter
G1 F2700.000
G1 X123.395 Y92.795 E1.63613
G1 X123.294 Y92.624 E0.02162
G1 X123.787 Y92.567 E0.05413
G1 X124.674 Y92.512 E0.09695
G1 X125.186 Y92.508 E0.05599
G1 X125.693 Y92.526 E0.05534
G1 X126.578 Y92.608 E0.09704
G1 X127.599 Y92.781 E0.11305
G1 X128.475 Y93.000 E0.09847
G1 X128.936 Y93.143 E0.05277
G1 X129.899 Y93.508 E0.11233
G1 X130.749 Y93.908 E0.10255
G1 X131.160 Y94.130 E0.05103
G1 X131.562 Y94.368 E0.05099
G1 X132.385 Y94.922 E0.10827
G1 X132.745 Y95.196 E0.04939
G1 X133.487 Y95.832 E0.10668
G1 X134.178 Y96.523 E0.10668
G1 X134.847 Y97.313 E0.11295
G1 X135.370 Y98.032 E0.09706
G1 X135.624 Y98.426 E0.05115
G1 X135.862 Y98.828 E0.05097
G1 X136.311 Y99.696 E0.10668
G1 X136.690 Y100.592 E0.10615
G1 X136.874 Y101.119 E0.06094
G1 X137.117 Y101.959 E0.09548
G1 X137.315 Y102.903 E0.10527
G1 X137.440 Y103.857 E0.10510
G1 X137.492 Y104.833 E0.10668
G1 X137.490 Y105.295 E0.05045
G1 X137.461 Y105.868 E0.06253
G1 X137.371 Y106.738 E0.09548
G1 X137.200 Y107.687 E0.10527
G1 X136.953 Y108.632 E0.10668
G1 X136.809 Y109.077 E0.05097
G1 X136.424 Y110.053 E0.11453
G1 X136.037 Y110.853 E0.09706
G1 X135.816 Y111.252 E0.04974
G1 X135.342 Y112.004 E0.09706
G1 X135.015 Y112.468 E0.06200
G1 X134.663 Y112.915 E0.06200
G1 X134.087 Y113.572 E0.09548
G1 X133.398 Y114.248 E0.10527
G1 X132.661 Y114.867 E0.10509
G1 X131.866 Y115.436 E0.10668
G1 X131.484 Y115.678 E0.04939
G1 X130.620 Y116.156 E0.10774
G1 X130.116 Y116.395 E0.06094
G1 X129.306 Y116.726 E0.09548
G1 X128.389 Y117.023 E0.10527
G1 X127.438 Y117.252 E0.10668
G1 X126.979 Y117.335 E0.05097
G1 X126.516 Y117.400 E0.05097
G1 X125.542 Y117.480 E0.10668
G1 X124.565 Y117.484 E0.10668
G1 X123.533 Y117.404 E0.11295
G1 X122.654 Y117.270 E0.09706
G1 X122.196 Y117.173 E0.05115
G1 X121.184 Y116.893 E0.11453
G1 X120.347 Y116.593 E0.09706
G1 X119.916 Y116.411 E0.05115
G1 X118.977 Y115.942 E0.11453
G1 X118.213 Y115.487 E0.09706
G1 X117.836 Y115.233 E0.04956
G1 X117.051 Y114.636 E0.10774
G1 X116.629 Y114.270 E0.06094
G1 X115.993 Y113.655 E0.09654
G1 X115.615 Y113.242 E0.06112
G1 X115.061 Y112.565 E0.09548
G1 X114.507 Y111.776 E0.10527
G1 X114.008 Y110.935 E0.10668
G1 X113.801 Y110.534 E0.04926
G1 X113.391 Y109.609 E0.11048
G1 X113.085 Y108.752 E0.09936
G1 X112.945 Y108.276 E0.05411
G1 X112.824 Y107.792 E0.05449
G1 X112.656 Y106.911 E0.09790
G1 X112.539 Y105.869 E0.11446
G1 X112.515 Y105.373 E0.05416
G1 X112.520 Y104.478 E0.09774
G1 X112.551 Y103.965 E0.05608
G1 X112.630 Y103.296 E0.07353
G1 X112.719 Y103.348 E0.01123
M204 S1000
G1 X112.704 Y102.661 F10800.000
M204 S800
G1 F2700.000
G1 X122.663 Y92.702 E1.53737
G1 X122.363 Y92.195 E0.06426
G1 X123.194 Y92.049 E0.09205
G1 X123.735 Y91.985 E0.05948
G1 X124.654 Y91.928 E0.10047
G1 X125.195 Y91.925 E0.05910
G1 X125.730 Y91.944 E0.05846
G1 X126.654 Y92.029 E0.10124
G1 X127.719 Y92.209 E0.11795
G1 X128.632 Y92.438 E0.10271
G1 X129.126 Y92.591 E0.05650
G1 X130.126 Y92.971 E0.11674
G1 X131.012 Y93.387 E0.10681
G1 X131.448 Y93.623 E0.05407
G1 X131.874 Y93.875 E0.05406
G1 X132.724 Y94.448 E0.11195
G1 X133.111 Y94.742 E0.05307
G1 X133.884 Y95.404 E0.11098
G1 X134.602 Y96.123 E0.11098
G1 X135.309 Y96.957 E0.11936
G1 X135.851 Y97.702 E0.10054
G1 X136.120 Y98.119 E0.05415
G1 X136.373 Y98.545 E0.05404
G1 X136.840 Y99.448 E0.11098
G1 X137.234 Y100.382 E0.11066
G1 X137.430 Y100.941 E0.06469
G1 X137.684 Y101.817 E0.09957
G1 X137.891 Y102.805 E0.11011
G1 X138.022 Y103.804 E0.11001
G1 X138.076 Y104.819 E0.11098
G1 X138.073 Y105.311 E0.05372
G1 X138.043 Y105.912 E0.06566
G1 X137.949 Y106.820 E0.09957
G1 X137.770 Y107.812 E0.11011
G1 X137.514 Y108.796 E0.11098
G1 X137.361 Y109.267 E0.05404
G1 X136.956 Y110.292 E0.12033
G1 X136.555 Y111.122 E0.10054
G1 X136.318 Y111.549 E0.05329
G1 X135.828 Y112.328 E0.10054
G1 X135.482 Y112.817 E0.06534
G1 X135.112 Y113.288 E0.06534
G1 X134.511 Y113.974 E0.09957
G1 X133.791 Y114.680 E0.11011
G1 X133.019 Y115.328 E0.11001
G1 X132.192 Y115.920 E0.11098
G1 X131.781 Y116.180 E0.05307
G1 X130.887 Y116.676 E0.11163
G1 X130.351 Y116.929 E0.06469
G1 X129.507 Y117.274 E0.09957
G1 X128.547 Y117.585 E0.11011
G1 X127.558 Y117.823 E0.11098
G1 X126.581 Y117.980 E0.10807
G1 X125.568 Y118.063 E0.11098
G1 X124.551 Y118.068 E0.11098
G1 X123.461 Y117.983 E0.11935
G1 X122.550 Y117.844 E0.10054
G1 X121.579 Y117.620 E0.10882
G1 X121.002 Y117.448 E0.06566
G1 X120.135 Y117.137 E0.10054
G1 X119.224 Y116.731 E0.10882
G1 X118.692 Y116.451 E0.06566
G1 X117.900 Y115.980 E0.10054
G1 X117.496 Y115.708 E0.05318
G1 X116.682 Y115.089 E0.11163
G1 X116.235 Y114.700 E0.06469
G1 X115.575 Y114.062 E0.10022
G1 X115.174 Y113.624 E0.06480
G1 X114.596 Y112.919 E0.09957
G1 X114.016 Y112.093 E0.11011
G1 X113.498 Y111.218 E0.11098
G1 X113.275 Y110.787 E0.05299
G1 X112.848 Y109.826 E0.11478
G1 X112.530 Y108.932 E0.10355
G1 X112.382 Y108.429 E0.05721
G1 X112.254 Y107.917 E0.05760
G1 X112.079 Y106.998 E0.10213
G1 X111.957 Y105.916 E0.11891
G1 X111.931 Y105.386 E0.05791
G1 X111.936 Y104.458 E0.10127
G1 X112.027 Y103.369 E0.11927
G1 X112.196 Y102.361 E0.11152
G1 X112.626 Y102.616 E0.05455
M204 S1000
G1 X112.611 Y101.929 F10800.000
M204 S800
;TYPE:External perimeter
G1 F1500.000
G1 X112.085 Y101.618 E0.06665
G1 X112.440 Y100.505 E0.12757
G1 X112.804 Y99.595 E0.10693
G1 X113.086 Y99.000 E0.07193
G1 X113.558 Y98.142 E0.10682
G1 X113.959 Y97.515 E0.08125
G1 X114.484 Y96.792 E0.09760
G1 X115.115 Y96.042 E0.10692
G1 X115.568 Y95.566 E0.07170
G1 X116.043 Y95.114 E0.07170
G1 X116.793 Y94.483 E0.10692
G1 X117.516 Y93.957 E0.09760
G1 X118.144 Y93.556 E0.08125
G1 X119.001 Y93.085 E0.10682
G1 X119.595 Y92.804 E0.07170
G1 X120.202 Y92.552 E0.07170
G1 X121.124 Y92.235 E0.10651
G1 X121.623 Y92.090 E0.05672
G1 X121.930 Y92.610 E0.06586
G1 X112.675 Y101.865 E1.42878
M204 S1000
G1 X112.271 Y102.423 F10800.000
G1 X111.767 Y101.625
M204 S800
G1 F2100.000
G1 X112.055 Y100.645 E0.11145
G1 X112.320 Y99.923 E0.08402
G1 X112.554 Y99.373 E0.06521
G1 X112.817 Y98.825 E0.06630
G1 X113.108 Y98.284 E0.06710
G1 X113.572 Y97.521 E0.09746
G1 X113.923 Y97.010 E0.06763
G1 X114.300 Y96.512 E0.06825
G1 X114.867 Y95.841 E0.09583
G1 X115.613 Y95.076 E0.11667
G1 X116.076 Y94.658 E0.06813
G1 X116.558 Y94.263 E0.06799
G1 X117.117 Y93.846 E0.07612
G1 X117.635 Y93.497 E0.06820
G1 X118.164 Y93.175 E0.06751
G1 X118.698 Y92.882 E0.06648
G1 X119.512 Y92.492 E0.09853
G1 X120.068 Y92.262 E0.06578
G1 X120.628 Y92.059 E0.06497
G1 X121.187 Y91.884 E0.06391
G1 X121.960 Y91.683 E0.08725
G1 X122.538 Y91.564 E0.06436
G1 X123.683 Y91.404 E0.12618
G1 X124.634 Y91.345 E0.10398
G1 X125.204 Y91.341 E0.06221
G1 X125.767 Y91.362 E0.06157
G1 X126.729 Y91.450 E0.10545
G1 X127.839 Y91.638 E0.12285
G1 X128.789 Y91.876 E0.10695
G1 X129.317 Y92.039 E0.06024
G1 X130.354 Y92.433 E0.12115
G1 X131.275 Y92.866 E0.11107
G1 X131.735 Y93.115 E0.05712
G1 X132.186 Y93.382 E0.05713
G1 X133.064 Y93.973 E0.11563
G1 X133.478 Y94.288 E0.05676
G1 X134.280 Y94.975 E0.11528
G1 X135.027 Y95.722 E0.11528
G1 X135.374 Y96.112 E0.05699
G1 X135.772 Y96.601 E0.06880
G1 X136.333 Y97.372 E0.10402
G1 X136.617 Y97.812 E0.05715
G1 X136.883 Y98.262 E0.05711
G1 X137.368 Y99.200 E0.11528
G1 X137.779 Y100.172 E0.11516
G1 X137.986 Y100.764 E0.06844
G1 X138.250 Y101.676 E0.10366
G1 X138.467 Y102.707 E0.11496
G1 X138.603 Y103.751 E0.11492
G1 X138.659 Y104.805 E0.11528
G1 X138.657 Y105.327 E0.05699
G1 X138.625 Y105.957 E0.06880
G1 X138.527 Y106.902 E0.10366
G1 X138.341 Y107.938 E0.11496
G1 X138.074 Y108.960 E0.11528
G1 X137.913 Y109.458 E0.05711
G1 X137.732 Y109.951 E0.05735
G1 X137.488 Y110.532 E0.06880
G1 X137.073 Y111.390 E0.10402
G1 X136.821 Y111.846 E0.05683
G1 X136.313 Y112.652 E0.10402
G1 X135.950 Y113.166 E0.06868
G1 X135.561 Y113.661 E0.06868
G1 X134.935 Y114.375 E0.10366
G1 X134.183 Y115.112 E0.11496
G1 X133.377 Y115.789 E0.11492
G1 X132.518 Y116.404 E0.11528
G1 X132.079 Y116.682 E0.05676
G1 X131.153 Y117.195 E0.11552
G1 X130.586 Y117.463 E0.06844
G1 X129.707 Y117.823 E0.10366
G1 X128.705 Y118.147 E0.11496
G1 X127.678 Y118.394 E0.11528
G1 X127.164 Y118.487 E0.05711
G1 X126.645 Y118.560 E0.05711
G1 X125.593 Y118.646 E0.11528
G1 X124.537 Y118.651 E0.11528
G1 X124.015 Y118.624 E0.05699
G1 X123.388 Y118.562 E0.06880
G1 X122.446 Y118.418 E0.10402
G1 X121.934 Y118.310 E0.05715
G1 X121.424 Y118.183 E0.05735
G1 X120.820 Y118.002 E0.06880
G1 X119.923 Y117.680 E0.10402
G1 X119.441 Y117.477 E0.05715
G1 X118.965 Y117.253 E0.05735
G1 X118.407 Y116.960 E0.06880
G1 X117.588 Y116.473 E0.10402
G1 X117.156 Y116.182 E0.05679
G1 X116.314 Y115.541 E0.11552
G1 X115.841 Y115.131 E0.06844
G1 X115.156 Y114.469 E0.10390
G1 X114.733 Y114.006 E0.06848
G1 X114.131 Y113.272 E0.10366
G1 X113.526 Y112.410 E0.11496
G1 X112.987 Y111.501 E0.11528
G1 X112.749 Y111.039 E0.05673
G1 X112.306 Y110.042 E0.11908
G1 X111.975 Y109.112 E0.10773
G1 X111.819 Y108.582 E0.06030
G1 X111.684 Y108.043 E0.06070
G1 X111.502 Y107.086 E0.10636
G1 X111.375 Y105.963 E0.12335
G1 X111.347 Y105.398 E0.06166
G1 X111.353 Y104.438 E0.10480
M73 P19 R15
G1 X111.449 Y103.292 E0.12553
G1 X111.598 Y102.363 E0.10276
G1 X111.744 Y101.712 E0.07278
M204 S1000
G1 X112.345 Y101.465 F10800.000
;WIPE_START
G1 F8640.000
G1 X112.055 Y100.645 E-0.29318
G1 X112.292 Y99.999 E-0.18182
;WIPE_END
G1 E-0.02500 F2400.000
G1 Z3.750 F10800.000
G1 X112.775 Y104.659
G1 Z3.350
G1 E0.50000 F2400.000
;TYPE:Solid infill
;WIDTH:0.796686
G1 F2856.673
G1 X124.655 Y92.779 E2.20062
G1 X125.089 Y93.253 F10800.000
;TYPE:Internal infill
;WIDTH:0.68
G1 F3428.008
G1 X123.321 Y95.021 E0.27288
G1 X126.517 Y98.216 E0.49330
M73 Q19 S15
G1 X127.891 Y98.584 E0.15527
G1 X129.197 Y93.710 E0.55082
G1 X128.794 Y93.557 E0.04706
G1 X128.357 Y93.421 E0.04997
G1 X127.510 Y93.209 E0.09529
G1 X126.782 Y93.086 E0.08056
;WIPE_START
G1 F8640.000
G1 X127.510 Y93.209 E-0.19477
G1 X128.357 Y93.421 E-0.23037
G1 X128.537 Y93.477 E-0.04986
;WIPE_END
G1 E-0.02500 F2400.000
G1 Z3.750 F10800.000
G1 X126.235 Y98.141
G1 Z3.350
G1 E0.50000 F2400.000
G1 F3428.008
G1 X124.509 Y97.678 E0.19499
G1 X125.770 Y92.973 E0.53172
G1 X126.270 Y93.019 E0.05477
G1 X136.983 Y103.731 E1.65366
G1 X137.022 Y104.231 E0.05470
G1 X132.322 Y105.491 E0.53115
G1 X131.859 Y103.765 E0.19499
;WIPE_START
G1 F8640.000
G1 X132.322 Y105.491 E-0.47140
G1 X132.335 Y105.487 E-0.00360
;WIPE_END
G1 E-0.02500 F2400.000
G1 Z3.750 F10800.000
G1 X136.915 Y103.219
G1 Z3.350
G1 E0.50000 F2400.000
G1 F3428.008
G1 X136.884 Y102.976 E0.02669
G1 X136.692 Y102.065 E0.10164
G1 X136.457 Y101.252 E0.09241
G1 X136.299 Y100.801 E0.05215
G1 X131.416 Y102.109 E0.55185
G1 X131.784 Y103.483 E0.15527
G1 X136.590 Y108.290 E0.74198
M73 Q20 S15
G1 X136.680 Y107.947 F10800.000
G1 F3428.008
G1 X130.115 Y109.706 E0.74187
G1 X129.110 Y110.711 E0.15512
G1 X132.679 Y114.280 E0.55097
M73 P20 R15
G1 X133.104 Y113.924 E0.06049
G1 X133.769 Y113.272 E0.10164
G1 X134.431 Y112.503 E0.11073
;WIPE_START
G1 F8640.000
G1 X133.769 Y113.272 E-0.26771
G1 X133.208 Y113.822 E-0.20729
;WIPE_END
G1 E-0.02500 F2400.000
G1 Z3.750 F10800.000
G1 X135.887 Y110.157
G1 Z3.350
G1 E0.50000 F2400.000
G1 F3428.008
G1 X135.648 Y110.652 E0.05996
G1 X135.420 Y111.059 E0.05092
G1 X137.050 Y104.977 E0.68731
G1 X137.009 Y105.992 E0.11096
;WIPE_START
G1 F8640.000
G1 X137.050 Y104.977 E-0.26825
G1 X136.847 Y105.733 E-0.20675
;WIPE_END
G1 E-0.02500 F2400.000
G1 Z3.750 F10800.000
G1 X130.321 Y109.500
G1 Z3.350
G1 E0.50000 F2400.000
G1 F3428.008
G1 X131.585 Y108.235 E0.19514
G1 X135.030 Y111.680 E0.53168
G1 X134.747 Y112.089 E0.05427
G1 X120.114 Y116.010 E1.65361
G1 X119.653 Y115.803 E0.05513
G1 X120.915 Y111.094 E0.53210
G1 X122.643 Y111.557 E0.19529
;WIPE_START
G1 F8640.000
G1 X120.915 Y111.094 E-0.47213
G1 X120.912 Y111.104 E-0.00287
;WIPE_END
G1 E-0.02500 F2400.000
G1 Z3.750 F10800.000
G1 X113.858 Y104.484
G1 Z3.350
G1 E0.50000 F2400.000
G1 F3428.008
G1 X115.625 Y102.716 E0.27288
G1 X118.136 Y102.044 E0.28365
G1 X117.255 Y102.924 E0.13590
G1 X117.578 Y104.129 E0.13620
G1 X115.895 Y102.446 E0.25978
G1 X116.016 Y102.325 E0.01867
G1 X113.991 Y109.883 E0.85406
G1 X114.197 Y110.347 E0.05538
G1 X118.906 Y109.085 E0.53215
G1 X118.443 Y107.357 E0.19529
;WIPE_START
G1 F8640.000
G1 X118.906 Y109.085 E-0.47213
G1 X118.896 Y109.088 E-0.00287
;WIPE_END
G1 E-0.02500 F2400.000
G1 Z3.750 F10800.000
G1 X115.111 Y111.876
G1 Z3.350
G1 E0.50000 F2400.000
G1 F3428.008
G1 X114.874 Y111.538 E0.04504
G1 X114.566 Y111.019 E0.06596
G1 X118.986 Y115.438 E0.68217
G1 X118.447 Y115.117 E0.06840
G1 X118.122 Y114.898 E0.04275
;WIPE_START
G1 F8640.000
G1 X118.447 Y115.117 E-0.10335
G1 X118.986 Y115.438 E-0.16537
G1 X118.433 Y114.885 E-0.20628
;WIPE_END
G1 E-0.02500 F2400.000
G1 Z3.750 F10800.000
G1 X120.584 Y116.213
G1 Z3.350
G1 E0.50000 F2400.000
G1 F3428.008
G1 X121.321 Y116.477 E0.08544
G1 X121.845 Y116.634 E0.05972
G1 X122.736 Y116.840 E0.09984
G1 X122.989 Y116.878 E0.02788
G1 X124.296 Y112.000 E0.55125
G1 X122.925 Y111.633 E0.15497
G1 X116.352 Y113.394 E0.74273
G1 X116.608 Y113.641 F10800.000
G1 F3428.008
G1 X118.367 Y107.075 E0.74196
G1 X118.000 Y105.704 E0.15497
G1 X113.121 Y107.011 E0.55137
G1 X112.975 Y105.833 E0.12955
G1 X112.954 Y105.092 E0.08099
G1 X113.158 Y105.184 E0.02443
G1 X113.420 Y104.922 E0.04047
G1 X125.539 Y117.041 E1.87078
G1 X126.595 Y116.947 E0.11566
G1 X127.956 Y111.864 E0.57431
G1 X127.076 Y112.745 E0.13590
G1 X125.871 Y112.422 E0.13620
G1 X129.587 Y116.138 E0.57369
G1 X129.939 Y115.994 E0.04152
G1 X130.555 Y115.692 E0.07483
G1 X135.156 Y98.519 E1.94070
G1 X135.006 Y98.276 E0.03111
G1 X134.548 Y97.646 E0.08509
G1 X129.468 Y99.007 E0.57402
G1 X130.671 Y99.329 E0.13590
G1 X130.993 Y100.532 E0.13590
G1 X132.355 Y95.450 E0.57430
G1 X131.483 Y94.843 E0.11591
G1 X120.576 Y97.766 E1.23254
G1 X118.371 Y99.971 E0.34045
G1 X119.289 Y100.890 E0.14182
G1 X120.294 Y99.885 E0.15512
G1 X120.967 Y97.375 E0.28365
G1 X120.846 Y97.496 E0.01867
G1 X121.765 Y98.415 E0.14182
G1 X120.500 Y99.679 E0.19514
; stop printing object C:/Users/orcas/AppData/Local/Temp/Neutron/Body1.stl id:0 copy 0
;LAYER_CHANGE
;Z:3.8
;HEIGHT:0.45
;BEFORE_LAYER_CHANGE
G92 E0.0
;3.8


;WIPE_START
G1 F8640.000
G1 X121.765 Y98.415 E-0.47177
G1 X121.756 Y98.406 E-0.00323
;WIPE_END
G1 E-0.02500 F2400.000
G1 Z3.750 F10800.000
G1 Z3.800
;AFTER_LAYER_CHANGE
;3.8
; printing object C:/Users/orcas/AppData/Local/Temp/Neutron/Body1.stl id:0 copy 0
G1 Z4.200
G1 X123.056 Y97.742
G1 Z3.800
G1 E0.50000 F2400.000
M204 S800
;TYPE:Perimeter
G1 F2700.000
G1 X130.313 Y99.687 E0.82012
G1 X132.258 Y106.944 E0.82012
G1 X126.945 Y112.257 E0.82012
G1 X119.688 Y110.312 E0.82012
G1 X117.743 Y103.055 E0.82012
G1 X122.992 Y97.806 E0.81029
M204 S1000
G1 X123.230 Y98.393 F10800.000
M204 S800
G1 F2700.000
G1 X129.837 Y100.163 E0.74658
G1 X131.607 Y106.770 E0.74658
G1 X126.771 Y111.606 E0.74658
G1 X120.164 Y109.836 E0.74658
G1 X118.394 Y103.229 E0.74658
G1 X123.167 Y98.456 E0.73676
M204 S1000
G1 X123.405 Y99.043 F10800.000
M204 S800
;TYPE:External perimeter
G1 F1500.000
G1 X129.361 Y100.639 E0.67305
G1 X130.957 Y106.595 E0.67305
G1 X126.597 Y110.955 E0.67305
G1 X120.641 Y109.359 E0.67305
G1 X119.045 Y103.403 E0.67305
M73 Q21 S15
G1 X123.341 Y99.107 E0.66322
M204 S1000
G1 X123.560 Y98.464 F10800.000
;WIPE_START
G1 F8640.000
G1 X125.085 Y99.551 E-0.47500
;WIPE_END
M73 P21 R15
G1 E-0.02500 F2400.000
G1 Z4.200 F10800.000
G1 X124.172 Y92.542
G1 Z3.800
G1 E0.50000 F2400.000
M204 S800
;TYPE:Perimeter
G1 F2700.000
G1 X124.665 Y92.512 E0.05392
G1 X125.187 Y92.508 E0.05705
G1 X125.703 Y92.527 E0.05626
G1 X126.569 Y92.607 E0.09499
G1 X127.606 Y92.782 E0.11473
G1 X128.465 Y92.997 E0.09673
G1 X128.933 Y93.142 E0.05349
G1 X129.906 Y93.511 E0.11353
G1 X130.749 Y93.908 E0.10167
G1 X131.562 Y94.368 E0.10201
G1 X132.385 Y94.922 E0.10827
G1 X132.745 Y95.196 E0.04939
G1 X133.487 Y95.832 E0.10668
G1 X134.168 Y96.513 E0.10509
G1 X134.804 Y97.255 E0.10668
G1 X135.078 Y97.615 E0.04939
G1 X135.632 Y98.438 E0.10827
G1 X135.862 Y98.828 E0.04939
G1 X136.311 Y99.696 E0.10668
G1 X136.691 Y100.596 E0.10668
G1 X136.843 Y101.022 E0.04939
G1 X137.117 Y101.960 E0.10668
G1 X137.315 Y102.903 E0.10510
G1 X137.440 Y103.857 E0.10510
G1 X137.492 Y104.833 E0.10668
G1 X137.470 Y105.767 E0.10193
G1 X137.371 Y106.739 E0.10668
G1 X137.198 Y107.701 E0.10668
G1 X136.959 Y108.613 E0.10290
G1 X136.772 Y109.178 E0.06497
G1 X136.455 Y109.986 E0.09467
G1 X135.990 Y110.936 E0.11551
G1 X135.561 Y111.673 E0.09308
G1 X135.006 Y112.480 E0.10690
G1 X134.337 Y113.297 E0.11530
G1 X133.740 Y113.926 E0.09467
G1 X133.409 Y114.238 E0.04961
G1 X132.661 Y114.867 E0.10668
G1 X131.866 Y115.436 E0.10668
G1 X131.472 Y115.686 E0.05098
G1 X130.532 Y116.199 E0.11688
G1 X129.742 Y116.557 E0.09467
G1 X129.318 Y116.722 E0.04961
G1 X128.389 Y117.023 E0.10668
G1 X127.438 Y117.252 E0.10668
G1 X126.984 Y117.334 E0.05036
G1 X126.394 Y117.412 E0.06497
G1 X125.544 Y117.480 E0.09308
G1 X124.579 Y117.484 E0.10531
G1 X123.619 Y117.415 E0.10509
G1 X122.653 Y117.269 E0.10668
G1 X122.210 Y117.176 E0.04939
G1 X121.267 Y116.920 E0.10668
G1 X120.346 Y116.592 E0.10668
G1 X119.916 Y116.411 E0.05097
G1 X118.958 Y115.931 E0.11688
G1 X118.213 Y115.487 E0.09467
G1 X117.824 Y115.225 E0.05119
G1 X116.976 Y114.571 E0.11688
G1 X116.330 Y113.993 E0.09467
G1 X115.998 Y113.661 E0.05119
G1 X115.681 Y113.319 E0.05098
G1 X115.060 Y112.564 E0.10668
G1 X114.507 Y111.776 E0.10510
G1 X114.008 Y110.935 E0.10668
G1 X113.801 Y110.535 E0.04923
G1 X113.388 Y109.602 E0.11129
G1 X113.087 Y108.758 E0.09781
G1 X112.946 Y108.277 E0.05477
G1 X112.823 Y107.786 E0.05523
G1 X112.658 Y106.922 E0.09604
G1 X112.539 Y105.865 E0.11611
G1 X112.514 Y105.360 E0.05517
G1 X112.519 Y104.485 E0.09550
G1 X112.539 Y104.168 E0.03466
G1 X112.616 Y104.210 E0.00961
G1 X124.206 Y92.620 E1.78905
M204 S1000
;WIPE_START
G1 F8640.000
G1 X124.665 Y92.512 E-0.12438
G1 X125.187 Y92.508 E-0.13793
G1 X125.703 Y92.527 E-0.13602
G1 X125.992 Y92.554 E-0.07668
;WIPE_END
G1 E-0.02500 F2400.000
G1 Z4.200 F10800.000
G1 X112.512 Y103.489
G1 Z3.800
G1 E0.50000 F2400.000
M204 S800
G1 F2700.000
G1 X123.491 Y92.511 E1.69477
G1 X123.238 Y92.044 E0.05798
G1 X123.749 Y91.984 E0.05615
G1 X124.645 Y91.929 E0.09803
G1 X125.196 Y91.925 E0.06017
G1 X125.740 Y91.945 E0.05939
G1 X126.645 Y92.028 E0.09918
G1 X127.725 Y92.211 E0.11963
G1 X128.623 Y92.435 E0.10096
G1 X129.123 Y92.590 E0.05723
G1 X130.134 Y92.974 E0.11796
G1 X131.012 Y93.387 E0.10592
G1 X131.448 Y93.623 E0.05408
G1 X131.874 Y93.875 E0.05406
G1 X132.724 Y94.448 E0.11195
G1 X133.111 Y94.742 E0.05307
G1 X133.884 Y95.404 E0.11098
G1 X134.596 Y96.116 E0.11001
G1 X135.258 Y96.889 E0.11098
G1 X135.552 Y97.276 E0.05307
G1 X136.125 Y98.126 E0.11195
G1 X136.373 Y98.545 E0.05307
G1 X136.840 Y99.448 E0.11098
G1 X137.235 Y100.384 E0.11098
G1 X137.399 Y100.842 E0.05307
G1 X137.684 Y101.818 E0.11098
G1 X137.891 Y102.805 E0.11001
G1 X138.022 Y103.804 E0.11001
G1 X138.076 Y104.819 E0.11098
G1 X138.052 Y105.809 E0.10807
G1 X137.949 Y106.821 E0.11098
G1 X137.769 Y107.821 E0.11098
G1 X137.517 Y108.784 E0.10866
G1 X137.320 Y109.377 E0.06812
G1 X136.992 Y110.213 E0.09811
G1 X136.787 Y110.662 E0.05380
G1 X136.502 Y111.217 E0.06812
G1 X136.054 Y111.986 E0.09714
G1 X135.477 Y112.824 E0.11111
G1 X135.176 Y113.213 E0.05367
G1 X134.771 Y113.688 E0.06812
G1 X134.152 Y114.340 E0.09811
G1 X133.797 Y114.674 E0.05321
G1 X133.019 Y115.328 E0.11098
G1 X132.192 Y115.920 E0.11098
G1 X131.774 Y116.185 E0.05404
G1 X131.341 Y116.436 E0.05464
G1 X130.787 Y116.724 E0.06812
G1 X129.968 Y117.095 E0.09811
G1 X129.514 Y117.272 E0.05321
G1 X128.547 Y117.585 E0.11098
G1 X127.558 Y117.823 E0.11098
G1 X127.075 Y117.910 E0.05367
G1 X126.456 Y117.992 E0.06812
G1 X125.569 Y118.063 E0.09714
G1 X124.560 Y118.068 E0.11014
G1 X123.555 Y117.995 E0.11001
G1 X122.549 Y117.844 E0.11098
G1 X122.073 Y117.744 E0.05307
G1 X121.092 Y117.477 E0.11098
G1 X120.134 Y117.136 E0.11098
G1 X119.678 Y116.944 E0.05404
G1 X119.225 Y116.731 E0.05464
G1 X118.673 Y116.440 E0.06812
G1 X117.901 Y115.980 E0.09811
G1 X117.489 Y115.703 E0.05418
G1 X117.085 Y115.407 E0.05464
G1 X116.598 Y115.016 E0.06812
G1 X115.929 Y114.417 E0.09811
G1 X115.578 Y114.066 E0.05418
G1 X115.241 Y113.703 E0.05404
G1 X114.595 Y112.918 E0.11098
G1 X114.016 Y112.093 E0.11001
G1 X113.498 Y111.218 E0.11098
G1 X113.275 Y110.787 E0.05297
G1 X112.846 Y109.819 E0.11559
G1 X112.532 Y108.939 E0.10197
G1 X112.253 Y107.912 E0.11620
G1 X112.081 Y107.009 E0.10025
G1 X111.957 Y105.912 E0.12059
G1 X111.931 Y105.372 E0.05893
G1 X111.936 Y104.465 E0.09900
G1 X111.970 Y103.914 E0.06034
G1 X112.048 Y103.238 E0.07423
G1 X112.433 Y103.447 E0.04775
M204 S1000
G1 X112.407 Y102.769 F10800.000
M204 S800
;TYPE:External perimeter
G1 F1500.000
G1 X111.890 Y102.488 E0.06424
G1 X112.144 Y101.441 E0.11768
G1 X112.440 Y100.505 E0.10711
G1 X112.805 Y99.593 E0.10719
G1 X113.236 Y98.711 E0.10719
G1 X113.730 Y97.862 E0.10719
G1 X114.286 Y97.053 E0.10719
G1 X114.899 Y96.286 E0.10719
G1 X115.568 Y95.566 E0.10719
G1 X116.287 Y94.898 E0.10719
G1 X117.052 Y94.286 E0.10696
G1 X117.591 Y93.906 E0.07193
G1 X118.425 Y93.392 E0.10696
G1 X119.297 Y92.940 E0.10719
G1 X120.200 Y92.553 E0.10719
G1 X121.128 Y92.234 E0.10719
G1 X122.074 Y91.984 E0.10674
G1 X122.493 Y91.895 E0.04682
G1 X122.770 Y92.406 E0.06339
G1 X112.471 Y102.705 E1.58988
M204 S1000
G1 X112.084 Y103.261 F10800.000
G1 X111.566 Y102.560
M204 S800
G1 F2100.000
G1 X111.723 Y101.791 E0.08569
G1 X111.879 Y101.203 E0.06632
G1 X112.065 Y100.614 E0.06749
G1 X112.310 Y99.949 E0.07732
G1 X112.549 Y99.384 E0.06692
G1 X112.819 Y98.821 E0.06818
G1 X113.120 Y98.263 E0.06922
G1 X113.566 Y97.531 E0.09361
G1 X113.929 Y97.003 E0.06986
G1 X114.320 Y96.488 E0.07060
G1 X114.862 Y95.846 E0.09170
G1 X115.610 Y95.079 E0.11697
G1 X116.090 Y94.647 E0.07047
G1 X116.588 Y94.239 E0.07029
G1 X117.086 Y93.868 E0.06774
G1 X117.621 Y93.506 E0.07054
G1 X118.166 Y93.174 E0.06965
G1 X118.716 Y92.873 E0.06847
G1 X119.500 Y92.497 E0.09491
G1 X120.073 Y92.260 E0.06762
G1 X120.646 Y92.053 E0.06656
G1 X121.218 Y91.875 E0.06534
G1 X121.938 Y91.688 E0.08124
G1 X122.529 Y91.565 E0.06589
G1 X123.116 Y91.470 E0.06492
G1 X123.697 Y91.403 E0.06376
G1 X124.625 Y91.345 E0.10151
G1 X125.777 Y91.362 E0.12578
G1 X126.720 Y91.449 E0.10336
G1 X127.845 Y91.639 E0.12453
G1 X128.780 Y91.873 E0.10518
G1 X129.313 Y92.038 E0.06098
G1 X130.362 Y92.436 E0.12239
G1 X131.275 Y92.866 E0.11017
G1 X131.735 Y93.115 E0.05712
G1 X132.186 Y93.382 E0.05713
G1 X133.064 Y93.973 E0.11563
G1 X133.478 Y94.288 E0.05676
G1 X134.280 Y94.975 E0.11528
G1 X135.025 Y95.720 E0.11492
G1 X135.712 Y96.522 E0.11528
G1 X136.027 Y96.936 E0.05676
G1 X136.618 Y97.814 E0.11564
G1 X136.883 Y98.262 E0.05676
G1 X137.368 Y99.200 E0.11528
G1 X137.779 Y100.173 E0.11528
G1 X137.954 Y100.663 E0.05676
G1 X138.250 Y101.676 E0.11528
G1 X138.467 Y102.707 E0.11492
G1 X138.603 Y103.751 E0.11492
G1 X138.659 Y104.805 E0.11528
G1 X138.634 Y105.851 E0.11420
G1 X138.527 Y106.902 E0.11528
G1 X138.340 Y107.941 E0.11528
G1 X138.218 Y108.450 E0.05711
G1 X138.075 Y108.956 E0.05733
G1 X137.869 Y109.575 E0.07127
G1 X137.530 Y110.441 E0.10156
G1 X137.312 Y110.917 E0.05702
G1 X137.014 Y111.497 E0.07127
G1 X136.547 Y112.298 E0.10120
G1 X135.948 Y113.169 E0.11533
G1 X135.628 Y113.581 E0.05697
G1 X135.205 Y114.078 E0.07127
G1 X134.564 Y114.753 E0.10156
G1 X134.186 Y115.110 E0.05680
G1 X133.377 Y115.789 E0.11528
G1 X132.518 Y116.404 E0.11528
G1 X131.622 Y116.947 E0.11442
G1 X131.042 Y117.248 E0.07127
G1 X130.195 Y117.633 E0.10156
G1 X129.710 Y117.822 E0.05680
G1 X128.705 Y118.147 E0.11528
G1 X127.678 Y118.394 E0.11528
G1 X127.165 Y118.487 E0.05697
G1 X126.518 Y118.573 E0.07127
G1 X125.593 Y118.646 E0.10120
G1 X124.540 Y118.651 E0.11497
G1 X123.490 Y118.575 E0.11492
G1 X122.446 Y118.418 E0.11528
G1 X121.937 Y118.311 E0.05676
G1 X120.918 Y118.035 E0.11528
G1 X119.923 Y117.680 E0.11528
G1 X119.441 Y117.477 E0.05711
G1 X118.965 Y117.254 E0.05733
G1 X118.387 Y116.949 E0.07127
G1 X117.588 Y116.473 E0.10156
G1 X117.154 Y116.181 E0.05716
G1 X116.730 Y115.871 E0.05733
G1 X116.221 Y115.461 E0.07127
G1 X115.528 Y114.841 E0.10156
G1 X115.157 Y114.470 E0.05716
G1 X114.802 Y114.086 E0.05711
G1 X114.130 Y113.271 E0.11528
G1 X113.526 Y112.410 E0.11492
G1 X112.987 Y111.501 E0.11528
G1 X112.749 Y111.039 E0.05672
G1 X112.304 Y110.035 E0.11988
G1 X111.977 Y109.119 E0.10614
G1 X111.683 Y108.037 E0.12242
G1 X111.503 Y107.097 E0.10447
G1 X111.375 Y105.958 E0.12507
G1 X111.347 Y105.385 E0.06270
G1 X111.353 Y104.445 E0.10250
G1 X111.389 Y103.865 E0.06350
G1 X111.451 Y103.278 E0.06445
G1 X111.552 Y102.649 E0.06953
M204 S1000
G1 X112.131 Y102.357 F10800.000
;WIPE_START
G1 F8640.000
G1 X111.723 Y101.791 E-0.23089
G1 X111.879 Y101.203 E-0.16034
G1 X111.975 Y100.901 E-0.08377
;WIPE_END
G1 E-0.02500 F2400.000
G1 Z4.200 F10800.000
G1 X113.572 Y104.954
G1 Z3.800
G1 E0.50000 F2400.000
;TYPE:Solid infill
;WIDTH:0.692679
G1 F3355.097
G1 X113.032 Y104.414 E0.08519
G1 X113.453 Y103.992 E0.06648
G1 X113.808 Y104.346 E0.05590
G1 X114.229 Y103.925 E0.06648
G1 X113.875 Y103.570 E0.05590
G1 X114.296 Y103.149 E0.06648
G1 X114.651 Y103.503 E0.05590
G1 X115.072 Y103.082 E0.06648
G1 X114.718 Y102.727 E0.05589
G1 X115.139 Y102.306 E0.06648
G1 X115.494 Y102.660 E0.05589
G1 X115.915 Y102.239 E0.06648
G1 X115.561 Y101.884 E0.05589
G1 X115.982 Y101.463 E0.06648
G1 X116.337 Y101.817 E0.05588
G1 X116.758 Y101.396 E0.06648
G1 X116.404 Y101.041 E0.05588
G1 X116.825 Y100.620 E0.06648
G1 X117.180 Y100.974 E0.05588
G1 X117.601 Y100.553 E0.06648
G1 X117.247 Y100.198 E0.05587
G1 X117.668 Y99.777 E0.06648
G1 X118.023 Y100.131 E0.05587
G1 X118.444 Y99.710 E0.06648
G1 X118.090 Y99.355 E0.05586
G1 X118.511 Y98.934 E0.06648
G1 X118.866 Y99.288 E0.05586
G1 X119.287 Y98.866 E0.06648
G1 X118.933 Y98.512 E0.05586
G1 X119.354 Y98.091 E0.06648
G1 X119.709 Y98.445 E0.05585
G1 X120.130 Y98.023 E0.06648
G1 X119.776 Y97.669 E0.05585
G1 X120.197 Y97.248 E0.06648
G1 X120.552 Y97.602 E0.05585
G1 X120.973 Y97.180 E0.06648
G1 X120.619 Y96.826 E0.05584
G1 X121.040 Y96.405 E0.06648
G1 X121.395 Y96.759 E0.05584
G1 X121.816 Y96.337 E0.06648
G1 X121.462 Y95.983 E0.05584
G1 X121.883 Y95.562 E0.06648
G1 X122.237 Y95.916 E0.05583
G1 X122.659 Y95.494 E0.06648
G1 X122.305 Y95.140 E0.05583
G1 X122.727 Y94.719 E0.06648
G1 X123.080 Y95.073 E0.05582
G1 X123.502 Y94.651 E0.06648
G1 X123.148 Y94.297 E0.05582
G1 X123.570 Y93.876 E0.06648
G1 X123.923 Y94.230 E0.05582
G1 X124.345 Y93.808 E0.06648
G1 X123.991 Y93.454 E0.05581
G1 X124.413 Y93.033 E0.06648
G1 X124.952 Y93.572 E0.08509
;WIPE_START
G1 F8640.000
G1 X124.413 Y93.033 E-0.20134
G1 X123.991 Y93.454 E-0.15731
G1 X124.303 Y93.766 E-0.11635
;WIPE_END
G1 E-0.02500 F2400.000
G1 Z4.200 F10800.000
G1 X126.617 Y98.243
G1 Z3.800
G1 E0.50000 F2400.000
;TYPE:Internal infill
;WIDTH:0.68
G1 F3428.008
G1 X124.202 Y97.596 E0.27288
G1 X125.234 Y93.744 E0.43532
M73 Q22 S15
G1 X123.864 Y95.114 E0.21148
G1 X127.131 Y98.381 E0.50432
G1 X127.583 Y98.502 E0.05107
G1 X128.898 Y93.597 E0.55431
G1 X128.347 Y93.419 E0.06314
G1 X127.516 Y93.211 E0.09356
M73 P22 R15
G1 X126.789 Y93.088 E0.08050
G1 X136.915 Y103.214 E1.56312
G1 X136.884 Y102.976 E0.02616
G1 X136.693 Y102.067 E0.10141
G1 X136.407 Y101.101 E0.10992
G1 X131.498 Y102.417 E0.55472
G1 X131.619 Y102.869 E0.05107
G1 X136.690 Y107.940 E0.78279
G1 X136.585 Y108.302 E0.04116
G1 X129.665 Y110.156 E0.78197
G1 X129.335 Y110.486 E0.05092
G1 X132.924 Y114.075 E0.55399
G1 X133.431 Y113.617 E0.07455
G1 X134.008 Y113.008 E0.09161
G1 X134.419 Y112.506 E0.07076
G1 X120.585 Y116.213 E1.56331
G1 X121.397 Y116.502 E0.09416
G1 X122.312 Y116.751 E0.10346
G1 X122.673 Y116.827 E0.04028
G1 X123.989 Y111.918 E0.55472
G1 X123.539 Y111.797 E0.05077
G1 X116.610 Y113.654 E0.78307
G1 X116.346 Y113.390 E0.04072
G1 X118.203 Y106.461 E0.78307
G1 X118.082 Y106.011 E0.05077
G1 X113.180 Y107.325 E0.55395
G1 X113.368 Y108.162 E0.09365
G1 X113.504 Y108.623 E0.05244
G1 X113.787 Y109.417 E0.09202
G1 X115.333 Y103.646 E0.65211
G1 X113.964 Y105.015 E0.21134
G1 X119.225 Y110.277 E0.81221
G1 X119.331 Y110.669 E0.04434
G1 X119.723 Y110.775 E0.04434
G1 X125.956 Y117.008 E0.96221
G1 X126.255 Y116.984 E0.03273
G1 X127.506 Y112.314 E0.52769
G1 X127.076 Y112.745 E0.06643
G1 X126.485 Y112.587 E0.06673
G1 X129.903 Y116.004 E0.52749
G1 X130.175 Y115.880 E0.03266
G1 X132.457 Y107.364 E0.96235
G1 X132.746 Y107.075 E0.04464
G1 X132.640 Y106.680 E0.04464
G1 X134.921 Y98.167 E0.96198
G1 X134.755 Y97.920 E0.03251
G1 X130.083 Y99.172 E0.52796
G1 X130.671 Y99.329 E0.06643
G1 X130.828 Y99.917 E0.06643
G1 X132.080 Y95.245 E0.52796
G1 X131.833 Y95.079 E0.03251
G1 X123.320 Y97.360 E0.96198
G1 X122.925 Y97.254 E0.04464
G1 X122.636 Y97.543 E0.04464
G1 X120.996 Y97.982 E0.18533
G1 X121.389 Y97.589 E0.06070
G1 X121.990 Y98.190 E0.09267
G1 X120.222 Y99.957 E0.27288
;WIPE_START
G1 F8640.000
G1 X121.495 Y98.685 E-0.47500
;WIPE_END
G1 E-0.02500 F2400.000
G1 Z4.200 F10800.000
G1 X117.146 Y101.833
G1 Z3.800
G1 E0.50000 F2400.000
G1 F3428.008
G1 X118.914 Y100.065 E0.27288
G1 X119.514 Y100.665 E0.09265
G1 X119.844 Y100.335 E0.05092
G1 X120.284 Y98.695 E0.18532
G1 X119.120 Y99.858 E0.17957
;WIPE_START
G1 F8640.000
G1 X120.284 Y98.695 E-0.43413
G1 X120.243 Y98.845 E-0.04087
;WIPE_END
G1 E-0.02500 F2400.000
G1 Z4.200 F10800.000
G1 X119.308 Y100.871
G1 Z3.800
G1 E0.50000 F2400.000
G1 F3428.008
G1 X117.686 Y102.494 E0.25045
G1 X116.046 Y102.933 E0.18525
G1 X116.439 Y102.540 E0.06063
G1 X117.413 Y103.515 E0.15042
G1 X118.007 Y105.730 E0.25030
;WIPE_START
G1 F8640.000
G1 X117.541 Y103.991 E-0.47500
;WIPE_END
G1 E-0.02500 F2400.000
G1 Z4.200 F10800.000
G1 X118.341 Y106.978
G1 Z3.800
G1 E0.50000 F2400.000
G1 F3428.008
G1 X118.988 Y109.393 E0.27288
G1 X114.346 Y110.636 E0.52455
G1 X114.079 Y110.081 E0.06727
G1 X119.922 Y115.924 E0.90200
G1 X119.366 Y115.646 E0.06794
G1 X120.607 Y111.012 E0.52369
G1 X123.022 Y111.659 E0.27288
;WIPE_START
G1 F8640.000
G1 X121.284 Y111.193 E-0.47500
;WIPE_END
G1 E-0.02500 F2400.000
G1 Z4.200 F10800.000
G1 X130.043 Y109.778
G1 Z3.800
G1 E0.50000 F2400.000
G1 F3428.008
G1 X131.810 Y108.010 E0.27288
G1 X135.208 Y111.408 E0.52453
G1 X134.860 Y111.919 E0.06745
G1 X137.005 Y103.915 E0.90451
G1 X137.039 Y104.556 E0.07007
G1 X132.404 Y105.798 E0.52379
G1 X131.757 Y103.383 E0.27288
; stop printing object C:/Users/orcas/AppData/Local/Temp/Neutron/Body1.stl id:0 copy 0
;LAYER_CHANGE
;Z:4.25
;HEIGHT:0.45
;BEFORE_LAYER_CHANGE
G92 E0.0
;4.25


;WIPE_START
G1 F8640.000
G1 X132.223 Y105.122 E-0.47500
;WIPE_END
G1 E-0.02500 F2400.000
G1 Z4.200 F10800.000
G1 Z4.250
;AFTER_LAYER_CHANGE
;4.25
; printing object C:/Users/orcas/AppData/Local/Temp/Neutron/Body1.stl id:0 copy 0
G1 Z4.650
G1 X123.056 Y97.742
G1 Z4.250
G1 E0.50000 F2400.000
M204 S800
;TYPE:Perimeter
G1 F2700.000
G1 X130.313 Y99.687 E0.82012
G1 X132.258 Y106.944 E0.82012
G1 X126.945 Y112.257 E0.82012
G1 X119.688 Y110.312 E0.82012
G1 X117.743 Y103.055 E0.82012
G1 X122.992 Y97.806 E0.81029
M204 S1000
G1 X123.230 Y98.393 F10800.000
M204 S800
G1 F2700.000
G1 X129.837 Y100.163 E0.74658
G1 X131.607 Y106.770 E0.74658
G1 X126.771 Y111.606 E0.74658
G1 X120.164 Y109.836 E0.74658
G1 X118.394 Y103.229 E0.74658
G1 X123.167 Y98.456 E0.73676
M204 S1000
G1 X123.405 Y99.043 F10800.000
M204 S800
;TYPE:External perimeter
G1 F1500.000
G1 X129.361 Y100.639 E0.67305
G1 X130.957 Y106.595 E0.67305
M73 Q23 S15
G1 X126.597 Y110.955 E0.67305
G1 X120.641 Y109.359 E0.67305
M73 P23 R15
G1 X119.045 Y103.403 E0.67305
G1 X123.341 Y99.107 E0.66322
M204 S1000
G1 X123.560 Y98.464 F10800.000
;WIPE_START
G1 F8640.000
G1 X125.085 Y99.551 E-0.47500
;WIPE_END
G1 E-0.02500 F2400.000
G1 Z4.650 F10800.000
G1 X124.953 Y92.510
G1 Z4.250
G1 E0.50000 F2400.000
M204 S800
;TYPE:Perimeter
G1 F2700.000
G1 X125.712 Y92.528 E0.08293
G1 X126.576 Y92.607 E0.09470
G1 X127.596 Y92.779 E0.11289
G1 X128.456 Y92.995 E0.09677
G1 X128.930 Y93.141 E0.05420
G1 X129.913 Y93.515 E0.11473
G1 X130.749 Y93.908 E0.10079
G1 X131.562 Y94.368 E0.10203
G1 X132.385 Y94.922 E0.10827
G1 X132.745 Y95.196 E0.04939
G1 X133.487 Y95.832 E0.10668
G1 X134.178 Y96.523 E0.10668
G1 X134.873 Y97.347 E0.11765
G1 X135.370 Y98.031 E0.09227
G1 X135.624 Y98.426 E0.05124
G1 X135.862 Y98.828 E0.05097
G1 X136.311 Y99.696 E0.10668
G1 X136.691 Y100.596 E0.10668
G1 X136.843 Y101.022 E0.04939
G1 X137.117 Y101.960 E0.10668
G1 X137.315 Y102.903 E0.10510
G1 X137.440 Y103.857 E0.10510
G1 X137.492 Y104.833 E0.10668
G1 X137.458 Y105.911 E0.11765
G1 X137.371 Y106.737 E0.09068
G1 X137.198 Y107.701 E0.10694
G1 X137.092 Y108.141 E0.04939
G1 X136.809 Y109.076 E0.10668
G1 X136.454 Y109.987 E0.10668
G1 X135.980 Y110.955 E0.11765
G1 X135.561 Y111.673 E0.09068
G1 X135.006 Y112.480 E0.10694
G1 X134.728 Y112.837 E0.04939
G1 X134.085 Y113.574 E0.10668
G1 X133.398 Y114.248 E0.10510
G1 X132.661 Y114.867 E0.10509
G1 X131.866 Y115.436 E0.10668
G1 X131.484 Y115.678 E0.04939
G1 X130.622 Y116.156 E0.10757
G1 X130.076 Y116.412 E0.06582
G1 X129.293 Y116.731 E0.09227
G1 X128.856 Y116.882 E0.05054
G1 X128.263 Y117.056 E0.06741
G1 X127.441 Y117.251 E0.09227
G1 X126.516 Y117.400 E0.10219
G1 X125.542 Y117.480 E0.10668
G1 X124.565 Y117.484 E0.10668
G1 X124.105 Y117.460 E0.05027
G1 X123.490 Y117.398 E0.06741
G1 X122.655 Y117.270 E0.09227
G1 X122.210 Y117.176 E0.04965
G1 X121.267 Y116.920 E0.10668
G1 X120.346 Y116.592 E0.10668
G1 X119.365 Y116.146 E0.11765
G1 X118.635 Y115.748 E0.09068
G1 X117.812 Y115.217 E0.10694
G1 X116.960 Y114.557 E0.11765
G1 X116.330 Y113.993 E0.09227
G1 X115.681 Y113.319 E0.10219
G1 X115.060 Y112.564 E0.10668
G1 X114.502 Y111.769 E0.10598
G1 X114.189 Y111.254 E0.06582
G1 X113.796 Y110.524 E0.09049
G1 X113.386 Y109.596 E0.11077
G1 X113.090 Y108.765 E0.09626
G1 X112.822 Y107.780 E0.11139
G1 X112.657 Y106.917 E0.09596
G1 X112.588 Y106.406 E0.05629
G1 X112.514 Y105.347 E0.11587
G1 X112.517 Y104.946 E0.04371
G1 X124.889 Y92.574 E1.90988
M204 S1000
;WIPE_START
G1 F8640.000
G1 X125.712 Y92.528 E-0.21757
G1 X126.576 Y92.607 E-0.22896
G1 X126.683 Y92.625 E-0.02848
;WIPE_END
G1 E-0.02500 F2400.000
G1 Z4.650 F10800.000
G1 X112.382 Y104.255
G1 Z4.250
G1 E0.50000 F2400.000
M204 S800
G1 F2700.000
G1 X124.257 Y92.381 E1.83301
G1 X124.044 Y91.965 E0.05094
G1 X124.636 Y91.929 E0.06471
G1 X125.750 Y91.945 E0.12154
G1 X126.645 Y92.028 E0.09819
G1 X127.189 Y92.108 E0.05997
G1 X127.722 Y92.210 E0.05920
G1 X128.613 Y92.432 E0.10030
G1 X129.120 Y92.589 E0.05796
G1 X130.141 Y92.977 E0.11918
G1 X131.012 Y93.387 E0.10504
G1 X131.874 Y93.875 E0.10813
G1 X132.724 Y94.448 E0.11195
G1 X133.111 Y94.742 E0.05307
G1 X133.884 Y95.404 E0.11098
G1 X134.602 Y96.123 E0.11098
G1 X134.929 Y96.490 E0.05361
G1 X135.336 Y96.992 E0.07058
G1 X135.851 Y97.701 E0.09568
G1 X136.373 Y98.545 E0.10823
G1 X136.840 Y99.448 E0.11098
G1 X137.235 Y100.384 E0.11098
G1 X137.399 Y100.842 E0.05307
G1 X137.684 Y101.818 E0.11098
G1 X137.891 Y102.805 E0.11001
G1 X138.022 Y103.804 E0.11001
G1 X138.076 Y104.819 E0.11098
G1 X138.073 Y105.310 E0.05361
G1 X138.040 Y105.956 E0.07058
G1 X137.949 Y106.819 E0.09471
G1 X137.769 Y107.821 E0.11114
G1 X137.655 Y108.294 E0.05307
G1 X137.360 Y109.267 E0.11098
G1 X136.992 Y110.215 E0.11098
G1 X136.788 Y110.661 E0.05361
G1 X136.491 Y111.236 E0.07058
G1 X136.054 Y111.985 E0.09471
G1 X135.477 Y112.824 E0.11114
G1 X135.179 Y113.208 E0.05307
G1 X134.510 Y113.974 E0.11098
G1 X133.791 Y114.680 E0.11001
G1 X133.019 Y115.328 E0.11001
G1 X132.192 Y115.920 E0.11098
G1 X131.781 Y116.180 E0.05307
G1 X130.888 Y116.675 E0.11152
G1 X130.311 Y116.947 E0.06961
G1 X129.499 Y117.278 E0.09568
G1 X129.033 Y117.438 E0.05378
G1 X128.413 Y117.620 E0.07058
G1 X127.560 Y117.823 E0.09568
G1 X126.581 Y117.980 E0.10823
G1 X125.568 Y118.063 E0.11098
G1 X124.551 Y118.068 E0.11098
G1 X124.060 Y118.042 E0.05361
G1 X123.417 Y117.977 E0.07058
G1 X122.551 Y117.844 E0.09568
G1 X122.073 Y117.744 E0.05323
G1 X121.092 Y117.477 E0.11098
G1 X120.134 Y117.136 E0.11098
G1 X119.682 Y116.945 E0.05361
G1 X119.099 Y116.666 E0.07058
G1 X118.337 Y116.250 E0.09471
G1 X117.482 Y115.698 E0.11114
G1 X117.085 Y115.408 E0.05361
G1 X116.582 Y115.002 E0.07058
G1 X115.929 Y114.417 E0.09568
G1 X115.241 Y113.703 E0.10823
G1 X114.595 Y112.918 E0.11098
G1 X114.013 Y112.089 E0.11055
G1 X113.682 Y111.544 E0.06961
G1 X113.272 Y110.780 E0.09459
G1 X112.843 Y109.812 E0.11558
G1 X112.535 Y108.946 E0.10040
G1 X112.252 Y107.906 E0.11762
G1 X112.081 Y107.011 E0.09947
G1 X111.957 Y105.917 E0.12010
G1 X111.931 Y105.359 E0.06104
G1 X111.936 Y104.473 E0.09674
G1 X111.963 Y104.041 E0.04719
G1 X112.302 Y104.215 E0.04162
M204 S1000
G1 X112.270 Y103.543 F10800.000
M204 S800
;TYPE:External perimeter
G1 F1500.000
G1 X111.760 Y103.282 E0.06248
G1 X111.985 Y102.077 E0.13388
G1 X112.235 Y101.127 E0.10719
G1 X112.554 Y100.198 E0.10719
G1 X112.941 Y99.296 E0.10719
G1 X113.394 Y98.423 E0.10731
G1 X113.986 Y97.476 E0.12195
G1 X114.286 Y97.052 E0.05665
G1 X114.690 Y96.535 E0.07163
G1 X115.339 Y95.801 E0.10696
G1 X116.040 Y95.116 E0.10696
G1 X116.538 Y94.687 E0.07170
G1 X117.056 Y94.283 E0.07170
G1 X117.864 Y93.729 E0.10696
G1 X118.712 Y93.234 E0.10719
G1 X119.593 Y92.804 E0.10696
G1 X120.200 Y92.553 E0.07170
G1 X120.818 Y92.332 E0.07170
G1 X121.759 Y92.059 E0.10696
G1 X122.716 Y91.856 E0.10674
G1 X123.287 Y91.765 E0.06309
G1 X123.544 Y92.269 E0.06178
G1 X112.333 Y103.479 E1.73053
M204 S1000
G1 X111.963 Y104.026 F10800.000
G1 X111.440 Y103.384
M204 S800
G1 F2100.000
G1 X111.595 Y102.383 E0.11058
G1 X111.724 Y101.788 E0.06641
G1 X111.884 Y101.187 E0.06788
G1 X112.076 Y100.582 E0.06930
G1 X112.299 Y99.975 E0.07061
G1 X112.544 Y99.396 E0.06863
G1 X112.822 Y98.817 E0.07006
G1 X113.132 Y98.242 E0.07133
G1 X113.560 Y97.540 E0.08976
G1 X113.934 Y96.996 E0.07210
G1 X114.339 Y96.464 E0.07296
G1 X114.858 Y95.852 E0.08758
G1 X115.607 Y95.082 E0.11727
G1 X116.103 Y94.635 E0.07282
G1 X116.619 Y94.215 E0.07260
G1 X117.055 Y93.891 E0.05935
G1 X117.607 Y93.515 E0.07289
G1 X118.169 Y93.173 E0.07179
G1 X118.735 Y92.864 E0.07046
G1 X119.489 Y92.502 E0.09128
G1 X120.077 Y92.259 E0.06946
G1 X120.665 Y92.047 E0.06816
G1 X121.249 Y91.866 E0.06678
G1 X121.916 Y91.693 E0.07522
G1 X122.521 Y91.567 E0.06743
G1 X123.120 Y91.470 E0.06622
G1 X123.711 Y91.401 E0.06492
G1 X124.616 Y91.346 E0.09904
G1 X125.206 Y91.342 E0.06437
G1 X125.787 Y91.363 E0.06346
G1 X126.715 Y91.448 E0.10168
G1 X127.847 Y91.640 E0.12541
G1 X128.770 Y91.870 E0.10382
G1 X129.310 Y92.037 E0.06172
G1 X130.369 Y92.440 E0.12363
G1 X131.275 Y92.866 E0.10928
G1 X131.735 Y93.115 E0.05712
G1 X132.186 Y93.382 E0.05713
G1 X133.064 Y93.973 E0.11563
G1 X133.478 Y94.288 E0.05676
G1 X134.280 Y94.975 E0.11528
G1 X135.027 Y95.722 E0.11528
G1 X135.374 Y96.112 E0.05696
G1 X135.799 Y96.637 E0.07375
G1 X136.332 Y97.372 E0.09909
G1 X136.617 Y97.812 E0.05717
G1 X136.883 Y98.262 E0.05711
G1 X137.368 Y99.200 E0.11528
G1 X137.779 Y100.173 E0.11528
G1 X137.954 Y100.663 E0.05676
G1 X138.250 Y101.676 E0.11528
G1 X138.467 Y102.707 E0.11492
G1 X138.603 Y103.751 E0.11492
G1 X138.659 Y104.805 E0.11528
G1 X138.657 Y105.327 E0.05696
G1 X138.622 Y106.002 E0.07375
G1 X138.527 Y106.901 E0.09873
G1 X138.340 Y107.941 E0.11534
G1 X138.218 Y108.447 E0.05676
G1 X137.912 Y109.458 E0.11528
G1 X137.529 Y110.442 E0.11528
G1 X137.313 Y110.916 E0.05696
G1 X137.003 Y111.517 E0.07375
G1 X136.547 Y112.298 E0.09873
G1 X135.948 Y113.169 E0.11534
G1 X135.629 Y113.580 E0.05676
G1 X134.935 Y114.375 E0.11528
G1 X134.183 Y115.112 E0.11492
G1 X133.377 Y115.789 E0.11492
G1 X132.518 Y116.404 E0.11528
G1 X132.079 Y116.682 E0.05676
G1 X131.153 Y117.195 E0.11548
G1 X130.545 Y117.481 E0.07339
G1 X129.704 Y117.824 E0.09909
G1 X129.211 Y117.994 E0.05701
G1 X128.562 Y118.185 E0.07375
G1 X127.679 Y118.394 E0.09909
G1 X127.164 Y118.487 E0.05717
G1 X126.645 Y118.560 E0.05711
G1 X125.593 Y118.646 E0.11528
G1 X124.537 Y118.651 E0.11528
G1 X124.016 Y118.624 E0.05696
G1 X123.343 Y118.556 E0.07375
G1 X122.446 Y118.418 E0.09909
G1 X121.937 Y118.311 E0.05681
G1 X120.918 Y118.035 E0.11528
G1 X119.923 Y117.680 E0.11528
G1 X119.442 Y117.477 E0.05696
G1 X118.833 Y117.185 E0.07375
G1 X118.039 Y116.752 E0.09873
G1 X117.151 Y116.179 E0.11534
G1 X116.730 Y115.871 E0.05696
G1 X116.204 Y115.447 E0.07375
G1 X115.528 Y114.841 E0.09909
G1 X115.157 Y114.470 E0.05717
G1 X114.802 Y114.086 E0.05711
G1 X114.130 Y113.271 E0.11528
G1 X113.524 Y112.408 E0.11512
G1 X113.176 Y111.833 E0.07339
G1 X112.748 Y111.037 E0.09869
G1 X112.301 Y110.028 E0.12039
G1 X111.980 Y109.126 E0.10454
G1 X111.820 Y108.584 E0.06166
G1 X111.682 Y108.031 E0.06223
G1 X111.504 Y107.105 E0.10299
G1 X111.375 Y105.958 E0.12598
G1 X111.347 Y105.371 E0.06414
G1 X111.353 Y104.453 E0.10021
G1 X111.430 Y103.474 E0.10722
M204 S1000
G1 X111.991 Y103.147 F10800.000
;WIPE_START
G1 F8640.000
G1 X111.595 Y102.383 E-0.29107
G1 X111.724 Y101.788 E-0.16056
G1 X111.747 Y101.703 E-0.02337
;WIPE_END
G1 E-0.02500 F2400.000
G1 Z4.650 F10800.000
G1 X112.770 Y105.937
G1 Z4.250
G1 E0.50000 F2400.000
;TYPE:Solid infill
;WIDTH:0.796686
G1 F2856.673
G1 X125.944 Y92.763 E2.44037
;WIPE_START
G1 F8640.000
G1 X124.671 Y94.036 E-0.47500
;WIPE_END
G1 E-0.02500 F2400.000
G1 Z4.650 F10800.000
G1 X130.885 Y94.488
G1 Z4.250
G1 E0.50000 F2400.000
;TYPE:Internal infill
;WIDTH:0.68
G1 F3428.008
G1 X130.547 Y94.296 E0.04235
G1 X129.742 Y93.918 E0.09715
G1 X128.595 Y93.496 E0.13335
G1 X127.276 Y98.420 E0.55642
G1 X127.746 Y98.546 E0.05312
G1 X124.407 Y95.207 E0.51538
G1 X124.551 Y95.063 E0.02222
G1 X123.895 Y97.514 E0.27693
G1 X123.935 Y97.524 E0.00455
G1 X132.178 Y95.316 E0.93154
M73 Q24 S15
G1 X132.130 Y95.278 E0.00671
G1 X131.801 Y95.057 E0.04323
G1 X130.657 Y99.326 E0.48236
G1 X130.674 Y99.343 E0.00262
G1 X134.949 Y98.197 E0.48307
G1 X134.682 Y97.830 E0.04959
G1 X132.476 Y106.065 E0.93063
M73 P24 R15
G1 X132.486 Y106.105 E0.00455
G1 X137.053 Y104.882 E0.51602
G1 X137.021 Y105.881 E0.10911
G1 X136.938 Y106.675 E0.08718
G1 X136.827 Y107.288 E0.06797
;WIPE_START
G1 F8640.000
G1 X136.938 Y106.675 E-0.16433
G1 X137.021 Y105.881 E-0.21077
G1 X137.033 Y105.502 E-0.09990
;WIPE_END
G1 E-0.02500 F2400.000
G1 Z4.650 F10800.000
G1 X136.393 Y108.939
G1 Z4.250
G1 E0.50000 F2400.000
G1 F3428.008
G1 X136.051 Y109.817 E0.10283
G1 X135.869 Y110.215 E0.04777
G1 X135.596 Y110.744 E0.06503
G1 X135.374 Y111.124 E0.04801
G1 X132.035 Y107.785 E0.51541
G1 X132.007 Y107.814 E0.00440
G1 X129.799 Y116.052 E0.93098
G1 X130.213 Y115.864 E0.04960
G1 X127.085 Y112.736 E0.48289
G1 X127.063 Y112.741 E0.00250
G1 X125.919 Y117.010 E0.48234
G1 X126.371 Y116.973 E0.04950
G1 X120.338 Y110.939 E0.93133
G1 X120.300 Y110.929 E0.00425
G1 X119.078 Y115.491 E0.51550
G1 X118.859 Y115.372 E0.02717
G1 X118.065 Y114.859 E0.10315
G1 X117.108 Y114.103 E0.13316
;WIPE_START
G1 F8640.000
G1 X118.065 Y114.859 E-0.32193
G1 X118.553 Y115.174 E-0.15307
;WIPE_END
G1 E-0.02500 F2400.000
G1 Z4.650 F10800.000
G1 X115.899 Y112.895
G1 Z4.250
G1 E0.50000 F2400.000
G1 F3428.008
G1 X115.408 Y112.299 E0.08436
G1 X114.868 Y111.530 E0.10255
G1 X114.508 Y110.923 E0.07710
G1 X119.071 Y109.700 E0.51565
G1 X119.061 Y109.662 E0.00425
G1 X114.506 Y105.108 E0.70303
G1 X114.650 Y104.964 E0.02222
G1 X113.598 Y108.890 E0.44359
G1 X113.743 Y109.295 E0.04700
G1 X120.703 Y116.255 E1.07434
G1 X121.113 Y116.401 E0.04750
G1 X134.067 Y112.930 E1.46384
G1 X134.346 Y112.610 E0.04633
G1 X136.898 Y103.085 E1.07634
G1 X136.819 Y102.668 E0.04638
G1 X127.324 Y93.173 E1.46569
G1 X126.921 Y93.100 E0.04466
G1 X126.365 Y93.249 E0.06285
G1 X124.758 Y94.857 E0.24815
;WIPE_START
G1 F8640.000
G1 X126.030 Y93.584 E-0.47500
;WIPE_END
G1 E-0.02500 F2400.000
G1 Z4.650 F10800.000
G1 X123.700 Y95.914
G1 Z4.250
G1 E0.50000 F2400.000
G1 F3428.008
G1 X121.932 Y97.682 E0.27288
G1 X122.215 Y97.965 E0.04359
G1 X122.186 Y97.993 E0.00440
G1 X121.415 Y98.200 E0.08717
G1 X119.807 Y99.807 E0.24815
;WIPE_START
G1 F8640.000
G1 X121.080 Y98.534 E-0.47500
;WIPE_END
G1 E-0.02500 F2400.000
G1 Z4.650 F10800.000
G1 X118.749 Y100.865
G1 Z4.250
G1 E0.50000 F2400.000
G1 F3428.008
G1 X116.982 Y102.633 E0.27288
G1 X117.264 Y102.915 E0.04359
G1 X117.259 Y102.937 E0.00250
G1 X116.464 Y103.150 E0.08980
G1 X114.857 Y104.758 E0.24815
;WIPE_START
G1 F8640.000
G1 X116.129 Y103.485 E-0.47500
;WIPE_END
G1 E-0.02500 F2400.000
G1 Z4.650 F10800.000
G1 X113.942 Y105.672
G1 Z4.250
G1 E0.50000 F2400.000
G1 F3428.008
G1 X113.171 Y106.443 E0.11898
G1 X113.037 Y106.390 E0.01573
G1 X113.089 Y106.851 E0.05069
G1 X113.240 Y107.638 E0.08748
G1 X118.165 Y106.319 E0.55651
G1 X118.038 Y105.846 E0.05343
G1 X116.090 Y113.116 E0.82157
G1 X116.314 Y113.358 E0.03593
G1 X116.891 Y113.908 E0.08705
G1 X124.154 Y111.962 E0.82077
G1 X123.681 Y111.835 E0.05343
G1 X122.362 Y116.761 E0.55662
G1 X122.733 Y116.839 E0.04147
G1 X123.546 Y116.964 E0.08971
G1 X124.138 Y117.024 E0.06503
G1 X124.840 Y117.045 E0.07665
;WIPE_START
G1 F8640.000
G1 X124.138 Y117.024 E-0.18530
G1 X123.546 Y116.964 E-0.15722
G1 X123.049 Y116.888 E-0.13248
;WIPE_END
G1 E-0.02500 F2400.000
G1 Z4.650 F10800.000
G1 X131.163 Y115.355
G1 Z4.250
G1 E0.50000 F2400.000
G1 F3428.008
G1 X131.622 Y115.073 E0.05879
G1 X132.392 Y114.521 E0.10346
G1 X133.164 Y113.865 E0.11059
G1 X129.560 Y110.261 E0.55630
G1 X129.215 Y110.606 E0.05327
G1 X136.478 Y108.660 E0.82068
G1 X136.669 Y108.026 E0.07225
G1 X136.776 Y107.575 E0.05061
G1 X131.454 Y102.254 E0.82142
G1 X131.580 Y102.724 E0.05312
G1 X136.499 Y101.406 E0.55588
G1 X136.284 Y100.755 E0.07488
G1 X135.914 Y99.882 E0.10346
G1 X135.517 Y99.112 E0.09451
;WIPE_START
G1 F8640.000
G1 X135.914 Y99.882 E-0.22849
G1 X136.278 Y100.742 E-0.24651
;WIPE_END
G1 E-0.02500 F2400.000
G1 Z4.650 F10800.000
G1 X121.507 Y98.672
G1 Z4.250
G1 E0.50000 F2400.000
G1 F3428.008
G1 X119.739 Y100.440 E0.27288
G1 X119.457 Y100.157 E0.04359
G1 X119.601 Y100.014 E0.02222
G1 X119.394 Y100.785 E0.08717
G1 X117.626 Y102.553 E0.27288
; stop printing object C:/Users/orcas/AppData/Local/Temp/Neutron/Body1.stl id:0 copy 0
;LAYER_CHANGE
;Z:4.7
;HEIGHT:0.45
;BEFORE_LAYER_CHANGE
G92 E0.0
;4.7


;WIPE_START
G1 F8640.000
G1 X118.899 Y101.280 E-0.47500
;WIPE_END
G1 E-0.02500 F2400.000
G1 Z4.650 F10800.000
G1 Z4.700
;AFTER_LAYER_CHANGE
;4.7
; printing object C:/Users/orcas/AppData/Local/Temp/Neutron/Body1.stl id:0 copy 0
G1 Z5.100
G1 X123.056 Y97.742
G1 Z4.700
G1 E0.50000 F2400.000
M204 S800
;TYPE:Perimeter
G1 F2700.000
G1 X130.313 Y99.687 E0.82012
G1 X132.258 Y106.944 E0.82012
G1 X126.945 Y112.257 E0.82012
G1 X119.688 Y110.312 E0.82012
G1 X117.743 Y103.055 E0.82012
G1 X122.992 Y97.806 E0.81029
M204 S1000
G1 X123.230 Y98.393 F10800.000
M204 S800
G1 F2700.000
G1 X129.837 Y100.163 E0.74658
M73 P24 R14
G1 X131.607 Y106.770 E0.74658
G1 X126.771 Y111.606 E0.74658
G1 X120.164 Y109.836 E0.74658
G1 X118.394 Y103.229 E0.74658
G1 X123.167 Y98.456 E0.73676
M204 S1000
M73 Q24 S14
G1 X123.405 Y99.043 F10800.000
M204 S800
;TYPE:External perimeter
G1 F1500.000
G1 X129.361 Y100.639 E0.67305
M73 Q25 S14
G1 X130.957 Y106.595 E0.67305
M73 P25 R14
G1 X126.597 Y110.955 E0.67305
G1 X120.641 Y109.359 E0.67305
G1 X119.045 Y103.403 E0.67305
G1 X123.341 Y99.107 E0.66322
M204 S1000
G1 X123.560 Y98.464 F10800.000
;WIPE_START
G1 F8640.000
G1 X125.085 Y99.551 E-0.47500
;WIPE_END
G1 E-0.02500 F2400.000
G1 Z5.100 F10800.000
G1 X125.576 Y92.523
G1 Z4.700
G1 E0.50000 F2400.000
M204 S800
;TYPE:Perimeter
G1 F2700.000
G1 X126.567 Y92.606 E0.10855
G1 X127.602 Y92.781 E0.11452
G1 X128.447 Y92.992 E0.09505
G1 X128.944 Y93.145 E0.05677
G1 X129.906 Y93.511 E0.11235
G1 X130.748 Y93.908 E0.10165
G1 X131.160 Y94.130 E0.05107
G1 X131.562 Y94.368 E0.05099
G1 X132.385 Y94.922 E0.10827
G1 X132.745 Y95.196 E0.04939
G1 X133.487 Y95.832 E0.10668
G1 X134.168 Y96.513 E0.10509
G1 X134.799 Y97.250 E0.10590
G1 X135.173 Y97.751 E0.06826
G1 X135.626 Y98.430 E0.08908
G1 X135.941 Y98.973 E0.06857
G1 X136.310 Y99.693 E0.08828
G1 X136.691 Y100.596 E0.10699
G1 X136.843 Y101.022 E0.04939
G1 X137.117 Y101.960 E0.10668
G1 X137.315 Y102.903 E0.10510
G1 X137.440 Y103.857 E0.10510
G1 X137.492 Y104.833 E0.10668
G1 X137.490 Y105.293 E0.05020
G1 X137.456 Y105.932 E0.06984
G1 X137.371 Y106.744 E0.08908
G1 X137.265 Y107.363 E0.06857
G1 X137.088 Y108.152 E0.08828
G1 X136.809 Y109.076 E0.10540
G1 X136.454 Y109.987 E0.10668
G1 X136.050 Y110.829 E0.10193
G1 X135.560 Y111.675 E0.10668
G1 X135.006 Y112.480 E0.10668
G1 X134.728 Y112.837 E0.04939
G1 X134.085 Y113.574 E0.10668
G1 X133.398 Y114.248 E0.10510
G1 X132.661 Y114.867 E0.10509
G1 X131.866 Y115.436 E0.10668
G1 X131.472 Y115.686 E0.05097
G1 X131.061 Y115.924 E0.05178
G1 X130.493 Y116.217 E0.06984
G1 X129.743 Y116.557 E0.08986
G1 X129.318 Y116.722 E0.04970
G1 X128.389 Y117.023 E0.10668
G1 X127.438 Y117.252 E0.10668
G1 X126.979 Y117.335 E0.05097
G1 X126.516 Y117.400 E0.05097
G1 X125.542 Y117.480 E0.10668
G1 X124.579 Y117.484 E0.10510
G1 X123.612 Y117.414 E0.10590
G1 X122.992 Y117.327 E0.06826
G1 X122.199 Y117.173 E0.08828
G1 X121.267 Y116.920 E0.10540
G1 X120.346 Y116.592 E0.10668
G1 X119.929 Y116.416 E0.04939
G1 X119.039 Y115.978 E0.10827
G1 X118.646 Y115.755 E0.04939
G1 X117.825 Y115.225 E0.10668
G1 X117.058 Y114.641 E0.10510
G1 X116.328 Y113.991 E0.10668
G1 X115.681 Y113.319 E0.10193
G1 X115.060 Y112.564 E0.10668
G1 X114.502 Y111.770 E0.10590
G1 X114.178 Y111.235 E0.06826
G1 X113.797 Y110.524 E0.08806
G1 X113.383 Y109.589 E0.11162
G1 X113.092 Y108.772 E0.09470
G1 X112.946 Y108.279 E0.05610
G1 X112.820 Y107.775 E0.05673
G1 X112.658 Y106.928 E0.09412
G1 X112.588 Y106.409 E0.05708
G1 X112.525 Y105.576 E0.09128
G1 X125.513 Y92.587 E2.00493
M204 S1000
G1 X125.344 Y91.931 F10800.000
M204 S800
G1 F2700.000
G1 X125.759 Y91.946 E0.04540
G1 X126.636 Y92.026 E0.09614
G1 X127.728 Y92.211 E0.12080
G1 X128.604 Y92.430 E0.09856
G1 X129.127 Y92.591 E0.05982
G1 X130.140 Y92.976 E0.11821
G1 X131.012 Y93.387 E0.10522
G1 X131.448 Y93.623 E0.05409
G1 X131.874 Y93.875 E0.05406
G1 X132.724 Y94.448 E0.11195
G1 X133.111 Y94.742 E0.05307
G1 X133.884 Y95.404 E0.11098
G1 X134.596 Y96.116 E0.11001
G1 X135.255 Y96.885 E0.11050
G1 X135.650 Y97.414 E0.07206
G1 X136.122 Y98.121 E0.09277
G1 X136.454 Y98.694 E0.07225
G1 X136.839 Y99.446 E0.09227
G1 X137.235 Y100.384 E0.11117
G1 X137.399 Y100.842 E0.05307
G1 X137.684 Y101.818 E0.11098
G1 X137.891 Y102.805 E0.11001
G1 X138.022 Y103.804 E0.11001
G1 X138.076 Y104.819 E0.11098
G1 X138.073 Y105.310 E0.05357
G1 X138.038 Y105.978 E0.07303
G1 X137.949 Y106.823 E0.09277
G1 X137.838 Y107.476 E0.07225
G1 X137.653 Y108.301 E0.09227
G1 X137.360 Y109.267 E0.11020
G1 X136.992 Y110.215 E0.11098
G1 X136.563 Y111.107 E0.10807
G1 X136.053 Y111.987 E0.11098
G1 X135.477 Y112.824 E0.11098
G1 X135.179 Y113.208 E0.05307
G1 X134.510 Y113.974 E0.11098
G1 X133.791 Y114.680 E0.11001
G1 X133.019 Y115.328 E0.11001
G1 X132.192 Y115.920 E0.11098
G1 X131.774 Y116.185 E0.05404
G1 X131.342 Y116.435 E0.05454
G1 X130.747 Y116.743 E0.07303
G1 X129.969 Y117.095 E0.09324
G1 X129.514 Y117.272 E0.05326
G1 X128.547 Y117.585 E0.11098
G1 X127.558 Y117.823 E0.11098
G1 X127.071 Y117.911 E0.05404
G1 X126.581 Y117.980 E0.05404
G1 X125.568 Y118.063 E0.11098
G1 X124.560 Y118.068 E0.11001
G1 X123.550 Y117.995 E0.11050
G1 X122.896 Y117.903 E0.07206
G1 X122.066 Y117.742 E0.09227
G1 X121.092 Y117.477 E0.11020
G1 X120.134 Y117.136 E0.11098
G1 X119.686 Y116.947 E0.05307
G1 X118.766 Y116.494 E0.11195
G1 X118.343 Y116.254 E0.05307
G1 X117.489 Y115.702 E0.11098
G1 X116.687 Y115.092 E0.11001
G1 X115.928 Y114.416 E0.11098
G1 X115.578 Y114.066 E0.05404
G1 X115.241 Y113.703 E0.05404
G1 X114.595 Y112.918 E0.11098
G1 X114.013 Y112.089 E0.11050
G1 X113.671 Y111.524 E0.07206
G1 X113.272 Y110.781 E0.09214
G1 X112.841 Y109.805 E0.11641
G1 X112.537 Y108.952 E0.09882
G1 X112.250 Y107.900 E0.11905
G1 X112.082 Y107.022 E0.09761
G1 X112.008 Y106.475 E0.06020
G1 X111.957 Y105.913 E0.06157
G1 X111.930 Y105.344 E0.06224
G1 X125.280 Y91.994 E2.06072
M204 S1000
G1 X124.823 Y91.626 F10800.000
M204 S800
;TYPE:External perimeter
G1 F1500.000
G1 X111.612 Y104.837 E2.03932
G1 X111.761 Y103.366 E0.16143
G1 X111.857 Y102.719 E0.07142
G1 X111.985 Y102.077 E0.07147
G1 X112.144 Y101.439 E0.07170
G1 X112.440 Y100.507 E0.10674
G1 X112.676 Y99.894 E0.07170
G1 X112.943 Y99.293 E0.07182
G1 X113.469 Y98.294 E0.12323
G1 X113.731 Y97.862 E0.05513
G1 X114.094 Y97.318 E0.07140
G1 X114.484 Y96.793 E0.07140
G1 X114.805 Y96.398 E0.05559
G1 X115.565 Y95.569 E0.12278
G1 X116.042 Y95.115 E0.07182
G1 X116.539 Y94.686 E0.07170
G1 X117.318 Y94.094 E0.10674
G1 X117.864 Y93.729 E0.07170
G1 X118.427 Y93.391 E0.07170
G1 X119.297 Y92.940 E0.10696
G1 X120.198 Y92.554 E0.10696
G1 X120.816 Y92.333 E0.07170
G1 X121.443 Y92.142 E0.07147
G1 X122.078 Y91.983 E0.07145
G1 X122.681 Y91.863 E0.06712
G1 X123.689 Y91.724 E0.11106
G1 X124.733 Y91.634 E0.11443
M204 S1000
G1 X125.353 Y91.907 F10800.000
G1 X124.731 Y91.345
M204 S800
G1 F2100.000
G1 X125.797 Y91.364 E0.11635
G1 X126.705 Y91.447 E0.09960
G1 X127.285 Y91.532 E0.06397
G1 X127.853 Y91.641 E0.06314
G1 X128.760 Y91.868 E0.10206
G1 X129.830 Y92.222 E0.12296
G1 X130.373 Y92.441 E0.06398
G1 X131.275 Y92.866 E0.10878
G1 X132.186 Y93.382 E0.11423
G1 X133.064 Y93.973 E0.11563
G1 X133.478 Y94.288 E0.05676
G1 X134.280 Y94.975 E0.11528
G1 X135.025 Y95.720 E0.11492
G1 X135.711 Y96.521 E0.11510
G1 X136.126 Y97.078 E0.07586
G1 X136.617 Y97.813 E0.09645
G1 X136.966 Y98.414 E0.07593
G1 X137.368 Y99.199 E0.09627
G1 X137.779 Y100.173 E0.11535
G1 X137.954 Y100.663 E0.05676
G1 X138.250 Y101.676 E0.11528
G1 X138.467 Y102.707 E0.11492
G1 X138.603 Y103.751 E0.11492
G1 X138.659 Y104.805 E0.11528
G1 X138.657 Y105.327 E0.05694
G1 X138.620 Y106.024 E0.07622
G1 X138.527 Y106.903 E0.09645
G1 X138.411 Y107.589 E0.07593
G1 X138.218 Y108.449 E0.09627
G1 X137.912 Y109.458 E0.11499
G1 X137.529 Y110.442 E0.11528
G1 X137.076 Y111.385 E0.11421
G1 X136.547 Y112.299 E0.11528
G1 X135.948 Y113.169 E0.11528
G1 X135.629 Y113.580 E0.05676
G1 X134.935 Y114.375 E0.11528
G1 X134.183 Y115.112 E0.11492
G1 X133.377 Y115.789 E0.11492
G1 X132.518 Y116.404 E0.11528
G1 X132.076 Y116.684 E0.05711
G1 X131.622 Y116.947 E0.05730
G1 X131.002 Y117.268 E0.07622
G1 X130.195 Y117.633 E0.09663
G1 X129.710 Y117.822 E0.05682
G1 X128.705 Y118.147 E0.11528
G1 X127.678 Y118.394 E0.11528
G1 X127.164 Y118.487 E0.05711
G1 X126.645 Y118.560 E0.05711
G1 X125.593 Y118.646 E0.11528
G1 X124.540 Y118.651 E0.11492
G1 X123.488 Y118.575 E0.11510
G1 X122.800 Y118.478 E0.07586
G1 X121.934 Y118.310 E0.09627
G1 X120.918 Y118.035 E0.11499
G1 X119.923 Y117.680 E0.11528
G1 X119.444 Y117.478 E0.05676
G1 X118.493 Y117.010 E0.11564
G1 X118.041 Y116.753 E0.05676
G1 X117.154 Y116.180 E0.11528
G1 X116.316 Y115.543 E0.11492
G1 X115.527 Y114.840 E0.11528
G1 X114.802 Y114.086 E0.11420
G1 X114.130 Y113.271 E0.11528
G1 X113.525 Y112.408 E0.11510
G1 X113.164 Y111.814 E0.07586
G1 X112.748 Y111.037 E0.09622
G1 X112.298 Y110.022 E0.12120
G1 X111.982 Y109.133 E0.10294
G1 X111.680 Y108.026 E0.12529
G1 X111.506 Y107.116 E0.10110
G1 X111.428 Y106.541 E0.06333
G1 X111.375 Y105.954 E0.06438
G1 X111.347 Y105.357 E0.06518
G1 X111.353 Y104.460 E0.09791
G1 X111.390 Y103.859 E0.06574
G1 X111.455 Y103.248 E0.06702
G1 X111.593 Y102.393 E0.09458
G1 X111.725 Y101.786 E0.06780
G1 X111.889 Y101.171 E0.06943
G1 X112.087 Y100.551 E0.07111
G1 X112.289 Y100.001 E0.06390
G1 X112.539 Y99.407 E0.07035
G1 X112.824 Y98.813 E0.07194
G1 X113.144 Y98.221 E0.07344
G1 X113.555 Y97.550 E0.08590
G1 X113.940 Y96.988 E0.07434
G1 X114.359 Y96.440 E0.07531
G1 X114.853 Y95.857 E0.08345
G1 X115.604 Y95.085 E0.11757
G1 X116.116 Y94.624 E0.07516
G1 X116.646 Y94.194 E0.07443
G1 X117.595 Y93.523 E0.12695
G1 X118.171 Y93.172 E0.07362
G1 X118.754 Y92.854 E0.07244
G1 X119.478 Y92.507 E0.08765
G1 X120.081 Y92.257 E0.07130
G1 X120.683 Y92.041 E0.06975
G1 X121.280 Y91.857 E0.06821
G1 X121.894 Y91.698 E0.06919
G1 X122.512 Y91.568 E0.06897
G1 X123.123 Y91.470 E0.06753
G1 X123.724 Y91.400 E0.06608
G1 X124.641 Y91.346 E0.10023
M204 S1000
G1 X125.038 Y91.860 F10800.000
;WIPE_START
G1 F8640.000
G1 X125.797 Y91.364 E-0.30503
G1 X126.438 Y91.422 E-0.16997
;WIPE_END
G1 E-0.02500 F2400.000
G1 Z5.100 F10800.000
G1 X126.171 Y93.626
G1 Z4.700
G1 E0.50000 F2400.000
;TYPE:Solid infill
;WIDTH:0.687839
G1 F3382.561
G1 X125.631 Y93.087 E0.08439
G1 X125.213 Y93.505 E0.06541
G1 X125.567 Y93.859 E0.05534
G1 X125.149 Y94.277 E0.06541
G1 X124.795 Y93.923 E0.05534
G1 X124.377 Y94.341 E0.06541
G1 X124.731 Y94.695 E0.05534
G1 X124.313 Y95.113 E0.06541
G1 X123.959 Y94.759 E0.05533
G1 X123.541 Y95.177 E0.06541
G1 X123.895 Y95.531 E0.05533
G1 X123.477 Y95.949 E0.06541
G1 X123.123 Y95.595 E0.05533
G1 X122.705 Y96.014 E0.06541
G1 X123.058 Y96.367 E0.05532
G1 X122.640 Y96.785 E0.06541
G1 X122.287 Y96.432 E0.05532
G1 X121.869 Y96.850 E0.06541
G1 X122.599 Y97.580 E0.11425
G1 X122.181 Y97.998 E0.06541
G1 X121.451 Y97.268 E0.11424
G1 X121.033 Y97.686 E0.06541
G1 X121.763 Y98.416 E0.11424
G1 X121.345 Y98.834 E0.06541
G1 X120.614 Y98.104 E0.11424
G1 X120.196 Y98.522 E0.06541
G1 X120.927 Y99.252 E0.11423
G1 X120.509 Y99.671 E0.06541
G1 X119.778 Y98.940 E0.11423
G1 X119.360 Y99.358 E0.06541
G1 X120.090 Y100.089 E0.11423
G1 X119.672 Y100.507 E0.06541
G1 X118.942 Y99.777 E0.11422
G1 X118.524 Y100.195 E0.06541
G1 X119.254 Y100.925 E0.11422
G1 X118.836 Y101.343 E0.06541
G1 X118.106 Y100.613 E0.11422
G1 X117.688 Y101.031 E0.06541
G1 X118.418 Y101.761 E0.11421
G1 X118.000 Y102.179 E0.06541
G1 X117.270 Y101.449 E0.11421
G1 X116.852 Y101.867 E0.06541
M73 Q26 S14
G1 X117.582 Y102.597 E0.11421
G1 X117.375 Y102.804 E0.03243
G1 X116.998 Y102.428 E0.05893
G1 X116.787 Y102.639 E0.03297
G1 X116.434 Y102.285 E0.05527
G1 X116.016 Y102.703 E0.06541
G1 X116.369 Y103.057 E0.05527
G1 X115.951 Y103.475 E0.06541
G1 X115.598 Y103.121 E0.05526
G1 X115.180 Y103.540 E0.06541
G1 X115.533 Y103.893 E0.05526
G1 X115.115 Y104.311 E0.06541
G1 X114.762 Y103.958 E0.05526
G1 X114.343 Y104.376 E0.06541
G1 X114.697 Y104.729 E0.05525
G1 X114.279 Y105.147 E0.06541
M73 P26 R14
G1 X113.925 Y104.794 E0.05525
G1 X113.507 Y105.212 E0.06541
G1 X113.860 Y105.565 E0.05525
G1 X113.442 Y105.983 E0.06541
G1 X112.904 Y105.445 E0.08428
;WIPE_START
G1 F8640.000
G1 X113.442 Y105.983 E-0.20106
G1 X113.860 Y105.565 E-0.15603
G1 X113.545 Y105.249 E-0.11791
;WIPE_END
G1 E-0.02500 F2400.000
G1 Z5.100 F10800.000
G1 X113.761 Y106.490
G1 Z4.700
G1 E0.50000 F2400.000
;TYPE:Internal infill
;WIDTH:0.68
G1 F3428.008
G1 X113.218 Y107.032 E0.08379
G1 X113.117 Y106.995 E0.01183
G1 X113.315 Y107.948 E0.10623
G1 X118.247 Y106.626 E0.55740
G1 X117.873 Y105.231 E0.15762
G1 X115.839 Y112.822 E0.85784
G1 X116.008 Y113.027 E0.02897
G1 X116.632 Y113.676 E0.09825
G1 X117.177 Y114.161 E0.07960
G1 X124.769 Y112.127 E0.85793
G1 X123.374 Y111.753 E0.15762
G1 X122.054 Y116.680 E0.55683
G1 X122.298 Y116.747 E0.02759
G1 X123.065 Y116.895 E0.08528
G1 X123.658 Y116.979 E0.06541
G1 X124.522 Y117.041 E0.09460
;WIPE_START
G1 F8640.000
G1 X123.658 Y116.979 E-0.22872
G1 X123.065 Y116.895 E-0.15813
G1 X122.737 Y116.832 E-0.08816
;WIPE_END
G1 E-0.02500 F2400.000
G1 Z5.100 F10800.000
G1 X117.798 Y104.949
G1 Z4.700
G1 E0.50000 F2400.000
G1 F3428.008
G1 X117.392 Y103.436 E0.17105
G1 X117.181 Y103.436 E0.02309
G1 X117.064 Y103.319 E0.01802
G1 X116.883 Y103.367 E0.02040
G1 X115.256 Y104.995 E0.25125
;WIPE_START
G1 F8640.000
G1 X116.529 Y103.722 E-0.47500
;WIPE_END
G1 E-0.02500 F2400.000
G1 Z5.100 F10800.000
G1 X135.665 Y99.394
G1 Z4.700
G1 E0.50000 F2400.000
G1 F3428.008
G1 X135.913 Y99.878 E0.05937
G1 X136.284 Y100.755 E0.10386
G1 X136.427 Y101.157 E0.04663
G1 X136.589 Y101.711 E0.06303
G1 X131.663 Y103.031 E0.55666
G1 X131.290 Y101.639 E0.15732
G1 X136.849 Y107.199 E0.85823
G1 X136.665 Y108.041 E0.09409
G1 X136.361 Y109.021 E0.11197
G1 X128.765 Y111.056 E0.85835
G1 X129.785 Y110.036 E0.15747
G1 X133.391 Y113.642 E0.55663
G1 X133.104 Y113.924 E0.04394
G1 X132.392 Y114.521 E0.10141
G1 X131.435 Y115.191 E0.12750
;WIPE_START
G1 F8640.000
G1 X132.392 Y114.521 E-0.30825
G1 X132.876 Y114.115 E-0.16675
;WIPE_END
G1 E-0.02500 F2400.000
G1 Z5.100 F10800.000
G1 X134.108 Y112.882
G1 Z4.700
G1 E0.50000 F2400.000
G1 F3428.008
G1 X134.652 Y112.222 E0.09342
G1 X135.189 Y111.441 E0.10346
G1 X135.538 Y110.838 E0.07597
G1 X132.260 Y107.560 E0.50601
G1 X131.557 Y108.264 E0.10859
G1 X129.428 Y116.210 E0.89793
G1 X130.302 Y115.824 E0.10431
G1 X130.513 Y115.714 E0.02596
G1 X127.310 Y112.511 E0.49448
G1 X127.076 Y112.745 E0.03610
G1 X126.755 Y112.659 E0.03625
G1 X125.582 Y117.037 E0.49477
G1 X126.468 Y116.965 E0.09701
G1 X126.770 Y116.922 E0.03334
G1 X120.952 Y111.104 E0.89810
G1 X119.993 Y110.847 E0.10844
G1 X118.792 Y115.328 E0.50642
G1 X118.076 Y114.866 E0.09300
G1 X117.398 Y114.350 E0.09296
;WIPE_START
G1 F8640.000
G1 X118.076 Y114.866 E-0.22475
G1 X118.792 Y115.328 E-0.22485
G1 X118.817 Y115.235 E-0.02540
;WIPE_END
G1 E-0.02500 F2400.000
G1 Z5.100 F10800.000
G1 X115.654 Y112.597
G1 Z4.700
G1 E0.50000 F2400.000
G1 F3428.008
G1 X115.408 Y112.299 E0.04219
G1 X114.869 Y111.531 E0.10245
G1 X114.673 Y111.208 E0.04122
G1 X119.153 Y110.007 E0.50624
G1 X118.896 Y109.048 E0.10844
G1 X115.050 Y105.201 E0.59376
G1 X113.967 Y106.283 E0.16706
G1 X113.418 Y108.333 E0.23156
G1 X113.497 Y108.599 E0.03036
G1 X121.401 Y116.503 E1.22010
G1 X121.679 Y116.579 E0.03140
G1 X133.673 Y113.365 E1.35545
G1 X133.871 Y113.154 E0.03147
G1 X136.758 Y102.378 E1.21773
G1 X136.699 Y102.098 E0.03125
G1 X127.910 Y93.309 E1.35676
G1 X127.632 Y93.239 E0.03130
G1 X126.785 Y93.466 E0.09573
G1 X125.157 Y95.094 E0.25125
;WIPE_START
G1 F8640.000
G1 X126.430 Y93.821 E-0.47500
;WIPE_END
G1 E-0.02500 F2400.000
G1 Z5.100 F10800.000
G1 X130.608 Y94.331
G1 Z4.700
G1 E0.50000 F2400.000
G1 F3428.008
G1 X129.730 Y93.912 E0.10611
G1 X129.265 Y93.724 E0.05480
G1 X128.291 Y93.404 E0.11195
G1 X126.969 Y98.337 E0.55748
G1 X128.361 Y98.710 E0.15732
G1 X124.951 Y95.300 E0.52642
G1 X123.868 Y96.382 E0.16706
G1 X123.587 Y97.431 E0.11853
G1 X124.550 Y97.689 E0.10874
G1 X132.496 Y95.560 E0.89798
G1 X132.130 Y95.278 E0.05045
G1 X131.522 Y94.869 E0.07996
G1 X130.350 Y99.243 E0.49429
G1 X130.671 Y99.329 E0.03625
G1 X130.757 Y99.650 E0.03625
G1 X135.132 Y98.478 E0.49441
G1 X134.815 Y98.004 E0.06221
G1 X134.440 Y97.504 E0.06822
G1 X132.311 Y105.450 E0.89798
G1 X132.569 Y106.413 E0.10874
G1 X137.053 Y105.211 E0.50671
G1 X137.020 Y105.898 E0.07502
G1 X136.898 Y106.911 E0.11143
; stop printing object C:/Users/orcas/AppData/Local/Temp/Neutron/Body1.stl id:0 copy 0
;LAYER_CHANGE
;Z:5.15
;HEIGHT:0.45
;BEFORE_LAYER_CHANGE
G92 E0.0
;5.15


;WIPE_START
G1 F8640.000
G1 X137.020 Y105.898 E-0.26939
G1 X137.053 Y105.211 E-0.18138
G1 X136.964 Y105.235 E-0.02423
;WIPE_END
G1 E-0.02500 F2400.000
G1 Z5.100 F10800.000
G1 Z5.150
;AFTER_LAYER_CHANGE
;5.15
; printing object C:/Users/orcas/AppData/Local/Temp/Neutron/Body1.stl id:0 copy 0
G1 Z5.550
G1 X123.056 Y97.742
G1 Z5.150
G1 E0.50000 F2400.000
M204 S800
;TYPE:Perimeter
G1 F2700.000
G1 X130.313 Y99.687 E0.82012
G1 X132.258 Y106.944 E0.82012
G1 X126.945 Y112.257 E0.82012
G1 X119.688 Y110.312 E0.82012
G1 X117.743 Y103.055 E0.82012
G1 X122.992 Y97.806 E0.81029
M204 S1000
G1 X123.230 Y98.393 F10800.000
M204 S800
G1 F2700.000
G1 X129.837 Y100.163 E0.74658
G1 X131.607 Y106.770 E0.74658
M73 Q27 S14
G1 X126.771 Y111.606 E0.74658
G1 X120.164 Y109.836 E0.74658
M73 P27 R14
G1 X118.394 Y103.229 E0.74658
G1 X123.167 Y98.456 E0.73676
M204 S1000
G1 X123.405 Y99.043 F10800.000
M204 S800
;TYPE:External perimeter
G1 F1500.000
G1 X129.361 Y100.639 E0.67305
G1 X130.957 Y106.595 E0.67305
G1 X126.597 Y110.955 E0.67305
G1 X120.641 Y109.359 E0.67305
G1 X119.045 Y103.403 E0.67305
G1 X123.341 Y99.107 E0.66322
M204 S1000
G1 X123.560 Y98.464 F10800.000
;WIPE_START
G1 F8640.000
G1 X125.085 Y99.551 E-0.47500
;WIPE_END
G1 E-0.02500 F2400.000
G1 Z5.550 F10800.000
G1 X126.167 Y92.569
G1 Z5.150
G1 E0.50000 F2400.000
M204 S800
;TYPE:Perimeter
G1 F2700.000
G1 X127.090 Y92.683 E0.10151
G1 X127.608 Y92.782 E0.05757
G1 X128.437 Y92.989 E0.09334
G1 X128.941 Y93.145 E0.05752
G1 X129.913 Y93.514 E0.11350
G1 X130.748 Y93.907 E0.10079
G1 X131.160 Y94.130 E0.05108
G1 X131.562 Y94.368 E0.05100
G1 X132.385 Y94.922 E0.10827
G1 X132.745 Y95.196 E0.04939
G1 X133.487 Y95.832 E0.10668
G1 X134.168 Y96.513 E0.10509
G1 X134.804 Y97.255 E0.10668
G1 X135.078 Y97.615 E0.04939
G1 X135.627 Y98.432 E0.10742
G1 X135.952 Y98.992 E0.07069
G1 X136.310 Y99.693 E0.08587
G1 X136.691 Y100.596 E0.10704
G1 X136.843 Y101.022 E0.04939
G1 X137.117 Y101.960 E0.10668
G1 X137.315 Y102.903 E0.10510
G1 X137.440 Y103.857 E0.10510
G1 X137.492 Y104.833 E0.10668
G1 X137.470 Y105.767 E0.10193
G1 X137.369 Y106.754 E0.10827
G1 X137.297 Y107.207 E0.05012
G1 X137.160 Y107.855 E0.07228
G1 X136.954 Y108.629 E0.08745
G1 X136.814 Y109.063 E0.04975
G1 X136.454 Y109.987 E0.10827
G1 X136.260 Y110.412 E0.05097
G1 X136.050 Y110.829 E0.05097
G1 X135.560 Y111.675 E0.10668
G1 X135.006 Y112.480 E0.10668
G1 X134.728 Y112.837 E0.04939
G1 X134.085 Y113.574 E0.10668
G1 X133.398 Y114.248 E0.10510
G1 X132.661 Y114.867 E0.10509
G1 X131.866 Y115.436 E0.10668
G1 X131.484 Y115.678 E0.04939
G1 X130.629 Y116.152 E0.10668
G1 X129.740 Y116.558 E0.10668
G1 X129.318 Y116.722 E0.04939
G1 X128.389 Y117.023 E0.10668
G1 X127.438 Y117.252 E0.10668
G1 X126.979 Y117.335 E0.05097
G1 X126.516 Y117.400 E0.05097
G1 X125.542 Y117.480 E0.10668
G1 X124.579 Y117.484 E0.10510
G1 X123.612 Y117.414 E0.10583
G1 X122.971 Y117.324 E0.07069
G1 X122.199 Y117.173 E0.08587
G1 X121.267 Y116.920 E0.10545
G1 X120.346 Y116.592 E0.10668
G1 X119.923 Y116.414 E0.05012
G1 X119.326 Y116.126 E0.07228
G1 X118.636 Y115.749 E0.08587
G1 X117.812 Y115.217 E0.10704
G1 X117.442 Y114.946 E0.05012
G1 X116.927 Y114.529 E0.07228
G1 X116.331 Y113.994 E0.08745
G1 X115.998 Y113.661 E0.05133
G1 X115.681 Y113.319 E0.05098
G1 X115.060 Y112.564 E0.10668
G1 X114.507 Y111.776 E0.10510
G1 X114.008 Y110.935 E0.10668
G1 X113.802 Y110.535 E0.04915
G1 X113.380 Y109.582 E0.11371
G1 X113.094 Y108.779 E0.09315
G1 X112.946 Y108.280 E0.05677
G1 X112.819 Y107.769 E0.05748
G1 X112.660 Y106.938 E0.09229
G1 X112.566 Y106.169 E0.08456
G1 X126.103 Y92.633 E2.08962
M204 S1000
G1 X125.948 Y91.963 F10800.000
M204 S800
G1 F2700.000
G1 X126.627 Y92.025 E0.07451
G1 X127.187 Y92.107 E0.06174
G1 X127.734 Y92.212 E0.06075
G1 X128.594 Y92.427 E0.09682
G1 X129.623 Y92.767 E0.11827
G1 X130.147 Y92.979 E0.06170
G1 X131.012 Y93.387 E0.10434
G1 X131.874 Y93.875 E0.10815
G1 X132.724 Y94.448 E0.11195
G1 X133.111 Y94.742 E0.05307
G1 X133.884 Y95.404 E0.11098
G1 X134.596 Y96.116 E0.11001
G1 X135.258 Y96.889 E0.11098
G1 X135.552 Y97.276 E0.05307
G1 X136.122 Y98.122 E0.11143
G1 X136.464 Y98.713 E0.07451
G1 X136.839 Y99.446 E0.08983
G1 X137.235 Y100.384 E0.11120
G1 X137.399 Y100.842 E0.05307
G1 X137.684 Y101.818 E0.11098
G1 X137.891 Y102.805 E0.11001
G1 X138.022 Y103.804 E0.11001
G1 X138.076 Y104.819 E0.11098
G1 X138.052 Y105.809 E0.10807
G1 X137.948 Y106.829 E0.11195
G1 X137.871 Y107.314 E0.05352
G1 X137.728 Y107.990 E0.07549
G1 X137.514 Y108.794 E0.09081
G1 X137.364 Y109.259 E0.05329
G1 X136.992 Y110.215 E0.11195
G1 X136.786 Y110.665 E0.05404
G1 X136.563 Y111.107 E0.05404
G1 X136.053 Y111.987 E0.11098
G1 X135.477 Y112.824 E0.11098
G1 X135.179 Y113.208 E0.05307
G1 X134.510 Y113.974 E0.11098
G1 X133.791 Y114.680 E0.11001
G1 X133.019 Y115.328 E0.11001
G1 X132.192 Y115.920 E0.11098
G1 X131.781 Y116.180 E0.05307
G1 X130.892 Y116.673 E0.11098
G1 X129.967 Y117.096 E0.11098
G1 X129.514 Y117.272 E0.05307
G1 X128.547 Y117.585 E0.11098
G1 X127.558 Y117.823 E0.11098
G1 X127.071 Y117.911 E0.05404
G1 X126.581 Y117.980 E0.05404
G1 X125.568 Y118.063 E0.11098
G1 X124.560 Y118.068 E0.11001
G1 X123.550 Y117.995 E0.11046
G1 X122.874 Y117.899 E0.07452
G1 X122.067 Y117.742 E0.08983
G1 X121.092 Y117.477 E0.11023
G1 X120.134 Y117.136 E0.11098
G1 X119.683 Y116.945 E0.05352
G1 X119.060 Y116.645 E0.07549
G1 X118.337 Y116.250 E0.08983
G1 X117.482 Y115.698 E0.11120
G1 X117.086 Y115.408 E0.05352
G1 X116.548 Y114.973 E0.07549
G1 X115.929 Y114.417 E0.09081
G1 X115.241 Y113.703 E0.10829
G1 X114.595 Y112.918 E0.11098
G1 X114.016 Y112.093 E0.11001
G1 X113.498 Y111.218 E0.11098
G1 X113.275 Y110.787 E0.05293
G1 X112.838 Y109.799 E0.11800
G1 X112.539 Y108.959 E0.09724
G1 X112.383 Y108.433 E0.05989
G1 X112.249 Y107.894 E0.06062
G1 X112.084 Y107.033 E0.09575
G1 X111.960 Y105.950 E0.11894
G1 X125.884 Y92.027 E2.14932
M204 S1000
G1 X125.451 Y91.635 F10800.000
M204 S800
;TYPE:External perimeter
G1 F2100.000
G1 X111.623 Y105.462 E2.13451
G1 X111.697 Y104.018 E0.15790
G1 X111.761 Y103.366 E0.07144
G1 X111.857 Y102.719 E0.07147
G1 X111.985 Y102.077 E0.07147
G1 X112.144 Y101.441 E0.07147
G1 X112.334 Y100.815 E0.07147
G1 X112.554 Y100.198 E0.07147
G1 X112.805 Y99.593 E0.07147
G1 X113.085 Y99.001 E0.07147
G1 X113.394 Y98.424 E0.07147
G1 X113.730 Y97.863 E0.07141
G1 X114.020 Y97.425 E0.05735
G1 X114.687 Y96.539 E0.12101
G1 X115.116 Y96.041 E0.07181
G1 X115.568 Y95.566 E0.07147
G1 X116.042 Y95.115 E0.07147
G1 X116.540 Y94.685 E0.07181
G1 X117.426 Y94.019 E0.12101
G1 X117.864 Y93.729 E0.05735
G1 X118.425 Y93.392 E0.07141
G1 X119.003 Y93.084 E0.07147
G1 X119.595 Y92.804 E0.07147
G1 X120.200 Y92.553 E0.07147
G1 X120.818 Y92.332 E0.07170
G1 X121.757 Y92.059 E0.10674
G1 X122.398 Y91.916 E0.07170
G1 X123.043 Y91.804 E0.07147
G1 X123.693 Y91.723 E0.07147
G1 X124.344 Y91.675 E0.07124
G1 X125.361 Y91.638 E0.11106
M204 S1000
G1 X125.975 Y91.926 F10800.000
G1 X125.372 Y91.348
M204 S800
G1 F2100.000
G1 X125.807 Y91.364 E0.04750
G1 X126.696 Y91.446 E0.09752
G1 X127.284 Y91.532 E0.06486
G1 X127.859 Y91.642 E0.06392
G1 X128.751 Y91.865 E0.10031
G1 X129.308 Y92.037 E0.06362
G1 X129.830 Y92.222 E0.06046
G1 X130.381 Y92.445 E0.06487
G1 X131.275 Y92.866 E0.10789
G1 X131.735 Y93.115 E0.05712
G1 X132.186 Y93.382 E0.05714
G1 X133.064 Y93.973 E0.11563
G1 X133.478 Y94.288 E0.05676
G1 X134.280 Y94.975 E0.11528
G1 X135.025 Y95.720 E0.11492
G1 X135.712 Y96.522 E0.11528
G1 X136.027 Y96.936 E0.05676
G1 X136.617 Y97.813 E0.11544
G1 X136.977 Y98.434 E0.07834
G1 X137.368 Y99.199 E0.09380
G1 X137.779 Y100.173 E0.11536
G1 X137.954 Y100.663 E0.05676
G1 X138.250 Y101.676 E0.11528
G1 X138.467 Y102.707 E0.11492
G1 X138.603 Y103.751 E0.11492
G1 X138.659 Y104.805 E0.11528
G1 X138.657 Y105.328 E0.05711
G1 X138.634 Y105.851 E0.05711
G1 X138.527 Y106.905 E0.11564
G1 X138.444 Y107.420 E0.05692
G1 X138.296 Y108.125 E0.07869
G1 X138.074 Y108.959 E0.09416
G1 X137.914 Y109.455 E0.05684
G1 X137.529 Y110.442 E0.11564
G1 X137.312 Y110.918 E0.05711
G1 X137.076 Y111.385 E0.05711
G1 X136.547 Y112.299 E0.11528
G1 X135.948 Y113.169 E0.11528
G1 X135.629 Y113.580 E0.05676
G1 X134.935 Y114.375 E0.11528
G1 X134.183 Y115.112 E0.11492
G1 X133.377 Y115.789 E0.11492
G1 X132.518 Y116.404 E0.11528
G1 X132.079 Y116.682 E0.05676
G1 X131.155 Y117.194 E0.11528
G1 X130.195 Y117.633 E0.11528
G1 X129.710 Y117.822 E0.05676
G1 X128.705 Y118.147 E0.11528
G1 X127.678 Y118.394 E0.11528
G1 X127.164 Y118.487 E0.05711
G1 X126.645 Y118.560 E0.05711
G1 X125.593 Y118.646 E0.11528
G1 X124.540 Y118.651 E0.11492
G1 X123.488 Y118.575 E0.11508
G1 X122.778 Y118.475 E0.07834
G1 X121.934 Y118.311 E0.09380
G1 X120.918 Y118.035 E0.11500
G1 X119.923 Y117.680 E0.11528
G1 X119.442 Y117.477 E0.05692
G1 X118.793 Y117.164 E0.07869
G1 X118.039 Y116.752 E0.09380
G1 X117.151 Y116.179 E0.11536
G1 X116.730 Y115.871 E0.05692
G1 X116.169 Y115.417 E0.07869
G1 X115.528 Y114.841 E0.09416
G1 X115.157 Y114.470 E0.05719
G1 X114.802 Y114.086 E0.05711
G1 X114.130 Y113.271 E0.11528
G1 X113.526 Y112.410 E0.11492
G1 X112.987 Y111.501 E0.11528
G1 X112.749 Y111.039 E0.05670
G1 X112.296 Y110.015 E0.12229
G1 X111.984 Y109.140 E0.10134
G1 X111.820 Y108.587 E0.06301
G1 X111.679 Y108.020 E0.06375
G1 X111.508 Y107.127 E0.09922
G1 X111.429 Y106.545 E0.06413
G1 X111.374 Y105.949 E0.06528
G1 X111.347 Y105.343 E0.06623
G1 X111.352 Y104.467 E0.09561
G1 X111.390 Y103.856 E0.06686
G1 X111.457 Y103.234 E0.06830
G1 X111.591 Y102.403 E0.09185
G1 X111.725 Y101.784 E0.06919
G1 X111.893 Y101.155 E0.07099
G1 X112.097 Y100.519 E0.07292
G1 X112.279 Y100.028 E0.05719
G1 X112.534 Y99.419 E0.07207
G1 X112.826 Y98.809 E0.07383
G1 X113.157 Y98.200 E0.07556
G1 X113.549 Y97.559 E0.08204
G1 X113.946 Y96.981 E0.07658
G1 X114.378 Y96.416 E0.07766
G1 X114.849 Y95.862 E0.07932
G1 X115.601 Y95.088 E0.11788
G1 X116.129 Y94.613 E0.07751
G1 X116.676 Y94.171 E0.07672
G1 X117.581 Y93.533 E0.12087
G1 X118.174 Y93.171 E0.07581
G1 X118.773 Y92.845 E0.07443
G1 X119.467 Y92.513 E0.08402
G1 X120.086 Y92.255 E0.07315
G1 X120.701 Y92.035 E0.07135
G1 X121.311 Y91.848 E0.06964
G1 X121.872 Y91.703 E0.06317
G1 X122.504 Y91.570 E0.07051
G1 X123.126 Y91.469 E0.06884
G1 X123.738 Y91.399 E0.06725
G1 X124.599 Y91.346 E0.09410
G1 X125.282 Y91.344 E0.07456
M204 S1000
G1 X125.584 Y91.728 F10800.000
;WIPE_START
G1 F8640.000
G1 X125.807 Y91.364 E-0.13859
G1 X126.696 Y91.446 E-0.23577
G1 X127.074 Y91.501 E-0.10064
;WIPE_END
G1 E-0.02500 F2400.000
G1 Z5.550 F10800.000
G1 X126.606 Y92.790
G1 Z5.150
G1 E0.50000 F2400.000
;TYPE:Solid infill
;WIDTH:0.739412
G1 F3111.189
G1 X119.790 Y99.606 E1.15922
G1 X120.269 Y99.667 F10800.000
;TYPE:Bridge infill
;WIDTH:0.711768
;HEIGHT:0.584808
G1 F1500.000
G1 X114.139 Y105.797 E1.43409
G1 X114.078 Y105.901 F10800.000
;TYPE:Solid infill
;WIDTH:0.796686
;HEIGHT:0.45
G1 F2856.673
G1 X112.871 Y107.109 E0.22364
;WIPE_START
G1 F8640.000
G1 X114.078 Y105.901 E-0.45055
;WIPE_END
G1 E-0.04945 F2400.000
G1 Z5.550 F10800.000
G1 X119.426 Y115.682
M73 Q28 S14
G1 Z5.150
G1 E0.50000 F2400.000
;TYPE:Internal infill
;WIDTH:0.68
G1 F3428.008
G1 X120.103 Y116.015 E0.08235
G1 X120.505 Y116.184 E0.04757
G1 X121.397 Y116.502 E0.10346
G1 X121.747 Y116.597 E0.03949
G1 X123.067 Y111.671 E0.55672
G1 X121.567 Y111.269 E0.16946
M73 P28 R14
G1 X127.156 Y116.858 E0.86279
G1 X126.468 Y116.965 E0.07604
G1 X125.523 Y117.042 E0.10346
G1 X125.251 Y117.043 E0.02971
G1 X126.448 Y112.577 E0.50477
G1 X125.384 Y112.291 E0.12028
G1 X117.476 Y114.410 E0.89363
G1 X118.060 Y114.856 E0.08026
G1 X118.511 Y115.147 E0.05856
G1 X119.685 Y110.765 E0.49523
G1 X119.331 Y110.669 E0.04009
G1 X119.235 Y110.315 E0.04009
G1 X114.846 Y111.491 E0.49601
G1 X115.408 Y112.299 E0.10745
G1 X115.591 Y112.521 E0.03135
G1 X117.709 Y104.616 E0.89321
G1 X117.423 Y103.552 E0.12028
G1 X117.303 Y103.584 E0.01364
G1 X115.593 Y105.294 E0.26397
G1 X118.731 Y108.433 E0.48448
G1 X118.329 Y106.933 E0.16946
G1 X113.396 Y108.255 E0.55755
G1 X113.321 Y107.973 E0.03186
G1 X122.019 Y116.671 E1.34263
G1 X122.290 Y116.744 E0.03063
G1 X133.211 Y113.818 E1.23421
G1 X132.392 Y114.521 E0.11783
G1 X131.622 Y115.073 E0.10346
G1 X131.261 Y115.301 E0.04663
G1 X130.804 Y115.555 E0.05706
G1 X127.535 Y112.286 E0.50456
G1 X128.315 Y111.506 E0.12043
G1 X136.218 Y109.388 E0.89303
G1 X136.051 Y109.817 E0.05019
G1 X135.700 Y110.550 E0.08873
G1 X132.485 Y107.335 E0.49625
G1 X132.746 Y107.075 E0.04024
G1 X132.651 Y106.720 E0.04009
G1 X137.037 Y105.545 E0.49566
G1 X137.033 Y105.739 E0.02127
G1 X136.916 Y106.816 E0.11817
G1 X131.125 Y101.024 E0.89398
G1 X130.839 Y99.957 E0.12058
G1 X135.311 Y98.759 E0.50535
G1 X134.722 Y97.870 E0.11640
G1 X134.189 Y97.211 E0.09252
G1 X132.146 Y104.836 E0.86162
G1 X131.745 Y103.339 E0.16916
G1 X136.678 Y102.017 E0.55744
G1 X136.598 Y101.745 E0.03096
G1 X133.418 Y113.616 E1.34147
G1 X133.618 Y113.419 E0.03068
G1 X130.010 Y109.811 E0.55697
G1 X131.107 Y108.714 E0.16931
G1 X129.062 Y116.345 E0.86234
G1 X128.270 Y116.602 E0.09091
G1 X127.442 Y116.801 E0.09291
;WIPE_START
G1 F8640.000
G1 X128.270 Y116.602 E-0.22462
G1 X129.062 Y116.345 E-0.21979
G1 X129.092 Y116.233 E-0.03059
;WIPE_END
G1 E-0.02500 F2400.000
G1 Z5.550 F10800.000
G1 X135.547 Y99.167
G1 Z5.150
G1 E0.50000 F2400.000
G1 F3428.008
G1 X135.913 Y99.878 E0.08721
G1 X136.284 Y100.755 E0.10392
G1 X136.517 Y101.466 E0.08171
G1 X128.525 Y93.474 E1.23362
G1 X128.268 Y93.398 E0.02928
G1 X127.204 Y93.683 E0.12028
G1 X127.585 Y93.302 E0.05878
G1 X127.559 Y93.221 E0.00936
G1 X127.982 Y93.327 E0.04762
G1 X126.661 Y98.255 E0.55693
G1 X125.164 Y97.854 E0.16916
G1 X132.789 Y95.811 E0.86162
G1 X132.130 Y95.278 E0.09252
G1 X131.241 Y94.687 E0.11646
G1 X130.043 Y99.161 E0.50555
G1 X128.976 Y98.875 E0.12058
G1 X125.494 Y95.393 E0.53746
G1 X123.726 Y97.161 E0.27288
; stop printing object C:/Users/orcas/AppData/Local/Temp/Neutron/Body1.stl id:0 copy 0
;LAYER_CHANGE
;Z:5.6
;HEIGHT:0.45
;BEFORE_LAYER_CHANGE
G92 E0.0
;5.6


;WIPE_START
G1 F8640.000
G1 X124.999 Y95.888 E-0.47500
;WIPE_END
G1 E-0.02500 F2400.000
G1 Z5.550 F10800.000
G1 Z5.600
;AFTER_LAYER_CHANGE
;5.6
; printing object C:/Users/orcas/AppData/Local/Temp/Neutron/Body1.stl id:0 copy 0
G1 Z6.000
G1 X123.056 Y97.742
G1 Z5.600
G1 E0.50000 F2400.000
M204 S800
;TYPE:Perimeter
G1 F2700.000
G1 X130.313 Y99.687 E0.82012
G1 X132.258 Y106.944 E0.82012
G1 X126.945 Y112.257 E0.82012
G1 X119.688 Y110.312 E0.82012
G1 X117.743 Y103.055 E0.82012
G1 X122.992 Y97.806 E0.81029
M204 S1000
G1 X123.230 Y98.393 F10800.000
M204 S800
G1 F2700.000
G1 X129.837 Y100.163 E0.74658
G1 X131.607 Y106.770 E0.74658
G1 X126.771 Y111.606 E0.74658
G1 X120.164 Y109.836 E0.74658
G1 X118.394 Y103.229 E0.74658
G1 X123.167 Y98.456 E0.73676
M204 S1000
G1 X123.405 Y99.043 F10800.000
M204 S800
;TYPE:External perimeter
G1 F1500.000
G1 X129.361 Y100.639 E0.67305
G1 X130.957 Y106.595 E0.67305
G1 X126.597 Y110.955 E0.67305
G1 X120.641 Y109.359 E0.67305
G1 X119.045 Y103.403 E0.67305
G1 X123.341 Y99.107 E0.66322
M204 S1000
G1 X123.560 Y98.464 F10800.000
;WIPE_START
G1 F8640.000
G1 X125.085 Y99.551 E-0.47500
;WIPE_END
G1 E-0.02500 F2400.000
G1 Z6.000 F10800.000
G1 X126.740 Y92.632
G1 Z5.600
M73 Q29 S14
G1 E0.50000 F2400.000
M204 S800
;TYPE:Perimeter
G1 F2700.000
G1 X127.614 Y92.783 E0.09675
G1 X128.428 Y92.987 E0.09162
G1 X129.416 Y93.313 E0.11353
G1 X129.920 Y93.517 E0.05940
G1 X130.748 Y93.907 E0.09993
G1 X131.562 Y94.368 E0.10208
G1 X132.385 Y94.922 E0.10827
G1 X132.745 Y95.196 E0.04939
G1 X133.487 Y95.832 E0.10668
G1 X134.168 Y96.513 E0.10509
G1 X134.804 Y97.255 E0.10668
G1 X135.078 Y97.615 E0.04939
G1 X135.632 Y98.438 E0.10827
G1 X135.862 Y98.828 E0.04939
G1 X136.311 Y99.696 E0.10668
G1 X136.691 Y100.596 E0.10668
G1 X136.843 Y101.022 E0.04939
G1 X137.117 Y101.960 E0.10668
G1 X137.315 Y102.903 E0.10510
G1 X137.440 Y103.857 E0.10510
G1 X137.492 Y104.833 E0.10668
G1 X137.470 Y105.767 E0.10193
G1 X137.369 Y106.754 E0.10827
G1 X137.297 Y107.206 E0.05005
G1 X137.155 Y107.876 E0.07471
G1 X136.954 Y108.629 E0.08504
G1 X136.814 Y109.063 E0.04980
M73 P29 R14
G1 X136.454 Y109.987 E0.10827
G1 X136.260 Y110.412 E0.05097
G1 X136.050 Y110.829 E0.05097
G1 X135.560 Y111.675 E0.10668
G1 X135.006 Y112.480 E0.10668
G1 X134.725 Y112.842 E0.05005
G1 X134.279 Y113.361 E0.07471
G1 X133.741 Y113.925 E0.08504
G1 X133.409 Y114.238 E0.04980
G1 X132.661 Y114.867 E0.10668
G1 X131.866 Y115.436 E0.10668
G1 X131.484 Y115.678 E0.04939
G1 X130.629 Y116.152 E0.10668
G1 X129.740 Y116.558 E0.10668
G1 X129.318 Y116.722 E0.04939
G1 X128.389 Y117.023 E0.10668
G1 X127.438 Y117.252 E0.10668
G1 X126.979 Y117.335 E0.05097
G1 X126.516 Y117.400 E0.05097
G1 X125.542 Y117.480 E0.10668
G1 X124.565 Y117.484 E0.10668
G1 X124.107 Y117.460 E0.05005
G1 X123.426 Y117.390 E0.07471
G1 X122.656 Y117.270 E0.08504
G1 X122.210 Y117.176 E0.04980
G1 X121.267 Y116.920 E0.10668
G1 X120.346 Y116.592 E0.10668
G1 X119.929 Y116.416 E0.04939
G1 X119.039 Y115.978 E0.10827
G1 X118.646 Y115.755 E0.04939
G1 X117.812 Y115.217 E0.10827
G1 X117.442 Y114.946 E0.05005
G1 X116.910 Y114.515 E0.07471
G1 X116.331 Y113.994 E0.08504
G1 X115.681 Y113.319 E0.10234
G1 X115.060 Y112.564 E0.10668
G1 X114.507 Y111.776 E0.10510
G1 X114.008 Y110.935 E0.10668
G1 X113.802 Y110.535 E0.04912
G1 X113.378 Y109.576 E0.11451
G1 X113.096 Y108.785 E0.09159
G1 X112.818 Y107.763 E0.11564
G1 X112.633 Y106.739 E0.11358
G1 X126.677 Y92.695 E2.16787
M204 S1000
G1 X126.531 Y92.016 F10800.000
M204 S800
G1 F2700.000
G1 X127.186 Y92.107 E0.07221
G1 X127.739 Y92.213 E0.06152
G1 X128.585 Y92.424 E0.09508
G1 X129.121 Y92.590 E0.06132
G1 X130.154 Y92.983 E0.12059
G1 X131.012 Y93.387 E0.10347
G1 X131.448 Y93.623 E0.05411
G1 X131.874 Y93.875 E0.05407
G1 X132.724 Y94.448 E0.11195
G1 X133.111 Y94.742 E0.05307
G1 X133.884 Y95.404 E0.11098
G1 X134.596 Y96.116 E0.11001
G1 X135.258 Y96.889 E0.11098
G1 X135.552 Y97.276 E0.05307
G1 X136.125 Y98.126 E0.11195
G1 X136.373 Y98.545 E0.05307
G1 X136.840 Y99.448 E0.11098
G1 X137.235 Y100.384 E0.11098
G1 X137.399 Y100.842 E0.05307
G1 X137.684 Y101.818 E0.11098
G1 X137.891 Y102.805 E0.11001
G1 X138.022 Y103.804 E0.11001
G1 X138.076 Y104.819 E0.11098
G1 X138.052 Y105.809 E0.10807
G1 X137.948 Y106.829 E0.11195
G1 X137.871 Y107.313 E0.05348
G1 X137.723 Y108.012 E0.07794
G1 X137.514 Y108.794 E0.08836
G1 X137.364 Y109.259 E0.05332
G1 X136.992 Y110.215 E0.11195
G1 X136.786 Y110.665 E0.05404
G1 X136.563 Y111.107 E0.05404
G1 X136.053 Y111.987 E0.11098
G1 X135.477 Y112.824 E0.11098
G1 X135.177 Y113.211 E0.05348
G1 X134.711 Y113.753 E0.07794
G1 X134.153 Y114.339 E0.08836
G1 X133.797 Y114.674 E0.05332
G1 X133.019 Y115.328 E0.11098
G1 X132.192 Y115.920 E0.11098
G1 X131.781 Y116.180 E0.05307
G1 X130.892 Y116.673 E0.11098
G1 X129.967 Y117.096 E0.11098
G1 X129.514 Y117.272 E0.05307
G1 X128.547 Y117.585 E0.11098
G1 X127.558 Y117.823 E0.11098
G1 X127.071 Y117.911 E0.05404
G1 X126.581 Y117.980 E0.05404
G1 X125.568 Y118.063 E0.11098
G1 X124.551 Y118.068 E0.11098
G1 X124.062 Y118.042 E0.05348
G1 X123.351 Y117.969 E0.07794
G1 X122.551 Y117.844 E0.08836
G1 X122.073 Y117.744 E0.05332
G1 X121.092 Y117.477 E0.11098
G1 X120.134 Y117.136 E0.11098
G1 X119.686 Y116.947 E0.05307
G1 X118.766 Y116.494 E0.11195
G1 X118.343 Y116.254 E0.05307
G1 X117.482 Y115.698 E0.11195
G1 X117.086 Y115.408 E0.05348
G1 X116.531 Y114.959 E0.07794
G1 X115.929 Y114.418 E0.08836
G1 X115.578 Y114.066 E0.05429
G1 X115.241 Y113.703 E0.05404
G1 X114.595 Y112.918 E0.11098
G1 X114.016 Y112.093 E0.11001
G1 X113.498 Y111.218 E0.11098
G1 X113.275 Y110.787 E0.05291
G1 X112.835 Y109.792 E0.11881
G1 X112.541 Y108.966 E0.09567
G1 X112.384 Y108.434 E0.06056
G1 X112.248 Y107.889 E0.06137
G1 X112.086 Y107.044 E0.09389
G1 X112.016 Y106.531 E0.05647
G1 X126.467 Y92.080 E2.23080
M204 S1000
G1 X126.050 Y91.671 F10800.000
M204 S800
;TYPE:External perimeter
G1 F2100.000
G1 X111.651 Y106.070 E2.22271
G1 X111.676 Y104.346 E0.18819
G1 X111.725 Y103.692 E0.07166
G1 X111.805 Y103.042 E0.07147
G1 X111.917 Y102.397 E0.07147
G1 X112.060 Y101.758 E0.07147
G1 X112.235 Y101.127 E0.07147
G1 X112.440 Y100.505 E0.07147
G1 X112.676 Y99.894 E0.07147
G1 X112.941 Y99.296 E0.07147
G1 X113.236 Y98.711 E0.07147
G1 X113.558 Y98.141 E0.07147
G1 X113.909 Y97.588 E0.07147
G1 X114.286 Y97.053 E0.07147
G1 X114.689 Y96.536 E0.07147
G1 X115.116 Y96.041 E0.07147
G1 X115.568 Y95.566 E0.07147
G1 X116.042 Y95.115 E0.07147
G1 X116.538 Y94.687 E0.07147
G1 X117.054 Y94.284 E0.07147
G1 X117.589 Y93.907 E0.07147
G1 X118.142 Y93.557 E0.07147
G1 X118.712 Y93.234 E0.07147
G1 X119.297 Y92.940 E0.07147
G1 X119.896 Y92.675 E0.07147
G1 X120.507 Y92.439 E0.07147
G1 X121.128 Y92.234 E0.07147
G1 X121.759 Y92.059 E0.07147
G1 X122.398 Y91.916 E0.07147
G1 X123.043 Y91.804 E0.07147
G1 X123.693 Y91.723 E0.07147
G1 X124.346 Y91.675 E0.07147
G1 X124.988 Y91.659 E0.07012
G1 X125.960 Y91.670 E0.10613
M204 S1000
G1 X126.570 Y91.971 F10800.000
G1 X125.987 Y91.380
M204 S800
G1 F2100.000
G1 X126.687 Y91.445 E0.07673
G1 X127.283 Y91.532 E0.06575
G1 X127.865 Y91.643 E0.06470
G1 X128.741 Y91.862 E0.09855
G1 X129.830 Y92.222 E0.12514
G1 X130.388 Y92.448 E0.06576
G1 X131.275 Y92.866 E0.10701
G1 X132.186 Y93.382 E0.11424
G1 X133.064 Y93.973 E0.11563
G1 X133.478 Y94.288 E0.05676
G1 X134.280 Y94.975 E0.11528
G1 X135.025 Y95.720 E0.11492
G1 X135.712 Y96.522 E0.11528
G1 X136.027 Y96.936 E0.05676
G1 X136.618 Y97.814 E0.11564
G1 X136.883 Y98.262 E0.05676
G1 X137.368 Y99.200 E0.11528
G1 X137.779 Y100.173 E0.11528
G1 X137.954 Y100.663 E0.05676
G1 X138.250 Y101.676 E0.11528
G1 X138.467 Y102.707 E0.11492
G1 X138.603 Y103.751 E0.11492
G1 X138.659 Y104.805 E0.11528
G1 X138.634 Y105.851 E0.11420
G1 X138.527 Y106.905 E0.11564
G1 X138.444 Y107.420 E0.05690
G1 X138.290 Y108.147 E0.08117
G1 X138.074 Y108.959 E0.09169
G1 X137.914 Y109.455 E0.05685
G1 X137.529 Y110.442 E0.11564
G1 X137.312 Y110.918 E0.05711
G1 X137.076 Y111.385 E0.05711
G1 X136.547 Y112.299 E0.11528
G1 X135.948 Y113.169 E0.11528
G1 X135.629 Y113.581 E0.05691
G1 X135.144 Y114.145 E0.08117
G1 X134.564 Y114.753 E0.09169
G1 X134.186 Y115.110 E0.05685
G1 X133.377 Y115.789 E0.11528
G1 X132.518 Y116.404 E0.11528
G1 X132.079 Y116.682 E0.05676
G1 X131.155 Y117.194 E0.11528
G1 X130.195 Y117.633 E0.11528
G1 X129.710 Y117.822 E0.05676
G1 X128.705 Y118.147 E0.11528
G1 X127.678 Y118.394 E0.11528
G1 X127.164 Y118.487 E0.05711
G1 X126.645 Y118.560 E0.05711
G1 X125.593 Y118.646 E0.11528
G1 X124.537 Y118.651 E0.11528
G1 X124.016 Y118.624 E0.05691
G1 X123.276 Y118.547 E0.08117
G1 X122.446 Y118.418 E0.09169
G1 X121.937 Y118.311 E0.05685
G1 X120.918 Y118.035 E0.11528
G1 X119.923 Y117.680 E0.11528
G1 X119.444 Y117.478 E0.05676
G1 X118.493 Y117.010 E0.11564
G1 X118.041 Y116.753 E0.05676
G1 X117.151 Y116.179 E0.11564
G1 X116.730 Y115.871 E0.05691
G1 X116.152 Y115.403 E0.08117
G1 X115.528 Y114.841 E0.09169
G1 X114.802 Y114.086 E0.11430
G1 X114.130 Y113.271 E0.11528
G1 X113.526 Y112.410 E0.11492
G1 X112.987 Y111.501 E0.11528
G1 X112.749 Y111.039 E0.05670
G1 X112.293 Y110.008 E0.12310
G1 X111.986 Y109.147 E0.09974
G1 X111.821 Y108.588 E0.06368
G1 X111.678 Y108.014 E0.06451
G1 X111.510 Y107.138 E0.09734
G1 X111.429 Y106.549 E0.06494
G1 X111.374 Y105.945 E0.06618
G1 X111.346 Y105.330 E0.06727
G1 X111.352 Y104.475 E0.09332
G1 X111.390 Y103.853 E0.06798
G1 X111.459 Y103.219 E0.06958
G1 X111.589 Y102.413 E0.08912
G1 X111.726 Y101.781 E0.07057
G1 X111.898 Y101.140 E0.07251
G1 X112.137 Y100.404 E0.08449
G1 X112.381 Y99.772 E0.07386
G1 X112.664 Y99.139 E0.07574
G1 X113.175 Y98.168 E0.11978
G1 X113.325 Y97.916 E0.03196
G1 X113.566 Y97.599 E0.04346
G1 X114.025 Y97.023 E0.08040
G1 X114.705 Y96.236 E0.11351
G1 X115.256 Y95.649 E0.08786
G1 X115.907 Y95.008 E0.09979
G1 X116.797 Y94.212 E0.13032
G1 X117.921 Y93.321 E0.15656
G1 X118.492 Y92.993 E0.07190
G1 X119.116 Y92.675 E0.07647
G1 X120.092 Y92.253 E0.11605
G1 X120.719 Y92.028 E0.07270
G1 X121.849 Y91.709 E0.12819
G1 X122.495 Y91.572 E0.07205
G1 X123.129 Y91.469 E0.07015
G1 X123.752 Y91.398 E0.06841
G1 X124.590 Y91.347 E0.09162
G1 X125.209 Y91.342 E0.06762
G1 X125.897 Y91.372 E0.07517
M204 S1000
G1 X126.250 Y91.920 F10800.000
;WIPE_START
G1 F8640.000
G1 X126.687 Y91.445 E-0.20926
G1 X127.283 Y91.532 E-0.15895
G1 X127.681 Y91.608 E-0.10679
;WIPE_END
G1 E-0.02500 F2400.000
G1 Z6.000 F10800.000
G1 X127.280 Y93.790
G1 Z5.600
G1 E0.50000 F2400.000
;TYPE:Solid infill
;WIDTH:0.684902
G1 F3399.447
G1 X126.740 Y93.251 E0.08397
G1 X126.324 Y93.667 E0.06476
G1 X126.678 Y94.021 E0.05507
G1 X126.262 Y94.437 E0.06476
G1 X125.908 Y94.083 E0.05507
G1 X125.492 Y94.499 E0.06476
G1 X125.846 Y94.853 E0.05507
G1 X125.430 Y95.269 E0.06476
G1 X125.076 Y94.915 E0.05507
G1 X124.660 Y95.331 E0.06476
G1 X125.014 Y95.685 E0.05507
G1 X124.598 Y96.101 E0.06476
G1 X124.244 Y95.747 E0.05507
G1 X123.828 Y96.163 E0.06476
G1 X124.182 Y96.517 E0.05507
G1 X123.766 Y96.933 E0.06476
G1 X123.412 Y96.579 E0.05507
G1 X122.996 Y96.995 E0.06476
G1 X123.535 Y97.534 E0.08397
G1 X124.269 Y97.254 F10800.000
;TYPE:Internal infill
;WIDTH:0.68
G1 F3428.008
G1 X126.037 Y95.486 E0.27288
G1 X129.590 Y99.040 E0.54850
G1 X129.735 Y99.079 E0.01638
G1 X130.955 Y94.527 E0.51430
G1 X131.331 Y94.741 E0.04725
G1 X132.130 Y95.278 E0.10504
G1 X132.470 Y95.537 E0.04663
G1 X132.861 Y95.872 E0.05619
;WIPE_START
G1 F8640.000
G1 X132.470 Y95.537 E-0.13585
G1 X132.130 Y95.278 E-0.11272
G1 X131.418 Y94.799 E-0.22642
;WIPE_END
G1 E-0.02500 F2400.000
G1 Z6.000 F10800.000
G1 X134.128 Y97.139
G1 Z5.600
G1 E0.50000 F2400.000
G1 F3428.008
G1 X134.463 Y97.530 E0.05619
G1 X134.722 Y97.870 E0.04663
G1 X135.262 Y98.672 E0.10551
G1 X135.481 Y99.043 E0.04704
G1 X130.921 Y100.265 E0.51525
G1 X130.960 Y100.410 E0.01638
G1 X136.964 Y106.414 E0.92679
G1 X137.018 Y105.879 E0.05864
G1 X132.733 Y107.027 E0.48422
G1 X132.746 Y107.075 E0.00536
G1 X132.710 Y107.110 E0.00551
G1 X135.851 Y110.251 E0.48481
G1 X136.075 Y109.756 E0.05929
G1 X127.865 Y111.956 E0.92772
G1 X127.760 Y112.061 E0.01623
G1 X131.093 Y115.394 E0.51453
G1 X130.432 Y115.761 E0.08254
G1 X129.570 Y116.155 E0.10346
G1 X128.979 Y116.372 E0.06869
;WIPE_START
G1 F8640.000
G1 X129.570 Y116.155 E-0.16607
G1 X130.432 Y115.761 E-0.25012
G1 X130.627 Y115.653 E-0.05881
;WIPE_END
G1 E-0.02500 F2400.000
G1 Z6.000 F10800.000
G1 X127.243 Y116.840
G1 Z5.600
G1 E0.50000 F2400.000
G1 F3428.008
G1 X126.464 Y116.965 E0.08616
G1 X125.523 Y117.042 E0.10300
G1 X124.921 Y117.045 E0.06572
G1 X126.141 Y112.494 E0.51426
G1 X125.998 Y112.456 E0.01608
G1 X117.787 Y114.656 E0.92788
G1 X118.230 Y114.966 E0.05899
G1 X119.378 Y110.682 E0.48404
G1 X119.331 Y110.669 E0.00536
G1 X119.318 Y110.622 E0.00536
G1 X115.036 Y111.769 E0.48383
G1 X115.345 Y112.209 E0.05862
G1 X117.539 Y103.984 E0.92914
M73 Q30 S14
G1 X116.136 Y105.388 E0.21663
G1 X118.567 Y107.818 E0.37521
G1 X118.412 Y107.241 E0.06526
G1 X113.488 Y108.560 E0.55637
G1 X113.367 Y108.113 E0.05059
G1 X113.400 Y108.123 E0.00385
G1 X113.661 Y107.863 E0.04020
G1 X122.611 Y116.813 E1.38166
M73 P30 R14
G1 X123.007 Y116.882 E0.04380
G1 X132.662 Y114.295 E1.09110
G1 X132.977 Y114.030 E0.04492
G1 X136.427 Y101.157 E1.45472
M73 P30 R13
G1 X136.299 Y100.798 E0.04158
G1 X129.205 Y93.704 E1.09501
G1 X128.825 Y93.578 E0.04374
G1 X127.623 Y93.900 E0.13577
G1 X127.453 Y94.070 E0.02625
G1 X126.354 Y98.173 E0.46356
G1 X125.779 Y98.019 E0.06496
G1 X133.082 Y96.062 E0.82526
M73 Q30 S13
G1 X133.938 Y96.918 E0.13217
G1 X131.981 Y104.221 E0.82526
G1 X131.827 Y103.646 E0.06496
G1 X136.747 Y102.328 E0.55598
G1 X136.884 Y102.976 E0.07232
G1 X137.004 Y103.897 E0.10141
G1 X137.052 Y104.804 E0.09915
;WIPE_START
G1 F8640.000
G1 X137.004 Y103.897 E-0.23970
G1 X136.889 Y103.013 E-0.23530
;WIPE_END
G1 E-0.02500 F2400.000
G1 Z6.000 F10800.000
G1 X135.333 Y111.192
G1 Z5.600
G1 E0.50000 F2400.000
G1 F3428.008
G1 X135.189 Y111.441 E0.03135
G1 X134.652 Y112.222 E0.10346
G1 X134.386 Y112.565 E0.04748
G1 X133.838 Y113.189 E0.09057
G1 X130.235 Y109.586 E0.55621
G1 X130.657 Y109.164 E0.06511
G1 X128.701 Y116.462 E0.82469
G1 X128.270 Y116.602 E0.04953
G1 X127.528 Y116.780 E0.08324
G1 X122.182 Y111.433 E0.82534
G1 X122.759 Y111.588 E0.06526
G1 X121.439 Y116.514 E0.55661
G1 X120.505 Y116.184 E0.10820
G1 X120.111 Y116.018 E0.04663
G1 X119.144 Y115.534 E0.11802
;WIPE_START
G1 F8640.000
G1 X120.111 Y116.018 E-0.28534
G1 X120.505 Y116.184 E-0.11272
G1 X120.780 Y116.281 E-0.07694
;WIPE_END
G1 E-0.02500 F2400.000
G1 Z6.000 F10800.000
G1 X113.795 Y107.275
G1 Z5.600
G1 E0.50000 F2400.000
;TYPE:Solid infill
;WIDTH:0.684363
G1 F3402.564
G1 X113.256 Y106.735 E0.08389
G1 X113.671 Y106.320 E0.06464
G1 X114.025 Y106.673 E0.05502
G1 X114.441 Y106.258 E0.06464
G1 X114.087 Y105.904 E0.05502
G1 X114.503 Y105.488 E0.06464
G1 X114.856 Y105.842 E0.05502
G1 X115.272 Y105.426 E0.06464
G1 X114.918 Y105.073 E0.05502
G1 X115.334 Y104.657 E0.06464
G1 X115.688 Y105.011 E0.05502
G1 X116.103 Y104.595 E0.06464
G1 X115.749 Y104.241 E0.05502
G1 X116.165 Y103.826 E0.06464
G1 X116.519 Y104.180 E0.05502
G1 X116.934 Y103.764 E0.06464
G1 X116.581 Y103.410 E0.05502
G1 X116.996 Y102.995 E0.06464
G1 X117.536 Y103.534 E0.08390
G1 X117.354 Y102.731 F10800.000
;TYPE:Gap fill
;WIDTH:0.521384
G1 F2400.000
G1 X119.865 Y100.220 E0.28215
;WIDTH:0.521385
G1 X122.732 Y97.353 E0.32228
; stop printing object C:/Users/orcas/AppData/Local/Temp/Neutron/Body1.stl id:0 copy 0
;LAYER_CHANGE
;Z:6.05
;HEIGHT:0.45
;BEFORE_LAYER_CHANGE
G92 E0.0
;6.05


;WIPE_START
G1 F8640.000
G1 X121.459 Y98.626 E-0.47500
;WIPE_END
G1 E-0.02500 F2400.000
G1 Z6.000 F10800.000
G1 Z6.050
;AFTER_LAYER_CHANGE
;6.05
; printing object C:/Users/orcas/AppData/Local/Temp/Neutron/Body1.stl id:0 copy 0
G1 Z6.450
G1 X123.056 Y97.742
G1 Z6.050
G1 E0.50000 F2400.000
M204 S800
;TYPE:Perimeter
;WIDTH:0.68
G1 F2700.000
G1 X130.313 Y99.687 E0.82012
G1 X132.258 Y106.944 E0.82012
G1 X126.945 Y112.257 E0.82012
G1 X119.688 Y110.312 E0.82012
G1 X117.743 Y103.055 E0.82012
G1 X122.992 Y97.806 E0.81029
M204 S1000
G1 X123.230 Y98.393 F10800.000
M204 S800
G1 F2700.000
G1 X129.837 Y100.163 E0.74658
G1 X131.607 Y106.770 E0.74658
G1 X126.771 Y111.606 E0.74658
G1 X120.164 Y109.836 E0.74658
G1 X118.394 Y103.229 E0.74658
G1 X123.167 Y98.456 E0.73676
M204 S1000
G1 X123.405 Y99.043 F10800.000
M204 S800
;TYPE:External perimeter
G1 F1500.000
G1 X129.361 Y100.639 E0.67305
G1 X130.957 Y106.595 E0.67305
G1 X126.597 Y110.955 E0.67305
G1 X120.641 Y109.359 E0.67305
G1 X119.045 Y103.403 E0.67305
G1 X123.341 Y99.107 E0.66322
M204 S1000
G1 X123.560 Y98.464 F10800.000
;WIPE_START
G1 F8640.000
G1 X125.085 Y99.551 E-0.47500
;WIPE_END
G1 E-0.02500 F2400.000
G1 Z6.450 F10800.000
G1 X127.288 Y92.721
G1 Z6.050
G1 E0.50000 F2400.000
M204 S800
;TYPE:Perimeter
G1 F2700.000
G1 X127.620 Y92.785 E0.03689
G1 X128.419 Y92.984 E0.08990
G1 X129.415 Y93.313 E0.11456
G1 X129.927 Y93.520 E0.06027
G1 X130.748 Y93.907 E0.09907
G1 X131.562 Y94.368 E0.10209
G1 X132.377 Y94.917 E0.10728
G1 X132.923 Y95.343 E0.07555
G1 X133.484 Y95.829 E0.08103
G1 X134.178 Y96.523 E0.10715
G1 X134.483 Y96.865 E0.04999
G1 X134.925 Y97.416 E0.07714
G1 X135.369 Y98.030 E0.08262
G1 X135.862 Y98.828 E0.10239
G1 X136.311 Y99.696 E0.10668
G1 X136.691 Y100.596 E0.10668
G1 X136.843 Y101.022 E0.04939
G1 X137.117 Y101.960 E0.10668
G1 X137.315 Y102.903 E0.10510
G1 X137.440 Y103.857 E0.10510
G1 X137.492 Y104.833 E0.10668
G1 X137.490 Y105.291 E0.04999
G1 X137.451 Y105.997 E0.07714
G1 X137.370 Y106.749 E0.08262
G1 X137.297 Y107.206 E0.05045
G1 X137.150 Y107.897 E0.07714
G1 X136.955 Y108.628 E0.08262
G1 X136.814 Y109.063 E0.04985
G1 X136.454 Y109.987 E0.10827
G1 X136.260 Y110.412 E0.05097
G1 X136.050 Y110.829 E0.05097
G1 X135.560 Y111.675 E0.10668
G1 X135.006 Y112.480 E0.10668
G1 X134.728 Y112.837 E0.04939
G1 X134.085 Y113.574 E0.10668
G1 X133.398 Y114.248 E0.10510
G1 X132.661 Y114.867 E0.10509
G1 X131.866 Y115.436 E0.10668
G1 X131.063 Y115.923 E0.10253
G1 X130.434 Y116.246 E0.07714
G1 X129.744 Y116.556 E0.08262
G1 X128.858 Y116.882 E0.10299
G1 X128.179 Y117.078 E0.07714
G1 X127.443 Y117.251 E0.08262
G1 X126.516 Y117.400 E0.10239
G1 X125.542 Y117.480 E0.10668
G1 X124.579 Y117.484 E0.10510
G1 X123.619 Y117.415 E0.10509
G1 X122.653 Y117.269 E0.10668
G1 X122.210 Y117.176 E0.04939
G1 X121.261 Y116.919 E0.10728
G1 X120.608 Y116.691 E0.07556
G1 X119.920 Y116.412 E0.08103
G1 X119.039 Y115.978 E0.10715
G1 X118.646 Y115.755 E0.04939
G1 X117.825 Y115.225 E0.10668
G1 X117.058 Y114.641 E0.10510
G1 X116.328 Y113.991 E0.10668
G1 X115.998 Y113.661 E0.05097
G1 X115.681 Y113.319 E0.05098
G1 X115.060 Y112.564 E0.10668
G1 X114.507 Y111.776 E0.10510
G1 X114.008 Y110.935 E0.10668
G1 X113.802 Y110.536 E0.04910
G1 X113.375 Y109.569 E0.11532
G1 X113.098 Y108.792 E0.09003
G1 X112.816 Y107.757 E0.11705
G1 X112.725 Y107.283 E0.05272
G1 X127.224 Y92.784 E2.23809
M204 S1000
G1 X127.090 Y92.093 F10800.000
M204 S800
G1 F2700.000
G1 X127.745 Y92.215 E0.07273
G1 X128.575 Y92.422 E0.09334
G1 X129.623 Y92.767 E0.12040
G1 X130.161 Y92.986 E0.06346
G1 X131.012 Y93.387 E0.10259
G1 X131.874 Y93.875 E0.10817
M73 Q31 S13
G1 X132.720 Y94.445 E0.11135
G1 X133.293 Y94.892 E0.07942
G1 X133.882 Y95.402 E0.08495
G1 X134.602 Y96.123 E0.11126
G1 X134.928 Y96.488 E0.05344
G1 X135.389 Y97.062 E0.08039
G1 X135.850 Y97.701 E0.08592
G1 X136.373 Y98.545 E0.10835
G1 X136.840 Y99.448 E0.11098
G1 X137.235 Y100.384 E0.11098
G1 X137.399 Y100.842 E0.05307
G1 X137.684 Y101.818 E0.11098
G1 X137.891 Y102.805 E0.11001
G1 X138.022 Y103.804 E0.11001
G1 X138.076 Y104.819 E0.11098
G1 X138.073 Y105.309 E0.05344
G1 X138.033 Y106.044 E0.08039
G1 X137.949 Y106.827 E0.08592
G1 X137.871 Y107.313 E0.05372
G1 X137.717 Y108.033 E0.08039
G1 X137.514 Y108.794 E0.08592
G1 X137.364 Y109.259 E0.05336
G1 X136.992 Y110.215 E0.11195
G1 X136.786 Y110.665 E0.05404
G1 X136.563 Y111.107 E0.05404
G1 X136.053 Y111.987 E0.11098
G1 X135.477 Y112.824 E0.11098
G1 X135.179 Y113.208 E0.05307
G1 X134.510 Y113.974 E0.11098
G1 X133.791 Y114.680 E0.11001
G1 X133.019 Y115.328 E0.11001
M73 P31 R13
G1 X132.192 Y115.920 E0.11098
G1 X131.343 Y116.435 E0.10843
G1 X130.687 Y116.771 E0.08039
G1 X129.970 Y117.095 E0.08592
G1 X129.035 Y117.438 E0.10872
G1 X128.327 Y117.643 E0.08039
G1 X127.561 Y117.823 E0.08592
G1 X126.581 Y117.980 E0.10835
G1 X125.568 Y118.063 E0.11098
G1 X124.560 Y118.068 E0.11001
G1 X123.555 Y117.995 E0.11001
G1 X122.549 Y117.844 E0.11098
G1 X122.073 Y117.744 E0.05307
G1 X121.089 Y117.477 E0.11135
G1 X120.402 Y117.237 E0.07942
G1 X119.681 Y116.944 E0.08495
G1 X118.766 Y116.494 E0.11126
G1 X118.343 Y116.254 E0.05307
G1 X117.489 Y115.702 E0.11098
G1 X116.687 Y115.092 E0.11001
G1 X115.928 Y114.416 E0.11098
G1 X115.578 Y114.066 E0.05404
G1 X115.241 Y113.703 E0.05404
G1 X114.595 Y112.918 E0.11098
G1 X114.016 Y112.093 E0.11001
G1 X113.498 Y111.218 E0.11098
G1 X113.275 Y110.788 E0.05289
G1 X112.833 Y109.785 E0.11961
G1 X112.543 Y108.973 E0.09409
G1 X112.384 Y108.435 E0.06123
G1 X112.246 Y107.883 E0.06213
G1 X112.094 Y107.089 E0.08822
G1 X127.027 Y92.157 E2.30505
M204 S1000
G1 X126.614 Y91.744 F10800.000
M204 S800
;TYPE:External perimeter
G1 F2100.000
G1 X126.645 Y91.713 E0.00480
G1 X124.963 Y91.660 E0.18372
G1 X124.021 Y91.695 E0.10286
G1 X123.368 Y91.760 E0.07168
G1 X122.720 Y91.856 E0.07147
G1 X122.078 Y91.983 E0.07147
G1 X121.443 Y92.142 E0.07147
G1 X120.816 Y92.333 E0.07147
G1 X120.200 Y92.553 E0.07147
G1 X119.595 Y92.804 E0.07147
G1 X119.003 Y93.084 E0.07147
G1 X118.425 Y93.392 E0.07147
G1 X117.864 Y93.729 E0.07147
G1 X117.319 Y94.093 E0.07147
G1 X116.600 Y94.641 E0.09869
G1 X116.959 Y94.320 E0.05256
G1 X118.035 Y93.470 E0.14959
G1 X118.595 Y93.068 E0.07530
G1 X119.337 Y92.573 E0.09739
G1 X119.761 Y92.386 E0.05051
G1 X120.438 Y92.125 E0.07929
G1 X121.090 Y91.911 E0.07489
G1 X121.733 Y91.736 E0.07265
G1 X122.487 Y91.573 E0.08425
G1 X123.133 Y91.468 E0.07140
G1 X123.766 Y91.397 E0.06957
G1 X124.581 Y91.347 E0.08915
G1 X125.211 Y91.342 E0.06870
G1 X125.826 Y91.365 E0.06725
G1 X126.678 Y91.444 E0.09336
G1 X127.282 Y91.531 E0.06664
G1 X127.871 Y91.645 E0.06548
G1 X128.732 Y91.859 E0.09679
G1 X129.830 Y92.222 E0.12623
G1 X130.396 Y92.451 E0.06665
G1 X131.275 Y92.866 E0.10612
G1 X131.735 Y93.115 E0.05712
G1 X132.186 Y93.382 E0.05714
G1 X133.063 Y93.972 E0.11541
G1 X133.664 Y94.442 E0.08328
G1 X134.279 Y94.975 E0.08886
G1 X135.027 Y95.722 E0.11538
G1 X135.374 Y96.111 E0.05689
G1 X135.854 Y96.709 E0.08364
G1 X136.332 Y97.371 E0.08922
G1 X136.883 Y98.262 E0.11431
G1 X137.368 Y99.200 E0.11528
G1 X137.779 Y100.173 E0.11528
G1 X137.954 Y100.663 E0.05676
G1 X138.250 Y101.676 E0.11528
G1 X138.467 Y102.707 E0.11492
G1 X138.603 Y103.751 E0.11492
G1 X138.659 Y104.805 E0.11528
G1 X138.657 Y105.326 E0.05689
G1 X138.614 Y106.091 E0.08364
G1 X138.527 Y106.904 E0.08922
G1 X138.444 Y107.420 E0.05699
G1 X138.285 Y108.169 E0.08364
G1 X138.074 Y108.959 E0.08922
G1 X137.914 Y109.455 E0.05686
G1 X137.529 Y110.442 E0.11564
G1 X137.312 Y110.918 E0.05711
G1 X137.076 Y111.385 E0.05711
G1 X136.547 Y112.299 E0.11528
G1 X135.948 Y113.169 E0.11528
G1 X135.629 Y113.580 E0.05676
G1 X134.935 Y114.375 E0.11528
G1 X134.183 Y115.112 E0.11492
G1 X133.377 Y115.789 E0.11492
G1 X132.518 Y116.404 E0.11528
G1 X132.076 Y116.684 E0.05711
G1 X131.622 Y116.947 E0.05725
G1 X130.941 Y117.297 E0.08364
G1 X130.196 Y117.633 E0.08922
G1 X129.707 Y117.823 E0.05722
G1 X129.211 Y117.994 E0.05725
G1 X128.475 Y118.207 E0.08364
G1 X127.679 Y118.394 E0.08922
G1 X127.164 Y118.487 E0.05722
G1 X126.645 Y118.560 E0.05711
G1 X125.593 Y118.646 E0.11528
G1 X124.540 Y118.651 E0.11492
G1 X123.490 Y118.575 E0.11492
G1 X122.446 Y118.418 E0.11528
G1 X121.937 Y118.311 E0.05676
G1 X120.916 Y118.034 E0.11541
G1 X120.196 Y117.784 E0.08328
G1 X119.442 Y117.477 E0.08886
G1 X118.493 Y117.010 E0.11538
G1 X118.041 Y116.753 E0.05676
G1 X117.154 Y116.180 E0.11528
G1 X116.316 Y115.543 E0.11492
G1 X115.527 Y114.840 E0.11528
G1 X115.157 Y114.470 E0.05711
G1 X114.802 Y114.086 E0.05711
G1 X114.130 Y113.271 E0.11528
G1 X113.526 Y112.410 E0.11492
G1 X112.987 Y111.501 E0.11528
G1 X112.749 Y111.040 E0.05669
G1 X112.290 Y110.001 E0.12390
G1 X111.989 Y109.154 E0.09814
G1 X111.821 Y108.589 E0.06436
G1 X111.677 Y108.008 E0.06527
G1 X111.512 Y107.150 E0.09545
G1 X111.430 Y106.553 E0.06574
G1 X111.374 Y105.941 E0.06708
G1 X111.346 Y105.316 E0.06832
G1 X111.352 Y104.482 E0.09102
G1 X111.391 Y103.850 E0.06911
G1 X111.461 Y103.205 E0.07087
G1 X111.587 Y102.423 E0.08639
G1 X111.726 Y101.779 E0.07196
G1 X111.903 Y101.123 E0.07409
G1 X112.133 Y100.415 E0.08128
G1 X112.383 Y99.768 E0.07569
G1 X112.572 Y99.339 E0.05119
G1 X113.269 Y98.311 E0.13558
G1 X114.105 Y97.220 E0.15000
G1 X114.611 Y96.637 E0.08426
G1 X114.094 Y97.318 E0.09329
G1 X113.730 Y97.862 E0.07147
G1 X113.393 Y98.425 E0.07157
G1 X113.037 Y99.100 E0.08334
G1 X112.677 Y99.893 E0.09505
G1 X112.440 Y100.505 E0.07164
G1 X112.235 Y101.127 E0.07147
G1 X112.060 Y101.758 E0.07147
G1 X111.917 Y102.397 E0.07147
G1 X111.805 Y103.042 E0.07147
G1 X111.725 Y103.692 E0.07147
G1 X111.677 Y104.345 E0.07147
G1 X111.661 Y105.001 E0.07164
G1 X111.716 Y106.642 E0.17928
G1 X126.550 Y91.808 E2.28994
M204 S1000
G1 X126.656 Y91.756 F10800.000
;WIPE_START
G1 F8640.000
G1 X126.645 Y91.713 E-0.03536
G1 X124.980 Y91.660 E-0.43964
;WIPE_END
G1 E-0.02500 F2400.000
G1 Z6.450 F10800.000
G1 X128.154 Y93.098
G1 Z6.050
G1 E0.50000 F2400.000
;TYPE:Solid infill
;WIDTH:0.796686
G1 F2856.673
G1 X123.557 Y97.695 E0.85148
;WIPE_START
G1 F8640.000
G1 X124.830 Y96.422 E-0.47500
;WIPE_END
G1 E-0.02500 F2400.000
G1 Z6.450 F10800.000
G1 X117.696 Y103.556
G1 Z6.050
G1 E0.50000 F2400.000
G1 F2856.673
G1 X113.104 Y108.148 E0.85062
;WIPE_START
G1 F8640.000
G1 X114.377 Y106.875 E-0.47500
;WIPE_END
G1 E-0.02500 F2400.000
G1 Z6.450 F10800.000
G1 X131.765 Y114.971
G1 Z6.050
G1 E0.50000 F2400.000
;TYPE:Internal infill
;WIDTH:0.68
G1 F3425
G1 X131.377 Y115.228 E0.05079
G1 X127.985 Y111.836 E0.52360
G1 X127.415 Y112.406 E0.08796
G1 X135.908 Y110.130 E0.95970
G1 X135.993 Y109.943 E0.02244
G1 X132.608 Y106.558 E0.52263
G1 X132.746 Y107.075 E0.05844
G1 X132.366 Y107.455 E0.05874
G1 X136.987 Y106.217 E0.52225
G1 X137.009 Y106.009 E0.02284
G1 X130.796 Y99.795 E0.95921
G1 X131.004 Y100.572 E0.08781
G1 X135.631 Y99.332 E0.52284
G1 X135.851 Y99.759 E0.05242
;WIPE_START
G1 F8640.000
G1 X135.631 Y99.332 E-0.12673
G1 X134.356 Y99.674 E-0.34827
;WIPE_END
G1 E-0.02500 F2400.000
G1 Z6.450 F10800.000
G1 X137.053 Y105.123
G1 Z6.050
G1 E0.50000 F2400.000
G1 F3425
G1 X137.004 Y103.897 E0.13389
G1 X136.884 Y102.976 E0.10141
G1 X136.813 Y102.640 E0.03754
G1 X131.910 Y103.953 E0.55408
G1 X131.817 Y103.606 E0.03924
G1 X133.682 Y96.646 E0.78652
G1 X133.354 Y96.318 E0.05059
G1 X126.394 Y98.183 E0.78652
G1 X126.047 Y98.090 E0.03924
G1 X126.770 Y95.390 E0.30516
G1 X126.580 Y95.580 E0.02932
G1 X130.205 Y99.204 E0.55954
G1 X129.428 Y98.996 E0.08781
G1 X130.670 Y94.362 E0.52364
G1 X130.244 Y94.154 E0.05172
;WIPE_START
G1 F8640.000
G1 X130.670 Y94.362 E-0.12504
G1 X130.326 Y95.643 E-0.34996
;WIPE_END
G1 E-0.02500 F2400.000
G1 Z6.450 F10800.000
G1 X126.976 Y95.183
G1 Z6.050
G1 E0.50000 F2400.000
G1 F3425
G1 X128.043 Y94.117 E0.16456
G1 X129.347 Y93.768 E0.14744
G1 X129.980 Y94.029 E0.07476
G1 X135.974 Y100.023 E0.92526
G1 X136.235 Y100.641 E0.07320
G1 X132.552 Y114.387 E1.55336
G1 X132.002 Y114.801 E0.07517
G1 X123.828 Y116.991 E0.92369
G1 X123.149 Y116.902 E0.07470
G1 X114.204 Y107.956 E1.38087
G1 X113.509 Y108.634 E0.10600
G1 X113.588 Y108.863 E0.02637
G1 X118.494 Y107.548 E0.55441
G1 X118.402 Y107.204 E0.03893
G1 X116.679 Y105.481 E0.26593
G1 X116.869 Y105.291 E0.02932
G1 X115.106 Y111.869 E0.74337
G1 X115.231 Y112.047 E0.02365
M73 Q32 S13
G1 X119.850 Y110.809 E0.52202
G1 X119.331 Y110.669 E0.05874
G1 X119.191 Y110.150 E0.05874
G1 X117.953 Y114.772 E0.52236
G1 X118.122 Y114.896 E0.02291
G1 X126.613 Y112.621 E0.95948
G1 X125.833 Y112.412 E0.08811
G1 X124.591 Y117.046 E0.52372
M73 P32 R13
G1 X124.119 Y117.012 E0.05173
;WIPE_START
G1 F8640.000
G1 X124.591 Y117.046 E-0.12506
G1 X124.935 Y115.766 E-0.34994
;WIPE_END
G1 E-0.02500 F2400.000
G1 Z6.450 F10800.000
G1 X118.867 Y115.377
G1 Z6.050
G1 E0.50000 F2400.000
G1 F3425
G1 X119.244 Y115.591 E0.04735
G1 X120.099 Y116.012 E0.10406
G1 X120.762 Y116.282 E0.07810
G1 X121.137 Y116.412 E0.04337
G1 X122.452 Y111.506 E0.55445
G1 X122.796 Y111.598 E0.03893
G1 X127.894 Y116.696 E0.78688
G1 X128.069 Y116.655 E0.01957
G1 X128.342 Y116.576 E0.03103
G1 X130.207 Y109.614 E0.78669
G1 X130.460 Y109.361 E0.03909
G1 X134.049 Y112.950 E0.55403
G1 X134.391 Y112.559 E0.05663
G1 X134.652 Y112.222 E0.04663
G1 X135.189 Y111.441 E0.10346
G1 X135.493 Y110.916 E0.06617
; stop printing object C:/Users/orcas/AppData/Local/Temp/Neutron/Body1.stl id:0 copy 0
;LAYER_CHANGE
;Z:6.5
;HEIGHT:0.45
;BEFORE_LAYER_CHANGE
G92 E0.0
;6.5


;WIPE_START
G1 F8640.000
G1 X135.189 Y111.441 E-0.15997
G1 X134.652 Y112.222 E-0.25012
G1 X134.502 Y112.416 E-0.06491
;WIPE_END
G1 E-0.02500 F2400.000
G1 Z6.450 F10800.000
G1 Z6.500
;AFTER_LAYER_CHANGE
;6.5
; printing object C:/Users/orcas/AppData/Local/Temp/Neutron/Body1.stl id:0 copy 0
G1 Z6.900
G1 X123.056 Y97.742
G1 Z6.500
G1 E0.50000 F2400.000
M204 S800
;TYPE:Perimeter
G1 F2700.000
G1 X130.313 Y99.687 E0.82012
G1 X132.258 Y106.944 E0.82012
G1 X126.945 Y112.257 E0.82012
G1 X119.688 Y110.312 E0.82012
G1 X117.743 Y103.055 E0.82012
G1 X122.992 Y97.806 E0.81029
M204 S1000
G1 X123.230 Y98.393 F10800.000
M204 S800
G1 F2700.000
G1 X129.837 Y100.163 E0.74658
G1 X131.607 Y106.770 E0.74658
G1 X126.771 Y111.606 E0.74658
G1 X120.164 Y109.836 E0.74658
G1 X118.394 Y103.229 E0.74658
G1 X123.167 Y98.456 E0.73676
M204 S1000
G1 X123.405 Y99.043 F10800.000
M204 S800
;TYPE:External perimeter
G1 F1500.000
G1 X129.361 Y100.639 E0.67305
G1 X130.957 Y106.595 E0.67305
G1 X126.597 Y110.955 E0.67305
G1 X120.641 Y109.359 E0.67305
G1 X119.045 Y103.403 E0.67305
G1 X123.341 Y99.107 E0.66322
M204 S1000
G1 X123.560 Y98.464 F10800.000
;WIPE_START
G1 F8640.000
G1 X125.085 Y99.551 E-0.47500
;WIPE_END
G1 E-0.02500 F2400.000
G1 Z6.900 F10800.000
G1 X127.812 Y92.832
G1 Z6.500
G1 E0.50000 F2400.000
M204 S800
;TYPE:Perimeter
G1 F2700.000
G1 X128.409 Y92.981 E0.06716
G1 X128.933 Y93.142 E0.05977
G1 X129.934 Y93.523 E0.11696
G1 X130.748 Y93.907 E0.09820
G1 X131.160 Y94.130 E0.05113
G1 X131.562 Y94.368 E0.05100
G1 X132.385 Y94.922 E0.10827
G1 X132.745 Y95.196 E0.04939
G1 X133.487 Y95.832 E0.10668
G1 X134.178 Y96.523 E0.10668
G1 X134.482 Y96.865 E0.04993
G1 X134.938 Y97.434 E0.07957
G1 X135.368 Y98.029 E0.08020
G1 X135.619 Y98.418 E0.05045
G1 X135.982 Y99.049 E0.07957
G1 X136.309 Y99.691 E0.07861
G1 X136.691 Y100.596 E0.10720
G1 X136.843 Y101.022 E0.04939
G1 X137.117 Y101.960 E0.10668
G1 X137.315 Y102.903 E0.10510
G1 X137.440 Y103.857 E0.10510
G1 X137.492 Y104.833 E0.10668
G1 X137.490 Y105.300 E0.05097
G1 X137.470 Y105.767 E0.05097
G1 X137.371 Y106.739 E0.10668
G1 X137.198 Y107.701 E0.10668
G1 X137.092 Y108.141 E0.04939
G1 X136.809 Y109.076 E0.10668
G1 X136.454 Y109.987 E0.10668
G1 X136.260 Y110.412 E0.05098
G1 X136.050 Y110.829 E0.05097
G1 X135.560 Y111.675 E0.10668
G1 X135.006 Y112.480 E0.10668
G1 X134.728 Y112.837 E0.04939
G1 X134.085 Y113.574 E0.10668
G1 X133.398 Y114.248 E0.10510
G1 X132.661 Y114.867 E0.10509
G1 X131.866 Y115.436 E0.10668
G1 X131.484 Y115.678 E0.04939
G1 X130.625 Y116.154 E0.10722
G1 X129.977 Y116.455 E0.07798
G1 X129.309 Y116.725 E0.07861
G1 X128.389 Y117.023 E0.10562
G1 X127.438 Y117.252 E0.10668
G1 X126.979 Y117.335 E0.05097
G1 X126.516 Y117.400 E0.05097
G1 X125.542 Y117.480 E0.10668
G1 X124.579 Y117.484 E0.10510
G1 X123.619 Y117.415 E0.10509
G1 X122.653 Y117.269 E0.10668
G1 X122.210 Y117.176 E0.04939
G1 X121.262 Y116.919 E0.10722
G1 X120.587 Y116.684 E0.07798
G1 X119.916 Y116.410 E0.07915
G1 X119.269 Y116.096 E0.07850
G1 X118.637 Y115.749 E0.07861
G1 X117.812 Y115.217 E0.10720
G1 X117.443 Y114.947 E0.04993
G1 X116.877 Y114.487 E0.07957
G1 X116.332 Y113.995 E0.08020
G1 X115.681 Y113.319 E0.10245
G1 X115.060 Y112.564 E0.10668
G1 X114.504 Y111.772 E0.10563
G1 X114.136 Y111.160 E0.07798
G1 X113.798 Y110.527 E0.07829
G1 X113.373 Y109.562 E0.11506
G1 X113.101 Y108.799 E0.08847
G1 X112.831 Y107.814 E0.11145
G1 X127.749 Y92.896 E2.30283
M204 S1000
G1 X127.628 Y92.192 F10800.000
M204 S800
G1 F2700.000
G1 X128.566 Y92.419 E0.10534
G1 X129.623 Y92.767 E0.12146
G1 X130.169 Y92.989 E0.06434
G1 X131.011 Y93.386 E0.10172
G1 X131.874 Y93.875 E0.10818
G1 X132.724 Y94.448 E0.11195
G1 X133.111 Y94.742 E0.05307
G1 X133.884 Y95.404 E0.11098
G1 X134.602 Y96.123 E0.11098
G1 X134.928 Y96.488 E0.05340
G1 X135.403 Y97.080 E0.08284
G1 X135.850 Y97.700 E0.08347
G1 X136.117 Y98.114 E0.05372
G1 X136.496 Y98.772 E0.08284
G1 X136.838 Y99.445 E0.08250
G1 X137.235 Y100.384 E0.11130
G1 X137.399 Y100.842 E0.05307
G1 X137.684 Y101.818 E0.11098
G1 X137.891 Y102.805 E0.11001
G1 X138.022 Y103.804 E0.11001
G1 X138.076 Y104.819 E0.11098
G1 X138.073 Y105.314 E0.05404
G1 X138.052 Y105.809 E0.05404
G1 X137.949 Y106.821 E0.11098
G1 X137.769 Y107.821 E0.11098
G1 X137.655 Y108.294 E0.05307
G1 X137.360 Y109.267 E0.11098
G1 X136.992 Y110.215 E0.11098
G1 X136.786 Y110.665 E0.05404
G1 X136.563 Y111.107 E0.05404
G1 X136.053 Y111.987 E0.11098
G1 X135.477 Y112.824 E0.11098
G1 X135.179 Y113.208 E0.05307
G1 X134.510 Y113.974 E0.11098
G1 X133.791 Y114.680 E0.11001
G1 X133.019 Y115.328 E0.11001
G1 X132.192 Y115.920 E0.11098
G1 X131.781 Y116.180 E0.05307
G1 X130.889 Y116.674 E0.11131
G1 X130.209 Y116.991 E0.08187
G1 X129.509 Y117.274 E0.08250
G1 X128.547 Y117.585 E0.11033
G1 X127.558 Y117.823 E0.11098
G1 X126.581 Y117.980 E0.10807
G1 X125.568 Y118.063 E0.11098
G1 X124.560 Y118.068 E0.11001
G1 X123.555 Y117.995 E0.11001
G1 X122.549 Y117.844 E0.11098
G1 X122.073 Y117.744 E0.05307
G1 X121.089 Y117.477 E0.11131
G1 X120.381 Y117.230 E0.08187
G1 X119.678 Y116.943 E0.08283
G1 X119.001 Y116.615 E0.08219
G1 X118.338 Y116.251 E0.08250
G1 X117.482 Y115.698 E0.11130
G1 X117.087 Y115.409 E0.05340
G1 X116.498 Y114.930 E0.08284
G1 X115.930 Y114.418 E0.08347
G1 X115.241 Y113.703 E0.10839
G1 X114.595 Y112.918 E0.11098
G1 X114.014 Y112.090 E0.11034
G1 X113.628 Y111.448 E0.08187
G1 X113.273 Y110.782 E0.08231
G1 X112.830 Y109.778 E0.11976
G1 X112.546 Y108.980 E0.09251
G1 X112.384 Y108.436 E0.06190
G1 X112.196 Y107.623 E0.09108
G1 X127.564 Y92.256 E2.37222
M204 S1000
G1 X127.151 Y91.843 F10800.000
M204 S800
;TYPE:External perimeter
G1 F2100.000
G1 X127.194 Y91.800 E0.00663
G1 X125.656 Y91.675 E0.16848
G1 X124.934 Y91.660 E0.07879
G1 X124.021 Y91.695 E0.09975
G1 X123.368 Y91.760 E0.07166
G1 X122.720 Y91.856 E0.07147
G1 X122.078 Y91.983 E0.07147
G1 X121.443 Y92.142 E0.07147
G1 X120.816 Y92.333 E0.07147
G1 X120.200 Y92.553 E0.07147
G1 X119.595 Y92.804 E0.07147
G1 X119.003 Y93.084 E0.07147
G1 X118.635 Y93.280 E0.04550
G1 X119.166 Y92.910 E0.07065
G1 X120.454 Y92.121 E0.16484
G1 X121.447 Y91.810 E0.11364
G1 X122.109 Y91.649 E0.07429
G1 X122.757 Y91.526 E0.07201
G1 X123.919 Y91.384 E0.12786
G1 X124.572 Y91.347 E0.07130
G1 X125.212 Y91.342 E0.06987
G1 X125.836 Y91.366 E0.06819
G1 X126.669 Y91.442 E0.09128
G1 X127.281 Y91.531 E0.06753
G1 X127.877 Y91.646 E0.06626
G1 X128.722 Y91.857 E0.09503
G1 X129.830 Y92.222 E0.12732
G1 X130.403 Y92.454 E0.06754
G1 X131.275 Y92.866 E0.10523
G1 X131.735 Y93.115 E0.05712
G1 X132.186 Y93.382 E0.05714
G1 X133.064 Y93.973 E0.11563
G1 X133.478 Y94.288 E0.05676
G1 X134.280 Y94.975 E0.11528
G1 X135.027 Y95.722 E0.11528
G1 X135.373 Y96.111 E0.05688
G1 X135.867 Y96.727 E0.08611
G1 X136.332 Y97.371 E0.08675
G1 X136.615 Y97.810 E0.05699
G1 X137.009 Y98.494 E0.08611
G1 X137.368 Y99.199 E0.08639
G1 X137.779 Y100.173 E0.11539
G1 X137.954 Y100.663 E0.05676
G1 X138.250 Y101.676 E0.11528
G1 X138.467 Y102.707 E0.11492
G1 X138.603 Y103.751 E0.11492
M73 Q33 S13
G1 X138.659 Y104.805 E0.11528
G1 X138.657 Y105.328 E0.05711
G1 X138.634 Y105.851 E0.05711
G1 X138.527 Y106.902 E0.11528
G1 X138.340 Y107.941 E0.11528
G1 X138.218 Y108.447 E0.05676
G1 X137.912 Y109.458 E0.11528
G1 X137.529 Y110.442 E0.11528
G1 X137.312 Y110.918 E0.05711
G1 X137.076 Y111.385 E0.05711
G1 X136.547 Y112.299 E0.11528
G1 X135.948 Y113.169 E0.11528
G1 X135.629 Y113.580 E0.05676
G1 X134.935 Y114.375 E0.11528
G1 X134.183 Y115.112 E0.11492
G1 X133.377 Y115.789 E0.11492
G1 X132.518 Y116.404 E0.11528
G1 X132.079 Y116.682 E0.05676
G1 X131.154 Y117.195 E0.11540
G1 X130.442 Y117.526 E0.08575
G1 X129.708 Y117.822 E0.08639
G1 X128.705 Y118.147 E0.11504
G1 X127.678 Y118.394 E0.11528
M73 P33 R13
G1 X126.645 Y118.560 E0.11421
G1 X125.593 Y118.646 E0.11528
G1 X124.540 Y118.651 E0.11492
G1 X123.490 Y118.575 E0.11492
G1 X122.446 Y118.418 E0.11528
G1 X121.937 Y118.311 E0.05676
G1 X120.916 Y118.034 E0.11540
G1 X120.175 Y117.776 E0.08575
G1 X119.441 Y117.476 E0.08651
G1 X118.733 Y117.133 E0.08587
G1 X118.039 Y116.752 E0.08639
G1 X117.151 Y116.179 E0.11539
G1 X116.730 Y115.871 E0.05688
G1 X116.118 Y115.374 E0.08611
G1 X115.528 Y114.841 E0.08675
G1 X115.157 Y114.470 E0.05723
G1 X114.802 Y114.086 E0.05711
G1 X114.130 Y113.271 E0.11528
G1 X113.525 Y112.409 E0.11504
G1 X113.120 Y111.735 E0.08575
G1 X112.748 Y111.038 E0.08632
G1 X112.288 Y109.994 E0.12447
G1 X111.991 Y109.161 E0.09654
G1 X111.821 Y108.590 E0.06504
G1 X111.675 Y108.003 E0.06604
G1 X111.513 Y107.161 E0.09357
G1 X111.430 Y106.557 E0.06655
G1 X111.374 Y105.937 E0.06798
G1 X111.346 Y105.302 E0.06936
G1 X111.352 Y104.492 E0.08845
G1 X111.430 Y103.458 E0.11311
G1 X111.585 Y102.434 E0.11308
G1 X111.818 Y101.422 E0.11333
G1 X112.121 Y100.454 E0.11075
G1 X112.512 Y99.791 E0.08407
G1 X113.306 Y98.588 E0.15726
G1 X113.085 Y99.001 E0.05117
G1 X112.805 Y99.593 E0.07147
G1 X112.554 Y100.198 E0.07147
G1 X112.333 Y100.817 E0.07170
G1 X112.061 Y101.756 E0.10674
G1 X111.917 Y102.397 E0.07170
G1 X111.805 Y103.042 E0.07147
G1 X111.725 Y103.692 E0.07147
G1 X111.677 Y104.345 E0.07147
G1 X111.661 Y104.999 E0.07147
G1 X111.677 Y105.655 E0.07161
G1 X111.802 Y107.193 E0.16842
G1 X127.088 Y91.907 E2.35967
M204 S1000
G1 X127.210 Y91.860 F10800.000
;WIPE_START
G1 F8640.000
G1 X127.194 Y91.800 E-0.03978
G1 X125.656 Y91.675 E-0.40733
G1 X125.550 Y91.673 E-0.02789
;WIPE_END
G1 E-0.02500 F2400.000
G1 Z6.900 F10800.000
G1 X128.250 Y94.093
G1 Z6.500
G1 E0.50000 F2400.000
;TYPE:Solid infill
;WIDTH:0.72728
G1 F3171.035
G1 X127.710 Y93.554 E0.09002
G1 X127.264 Y94.000 E0.07442
G1 X127.618 Y94.353 E0.05904
G1 X127.172 Y94.799 E0.07442
G1 X126.818 Y94.445 E0.05904
G1 X126.372 Y94.891 E0.07442
G1 X126.726 Y95.245 E0.05904
G1 X126.280 Y95.691 E0.07442
G1 X125.926 Y95.337 E0.05904
G1 X125.480 Y95.783 E0.07442
G1 X125.834 Y96.137 E0.05904
G1 X125.388 Y96.583 E0.07442
G1 X125.034 Y96.229 E0.05904
G1 X124.588 Y96.675 E0.07442
G1 X124.942 Y97.029 E0.05904
G1 X124.496 Y97.475 E0.07442
G1 X123.957 Y96.936 E0.09002
;WIPE_START
G1 F8640.000
G1 X124.496 Y97.475 E-0.20133
G1 X124.942 Y97.029 E-0.16644
G1 X124.655 Y96.742 E-0.10724
;WIPE_END
G1 E-0.02500 F2400.000
G1 Z6.900 F10800.000
G1 X128.668 Y94.128
G1 Z6.500
G1 E0.50000 F2400.000
;TYPE:Internal infill
;WIDTH:0.68
G1 F3428.008
G1 X129.120 Y93.676 E0.06978
G1 X129.843 Y93.964 E0.08495
G1 X128.462 Y94.334 E0.15609
G1 X127.330 Y95.467 E0.17476
;WIPE_START
G1 F8640.000
G1 X128.462 Y94.334 E-0.42251
G1 X128.654 Y94.283 E-0.05249
;WIPE_END
G1 E-0.02500 F2400.000
G1 Z6.900 F10800.000
G1 X127.290 Y98.423
G1 Z6.500
G1 E0.50000 F2400.000
G1 F3428.008
G1 X129.121 Y98.914 E0.20682
G1 X130.379 Y94.217 E0.53075
G1 X130.894 Y94.493 E0.06379
G1 X135.514 Y99.113 E0.71318
G1 X135.782 Y99.621 E0.06269
G1 X131.086 Y100.879 E0.53069
G1 X131.577 Y102.710 E0.20682
;WIPE_START
G1 F8640.000
G1 X131.111 Y100.971 E-0.47500
;WIPE_END
G1 E-0.02500 F2400.000
G1 Z6.900 F10800.000
G1 X129.551 Y110.270
G1 Z6.500
G1 E0.50000 F2400.000
G1 F3428.008
G1 X128.210 Y111.611 E0.20697
G1 X131.651 Y115.052 E0.53119
G1 X131.164 Y115.355 E0.06254
G1 X124.855 Y117.045 E0.71301
G1 X124.268 Y117.023 E0.06407
G1 X125.526 Y112.329 E0.53038
G1 X123.693 Y111.838 E0.20712
;WIPE_START
G1 F8640.000
G1 X125.432 Y112.304 E-0.47500
;WIPE_END
G1 E-0.02500 F2400.000
G1 Z6.900 F10800.000
G1 X127.987 Y116.670
G1 Z6.500
G1 E0.50000 F2400.000
G1 F3428.008
G1 X129.757 Y110.064 E0.74648
G1 X130.685 Y109.136 E0.14328
G1 X134.259 Y112.710 E0.55168
G1 X133.767 Y113.273 E0.08164
G1 X133.104 Y113.924 E0.10141
G1 X132.392 Y114.521 E0.10141
G1 X132.138 Y114.703 E0.03417
G1 X136.034 Y100.164 E1.64302
G1 X136.284 Y100.755 E0.07002
G1 X136.427 Y101.157 E0.04663
G1 X136.693 Y102.067 E0.10346
G1 X136.879 Y102.951 E0.09866
G1 X131.992 Y104.261 E0.55218
G1 X131.652 Y102.991 E0.14343
G1 X133.422 Y96.386 E0.74642
G1 X133.614 Y96.578 F10800.000
G1 F3428.008
G1 X127.009 Y98.348 E0.74642
G1 X125.739 Y98.008 E0.14343
G1 X126.087 Y96.709 E0.14677
G1 X127.123 Y95.673 E0.15995
G1 X137.036 Y105.586 E1.53020
G1 X136.950 Y106.556 E0.10637
G1 X131.916 Y107.905 E0.56886
G1 X132.746 Y107.075 E0.12821
G1 X132.443 Y105.943 E0.12791
G1 X136.125 Y109.625 E0.56847
G1 X135.721 Y110.510 E0.10616
G1 X118.483 Y115.129 E1.94793
G1 X118.060 Y114.856 E0.05488
G1 X117.677 Y114.573 E0.05205
G1 X119.027 Y109.535 E0.56929
G1 X119.331 Y110.669 E0.12821
G1 X120.465 Y110.973 E0.12821
G1 X115.428 Y112.323 E0.56921
G1 X114.868 Y111.529 E0.10605
G1 X116.186 Y106.610 E0.55585
G1 X117.222 Y105.574 E0.15995
G1 X118.237 Y106.589 E0.15665
G1 X118.577 Y107.855 E0.14313
G1 X113.695 Y109.163 E0.55163
G1 X113.679 Y109.118 E0.00530
G1 X114.747 Y108.049 E0.16492
G1 X123.678 Y116.980 E1.37864
G1 X122.730 Y116.838 E0.10461
G1 X122.312 Y116.751 E0.04663
G1 X121.391 Y116.501 E0.10415
G1 X120.836 Y116.307 E0.06419
G1 X122.145 Y111.423 E0.55186
G1 X123.411 Y111.763 E0.14313
G1 X128.254 Y116.606 E0.74754
;WIPE_START
G1 F8640.000
G1 X126.981 Y115.333 E-0.47500
;WIPE_END
G1 E-0.02500 F2400.000
G1 Z6.900 F10800.000
G1 X117.662 Y104.680
G1 Z6.500
G1 E0.50000 F2400.000
;TYPE:Solid infill
;WIDTH:0.727283
G1 F3171.020
G1 X117.123 Y104.141 E0.09002
G1 X116.677 Y104.587 E0.07442
G1 X117.030 Y104.941 E0.05904
G1 X116.584 Y105.387 E0.07442
G1 X116.231 Y105.033 E0.05904
G1 X115.785 Y105.479 E0.07442
G1 X116.138 Y105.833 E0.05904
G1 X115.692 Y106.279 E0.07442
G1 X115.339 Y105.925 E0.05904
G1 X114.893 Y106.371 E0.07442
G1 X115.247 Y106.725 E0.05904
G1 X114.801 Y107.171 E0.07442
G1 X114.447 Y106.817 E0.05904
G1 X114.001 Y107.263 E0.07442
G1 X114.355 Y107.617 E0.05904
G1 X113.909 Y108.063 E0.07442
G1 X113.369 Y107.523 E0.09002
; stop printing object C:/Users/orcas/AppData/Local/Temp/Neutron/Body1.stl id:0 copy 0
;LAYER_CHANGE
;Z:6.95
;HEIGHT:0.45
;BEFORE_LAYER_CHANGE
G92 E0.0
;6.95


;WIPE_START
G1 F8640.000
G1 X113.909 Y108.063 E-0.20133
G1 X114.355 Y107.617 E-0.16644
G1 X114.067 Y107.329 E-0.10724
;WIPE_END
G1 E-0.02500 F2400.000
M73 Q34 S13
G1 Z6.900 F10800.000
G1 Z6.950
;AFTER_LAYER_CHANGE
;6.95
; printing object C:/Users/orcas/AppData/Local/Temp/Neutron/Body1.stl id:0 copy 0
G1 Z7.350
G1 X123.230 Y98.393
G1 Z6.950
G1 E0.50000 F2400.000
M204 S800
;TYPE:Perimeter
;WIDTH:0.68
G1 F2700.000
G1 X129.837 Y100.163 E0.74658
M73 P34 R13
G1 X131.607 Y106.770 E0.74658
G1 X126.771 Y111.606 E0.74658
G1 X120.164 Y109.836 E0.74658
G1 X118.394 Y103.229 E0.74658
G1 X123.167 Y98.456 E0.73676
M204 S1000
G1 X123.405 Y99.043 F10800.000
M204 S800
;TYPE:External perimeter
G1 F1500.000
G1 X129.361 Y100.639 E0.67305
G1 X130.957 Y106.595 E0.67305
G1 X126.597 Y110.955 E0.67305
G1 X120.641 Y109.359 E0.67305
G1 X119.045 Y103.403 E0.67305
G1 X123.341 Y99.107 E0.66322
M204 S1000
G1 X123.560 Y98.464 F10800.000
;WIPE_START
G1 F8640.000
G1 X125.085 Y99.551 E-0.47500
;WIPE_END
G1 E-0.02500 F2400.000
G1 Z7.350 F10800.000
G1 X123.663 Y97.905
G1 Z6.950
G1 E0.50000 F2400.000
M204 S800
;TYPE:Perimeter
G1 F2700.000
G1 X123.437 Y97.844 E0.02555
G1 X128.322 Y92.959 E0.75404
G1 X128.930 Y93.141 E0.06928
G1 X129.415 Y93.313 E0.05616
G1 X129.941 Y93.527 E0.06200
G1 X130.748 Y93.907 E0.09734
G1 X131.160 Y94.130 E0.05114
G1 X131.562 Y94.368 E0.05101
G1 X132.385 Y94.922 E0.10827
G1 X132.745 Y95.196 E0.04939
G1 X133.487 Y95.832 E0.10668
G1 X134.168 Y96.513 E0.10509
G1 X134.804 Y97.255 E0.10668
G1 X135.078 Y97.615 E0.04939
G1 X135.632 Y98.438 E0.10827
G1 X135.862 Y98.828 E0.04939
G1 X136.311 Y99.696 E0.10668
G1 X136.691 Y100.596 E0.10668
G1 X136.843 Y101.022 E0.04939
G1 X137.117 Y101.960 E0.10668
G1 X137.315 Y102.903 E0.10510
G1 X137.440 Y103.857 E0.10510
G1 X137.492 Y104.833 E0.10668
G1 X137.490 Y105.300 E0.05097
G1 X137.470 Y105.767 E0.05097
G1 X137.371 Y106.739 E0.10668
G1 X137.200 Y107.687 E0.10510
G1 X136.953 Y108.632 E0.10668
G1 X136.814 Y109.063 E0.04939
G1 X136.454 Y109.987 E0.10827
G1 X136.266 Y110.399 E0.04939
G1 X135.809 Y111.263 E0.10668
G1 X135.294 Y112.077 E0.10514
G1 X134.710 Y112.860 E0.10664
G1 X134.410 Y113.218 E0.05098
G1 X134.093 Y113.567 E0.05145
G1 X133.560 Y114.096 E0.08199
G1 X133.029 Y114.571 E0.07777
G1 X132.673 Y114.859 E0.04997
G1 X131.866 Y115.436 E0.10827
G1 X131.064 Y115.922 E0.10241
G1 X130.395 Y116.264 E0.08199
G1 X129.745 Y116.556 E0.07777
G1 X129.318 Y116.722 E0.04997
G1 X128.389 Y117.023 E0.10668
G1 X127.438 Y117.252 E0.10668
G1 X126.979 Y117.335 E0.05097
G1 X126.516 Y117.400 E0.05097
G1 X125.542 Y117.480 E0.10668
G1 X124.565 Y117.484 E0.10668
G1 X124.109 Y117.460 E0.04987
G1 X123.362 Y117.381 E0.08199
G1 X122.658 Y117.270 E0.07777
G1 X122.210 Y117.176 E0.04997
G1 X121.262 Y116.919 E0.10716
G1 X120.567 Y116.676 E0.08041
G1 X119.921 Y116.412 E0.07618
G1 X119.039 Y115.978 E0.10726
G1 X118.646 Y115.755 E0.04939
G1 X117.825 Y115.225 E0.10668
G1 X117.058 Y114.641 E0.10510
G1 X116.328 Y113.991 E0.10668
G1 X115.998 Y113.661 E0.05097
G1 X115.681 Y113.319 E0.05098
G1 X115.060 Y112.564 E0.10668
G1 X114.507 Y111.776 E0.10510
G1 X114.008 Y110.935 E0.10668
G1 X113.794 Y110.520 E0.05097
G1 X113.375 Y109.570 E0.11337
G1 X113.103 Y108.806 E0.08856
G1 X112.959 Y108.322 E0.05505
G1 X117.845 Y103.436 E0.75428
G1 X119.688 Y110.312 E0.77704
G1 X126.945 Y112.257 E0.82012
G1 X132.258 Y106.944 E0.82012
G1 X130.313 Y99.687 E0.82012
G1 X123.750 Y97.928 E0.74167
M204 S1000
;WIPE_START
G1 F8640.000
G1 X123.437 Y97.844 E-0.08552
G1 X124.481 Y96.800 E-0.38948
;WIPE_END
G1 E-0.02500 F2400.000
G1 Z7.350 F10800.000
G1 X128.143 Y92.313
G1 Z6.950
G1 E0.50000 F2400.000
M204 S800
G1 F2700.000
G1 X128.556 Y92.416 E0.04649
G1 X129.113 Y92.587 E0.06355
G1 X129.622 Y92.767 E0.05900
G1 X130.176 Y92.992 E0.06521
G1 X131.011 Y93.386 E0.10084
G1 X131.447 Y93.623 E0.05413
G1 X131.874 Y93.875 E0.05408
G1 X132.724 Y94.448 E0.11195
G1 X133.111 Y94.742 E0.05307
G1 X133.884 Y95.404 E0.11098
G1 X134.596 Y96.116 E0.11001
G1 X135.258 Y96.889 E0.11098
G1 X135.552 Y97.276 E0.05307
G1 X136.125 Y98.126 E0.11195
G1 X136.373 Y98.545 E0.05307
G1 X136.840 Y99.448 E0.11098
G1 X137.235 Y100.384 E0.11098
G1 X137.399 Y100.842 E0.05307
G1 X137.684 Y101.818 E0.11098
G1 X137.891 Y102.805 E0.11001
G1 X138.022 Y103.804 E0.11001
G1 X138.076 Y104.819 E0.11098
G1 X138.073 Y105.314 E0.05404
G1 X138.052 Y105.809 E0.05404
G1 X137.949 Y106.821 E0.11098
G1 X137.770 Y107.812 E0.11001
G1 X137.514 Y108.796 E0.11098
G1 X137.364 Y109.259 E0.05307
G1 X136.992 Y110.215 E0.11195
G1 X136.790 Y110.657 E0.05307
G1 X136.314 Y111.555 E0.11098
G1 X135.775 Y112.408 E0.11005
G1 X135.168 Y113.222 E0.11093
G1 X134.849 Y113.601 E0.05405
G1 X134.515 Y113.970 E0.05434
G1 X133.960 Y114.520 E0.08529
G1 X133.407 Y115.015 E0.08103
G1 X133.026 Y115.323 E0.05343
G1 X132.192 Y115.920 E0.11195
G1 X131.343 Y116.434 E0.10836
G1 X130.648 Y116.791 E0.08529
G1 X129.970 Y117.094 E0.08103
G1 X129.514 Y117.272 E0.05343
G1 X128.547 Y117.585 E0.11098
G1 X127.558 Y117.823 E0.11098
G1 X127.071 Y117.911 E0.05404
G1 X126.581 Y117.980 E0.05404
G1 X125.568 Y118.063 E0.11098
G1 X124.551 Y118.068 E0.11098
G1 X124.063 Y118.042 E0.05337
G1 X123.286 Y117.960 E0.08529
G1 X122.552 Y117.844 E0.08103
G1 X122.073 Y117.744 E0.05343
G1 X121.089 Y117.477 E0.11127
G1 X120.360 Y117.222 E0.08431
G1 X119.681 Y116.945 E0.08005
G1 X118.766 Y116.494 E0.11134
G1 X118.343 Y116.254 E0.05307
G1 X117.489 Y115.702 E0.11098
G1 X116.687 Y115.092 E0.11001
G1 X115.928 Y114.416 E0.11098
G1 X115.241 Y113.703 E0.10807
G1 X114.595 Y112.918 E0.11098
G1 X114.016 Y112.093 E0.11001
G1 X113.498 Y111.218 E0.11098
G1 X113.057 Y110.324 E0.10880
G1 X112.831 Y109.780 E0.06429
G1 X112.548 Y108.987 E0.09194
G1 X112.312 Y108.144 E0.09550
G1 X128.079 Y92.377 E2.43394
M204 S1000
G1 X127.667 Y91.964 F10800.000
M204 S800
;TYPE:External perimeter
G1 F2100.000
G1 X127.737 Y91.894 E0.01092
G1 X125.982 Y91.695 E0.19286
G1 X124.909 Y91.660 E0.11711
G1 X124.021 Y91.695 E0.09705
G1 X123.368 Y91.760 E0.07165
G1 X122.720 Y91.856 E0.07147
G1 X122.078 Y91.983 E0.07147
G1 X121.443 Y92.142 E0.07147
G1 X120.816 Y92.333 E0.07147
G1 X120.198 Y92.554 E0.07170
G1 X119.855 Y92.701 E0.04068
G1 X120.837 Y92.127 E0.12409
G1 X121.419 Y91.819 E0.07194
G1 X122.111 Y91.649 E0.07775
G1 X123.139 Y91.468 E0.11396
G1 X124.174 Y91.366 E0.11353
G1 X125.215 Y91.342 E0.11367
G1 X125.846 Y91.367 E0.06888
G1 X126.660 Y91.441 E0.08920
G1 X127.280 Y91.531 E0.06841
G1 X127.883 Y91.647 E0.06705
G1 X128.712 Y91.854 E0.09327
G1 X129.296 Y92.033 E0.06660
G1 X129.830 Y92.222 E0.06184
G1 X130.410 Y92.458 E0.06843
G1 X131.275 Y92.866 E0.10434
G1 X132.186 Y93.382 E0.11425
G1 X133.064 Y93.973 E0.11563
G1 X133.478 Y94.288 E0.05676
G1 X134.280 Y94.975 E0.11528
G1 X135.025 Y95.720 E0.11492
G1 X135.712 Y96.522 E0.11528
G1 X136.027 Y96.936 E0.05676
G1 X136.618 Y97.814 E0.11564
G1 X136.883 Y98.262 E0.05676
G1 X137.368 Y99.200 E0.11528
G1 X137.779 Y100.173 E0.11528
G1 X137.954 Y100.663 E0.05676
G1 X138.250 Y101.676 E0.11528
G1 X138.467 Y102.707 E0.11492
G1 X138.603 Y103.751 E0.11492
G1 X138.659 Y104.805 E0.11528
G1 X138.634 Y105.851 E0.11420
G1 X138.527 Y106.902 E0.11528
G1 X138.341 Y107.938 E0.11492
G1 X138.074 Y108.960 E0.11528
G1 X137.914 Y109.455 E0.05676
G1 X137.529 Y110.442 E0.11564
G1 X137.313 Y110.915 E0.05676
G1 X136.819 Y111.848 E0.11528
G1 X136.257 Y112.738 E0.11497
G1 X135.625 Y113.585 E0.11523
G1 X135.289 Y113.985 E0.05711
G1 X134.936 Y114.373 E0.05722
G1 X134.360 Y114.945 E0.08858
G1 X133.785 Y115.460 E0.08428
G1 X133.380 Y115.788 E0.05689
G1 X132.518 Y116.404 E0.11564
G1 X131.623 Y116.947 E0.11431
G1 X130.900 Y117.317 E0.08858
G1 X130.196 Y117.633 E0.08428
G1 X129.710 Y117.822 E0.05689
G1 X128.705 Y118.147 E0.11528
G1 X127.678 Y118.394 E0.11528
G1 X126.645 Y118.560 E0.11421
G1 X125.593 Y118.646 E0.11528
G1 X124.537 Y118.651 E0.11528
G1 X124.017 Y118.624 E0.05686
G1 X123.209 Y118.539 E0.08858
G1 X122.447 Y118.418 E0.08428
G1 X121.937 Y118.311 E0.05689
G1 X120.917 Y118.034 E0.11538
G1 X120.154 Y117.768 E0.08822
G1 X119.442 Y117.477 E0.08392
G1 X118.493 Y117.010 E0.11541
G1 X118.041 Y116.753 E0.05676
G1 X117.154 Y116.180 E0.11528
G1 X116.316 Y115.543 E0.11492
G1 X115.527 Y114.840 E0.11528
G1 X115.157 Y114.470 E0.05711
G1 X114.802 Y114.086 E0.05711
G1 X114.130 Y113.271 E0.11528
G1 X113.526 Y112.410 E0.11492
G1 X112.987 Y111.501 E0.11528
G1 X112.747 Y111.036 E0.05711
G1 X112.286 Y109.991 E0.12471
G1 X111.993 Y109.168 E0.09532
G1 X111.822 Y108.591 E0.06571
G1 X111.674 Y107.997 E0.06680
G1 X111.515 Y107.172 E0.09168
G1 X111.431 Y106.561 E0.06735
G1 X111.374 Y105.933 E0.06888
G1 X111.346 Y105.288 E0.07040
G1 X111.352 Y104.497 E0.08642
G1 X111.391 Y103.844 E0.07135
G1 X111.465 Y103.177 E0.07321
G1 X111.648 Y102.125 E0.11660
G1 X111.821 Y101.417 E0.07953
G1 X112.151 Y100.795 E0.07692
G1 X112.675 Y99.898 E0.11338
G1 X112.440 Y100.507 E0.07131
G1 X112.144 Y101.439 E0.10674
G1 X111.985 Y102.077 E0.07170
G1 X111.857 Y102.720 E0.07162
G1 X111.741 Y103.548 E0.09130
G1 X111.677 Y104.344 E0.08709
G1 X111.661 Y104.999 E0.07159
G1 X111.677 Y105.654 E0.07147
G1 X111.725 Y106.307 E0.07150
G1 X111.902 Y107.729 E0.15637
G1 X127.603 Y92.028 E2.42364
M204 S1000
M73 Q35 S13
G1 X127.763 Y91.992 F10800.000
;WIPE_START
G1 F8640.000
G1 X127.737 Y91.894 E-0.05014
G1 X126.138 Y91.713 E-0.42486
;WIPE_END
G1 E-0.02500 F2400.000
G1 Z7.350 F10800.000
G1 X129.124 Y93.401
G1 Z6.950
G1 E0.50000 F2400.000
;TYPE:Solid infill
;WIDTH:0.796686
G1 F2730
G1 X124.561 Y97.964 E0.84523
;WIPE_START
M73 P35 R13
G1 F8640.000
G1 X125.834 Y96.691 E-0.47500
;WIPE_END
G1 E-0.02500 F2400.000
G1 Z7.350 F10800.000
G1 X123.008 Y98.031
G1 Z6.950
G1 E0.50000 F2400.000
;TYPE:Gap fill
;WIDTH:0.338259
G1 X121.087 Y99.953 E0.12287
;WIDTH:0.338259
G1 X118.032 Y103.007 E0.19533
;WIPE_START
G1 F8640.000
G1 X119.305 Y101.734 E-0.47500
;WIPE_END
G1 E-0.02500 F2400.000
G1 Z7.350 F10800.000
G1 X117.965 Y104.560
G1 Z6.950
G1 E0.50000 F2400.000
;TYPE:Solid infill
;WIDTH:0.796686
G1 F2730
G1 X113.402 Y109.123 E0.84534
;WIPE_START
G1 F8640.000
G1 X114.675 Y107.851 E-0.47500
;WIPE_END
G1 E-0.02500 F2400.000
G1 Z7.350 F10800.000
G1 X114.493 Y110.894
G1 Z6.950
G1 E0.50000 F2400.000
;TYPE:Internal infill
;WIDTH:0.68
G1 F2730
G1 X113.990 Y109.907 E0.12102
G1 X113.853 Y109.580 E0.03868
G1 X114.030 Y109.403 E0.02721
G1 X118.659 Y108.163 E0.52313
G1 X118.862 Y108.920 E0.08559
G1 X117.405 Y114.356 E0.61423
G1 X118.076 Y114.866 E0.09200
G1 X118.843 Y115.362 E0.09968
G1 X135.508 Y110.896 E1.88315
G1 X135.873 Y110.205 E0.08531
G1 X136.051 Y109.817 E0.04663
G1 X136.252 Y109.302 E0.06036
G1 X132.278 Y105.328 E0.61335
G1 X132.074 Y104.568 E0.08589
G1 X136.922 Y103.269 E0.54780
M73 P35 R12
G1 X136.884 Y102.976 E0.03226
G1 X136.693 Y102.067 E0.10141
G1 X136.427 Y101.157 E0.10346
G1 X136.317 Y100.849 E0.03575
;WIPE_START
G1 F8640.000
G1 X136.427 Y101.157 E-0.08643
G1 X136.693 Y102.067 E-0.25012
G1 X136.801 Y102.580 E-0.13844
;WIPE_END
G1 E-0.02500 F2400.000
G1 Z7.350 F10800.000
G1 X132.725 Y114.254
G1 Z6.950
M73 Q35 S12
G1 E0.50000 F2400.000
G1 F2730
G1 X133.260 Y113.777 E0.07820
G1 X133.774 Y113.267 E0.07906
G1 X134.461 Y112.462 E0.11557
G1 X130.910 Y108.911 E0.54817
G1 X131.466 Y108.355 E0.08574
G1 X136.897 Y106.900 E0.61380
G1 X136.937 Y106.678 E0.02458
G1 X137.033 Y105.735 E0.10346
G1 X137.053 Y105.152 E0.06365
G1 X127.667 Y95.766 E1.44893
G1 X128.881 Y94.552 E0.18748
G1 X130.289 Y94.174 E0.15905
G1 X130.087 Y94.079 E0.02439
G1 X128.813 Y98.832 E0.53704
G1 X127.623 Y98.513 E0.13447
G1 X133.870 Y96.839 E0.70595
G1 X133.161 Y96.130 E0.10947
G1 X131.487 Y102.377 E0.70595
G1 X131.168 Y101.187 E0.13447
G1 X135.927 Y99.912 E0.53775
G1 X135.826 Y99.710 E0.02461
G1 X131.730 Y114.995 E1.72727
G1 X131.913 Y114.864 E0.02457
G1 X128.435 Y111.386 E0.53693
G1 X129.307 Y110.514 E0.13462
G1 X127.635 Y116.754 E0.70520
G1 X128.270 Y116.602 E0.07129
G1 X128.595 Y116.496 E0.03728
G1 X124.026 Y111.928 E0.70528
G1 X125.219 Y112.247 E0.13477
G1 X123.944 Y117.003 E0.53741
G1 X124.173 Y117.025 E0.02511
G1 X115.290 Y108.142 E1.37121
G1 X115.503 Y107.930 E0.03288
G1 X114.642 Y111.145 E0.36341
G1 X114.874 Y111.538 E0.04987
G1 X115.408 Y112.299 E0.10141
G1 X115.650 Y112.593 E0.04158
G1 X121.080 Y111.138 E0.61355
G1 X121.837 Y111.341 E0.08559
G1 X120.538 Y116.191 E0.54809
G1 X121.392 Y116.501 E0.09919
G1 X122.312 Y116.751 E0.10408
G1 X122.938 Y116.872 E0.06957
;WIPE_START
G1 F8640.000
G1 X122.312 Y116.751 E-0.16820
G1 X121.392 Y116.501 E-0.25162
G1 X121.195 Y116.430 E-0.05518
;WIPE_END
G1 E-0.02500 F2400.000
G1 Z7.350 F10800.000
G1 X118.583 Y107.881
G1 Z6.950
G1 E0.50000 F2400.000
G1 F2730
G1 X118.072 Y105.974 E0.21549
G1 X117.766 Y105.667 E0.04737
G1 X115.998 Y107.435 E0.27288
; stop printing object C:/Users/orcas/AppData/Local/Temp/Neutron/Body1.stl id:0 copy 0
;LAYER_CHANGE
;Z:7.4
;HEIGHT:0.45
;BEFORE_LAYER_CHANGE
G92 E0.0
;7.4


;WIPE_START
G1 F8640.000
G1 X117.271 Y106.162 E-0.47500
;WIPE_END
G1 E-0.02500 F2400.000
G1 Z7.350 F10800.000
G1 Z7.400
;AFTER_LAYER_CHANGE
;7.4
; printing object C:/Users/orcas/AppData/Local/Temp/Neutron/Body1.stl id:0 copy 0
G1 Z7.800
G1 X123.230 Y98.393
G1 Z7.400
G1 E0.50000 F2400.000
M204 S800
;TYPE:Perimeter
G1 F2518
G1 X129.837 Y100.163 E0.74658
G1 X131.607 Y106.770 E0.74658
G1 X126.771 Y111.606 E0.74658
G1 X120.164 Y109.836 E0.74658
G1 X118.394 Y103.229 E0.74658
G1 X123.167 Y98.456 E0.73676
M204 S1000
G1 X123.405 Y99.043 F10800.000
M204 S800
;TYPE:External perimeter
G1 F1500.000
G1 X129.361 Y100.639 E0.67305
G1 X130.957 Y106.595 E0.67305
G1 X126.597 Y110.955 E0.67305
G1 X120.641 Y109.359 E0.67305
G1 X119.045 Y103.403 E0.67305
G1 X123.341 Y99.107 E0.66322
M204 S1000
G1 X123.560 Y98.464 F10800.000
;WIPE_START
M73 Q36 S12
G1 F8640.000
G1 X125.085 Y99.551 E-0.47500
;WIPE_END
G1 E-0.02500 F2400.000
G1 Z7.800 F10800.000
G1 X123.939 Y97.979
G1 Z7.400
G1 E0.50000 F2400.000
M204 S800
;TYPE:Perimeter
G1 F2518
G1 X128.813 Y93.105 E0.75229
G1 X129.415 Y93.313 E0.06955
G1 X129.948 Y93.530 E0.06286
G1 X130.748 Y93.907 E0.09647
M73 P36 R12
G1 X131.160 Y94.130 E0.05115
G1 X131.562 Y94.368 E0.05101
G1 X132.385 Y94.922 E0.10827
G1 X132.745 Y95.196 E0.04939
G1 X133.487 Y95.832 E0.10668
G1 X134.178 Y96.523 E0.10668
G1 X134.481 Y96.864 E0.04981
G1 X134.965 Y97.468 E0.08441
G1 X135.368 Y98.028 E0.07534
G1 X135.862 Y98.828 E0.10258
G1 X136.311 Y99.696 E0.10668
G1 X136.691 Y100.596 E0.10668
G1 X136.843 Y101.022 E0.04939
G1 X137.117 Y101.960 E0.10668
G1 X137.315 Y102.903 E0.10510
G1 X137.440 Y103.857 E0.10510
G1 X137.492 Y104.833 E0.10668
G1 X137.490 Y105.290 E0.04981
G1 X137.445 Y106.062 E0.08441
G1 X137.372 Y106.733 E0.07376
G1 X137.200 Y107.687 E0.10574
G1 X136.953 Y108.632 E0.10668
G1 X136.809 Y109.077 E0.05097
G1 X136.647 Y109.519 E0.05140
G1 X136.343 Y110.230 E0.08441
G1 X136.039 Y110.849 E0.07534
G1 X135.814 Y111.256 E0.05068
G1 X135.450 Y111.842 E0.07534
G1 X135.008 Y112.477 E0.08441
G1 X134.726 Y112.840 E0.05024
G1 X134.220 Y113.426 E0.08441
G1 X133.743 Y113.924 E0.07534
G1 X133.409 Y114.238 E0.05004
G1 X132.661 Y114.867 E0.10668
G1 X131.866 Y115.436 E0.10668
G1 X131.484 Y115.678 E0.04939
G1 X130.629 Y116.152 E0.10668
G1 X129.740 Y116.558 E0.10668
G1 X129.318 Y116.722 E0.04939
G1 X128.389 Y117.023 E0.10668
G1 X127.438 Y117.252 E0.10668
G1 X126.516 Y117.400 E0.10193
G1 X125.542 Y117.480 E0.10668
G1 X124.579 Y117.484 E0.10510
G1 X123.619 Y117.415 E0.10509
G1 X122.653 Y117.269 E0.10668
G1 X122.210 Y117.176 E0.04939
G1 X121.263 Y116.919 E0.10711
G1 X120.547 Y116.668 E0.08282
G1 X119.918 Y116.411 E0.07418
G1 X119.230 Y116.076 E0.08347
G1 X118.638 Y115.750 E0.07376
G1 X117.825 Y115.225 E0.10574
G1 X117.058 Y114.641 E0.10510
G1 X116.328 Y113.991 E0.10668
G1 X115.998 Y113.661 E0.05097
G1 X115.681 Y113.319 E0.05098
G1 X115.060 Y112.564 E0.10668
G1 X114.507 Y111.776 E0.10510
G1 X114.008 Y110.935 E0.10668
G1 X113.591 Y110.088 E0.10309
G1 X113.373 Y109.563 E0.06204
G1 X113.105 Y108.813 E0.08698
G1 X117.980 Y103.938 E0.75250
G1 X119.688 Y110.312 E0.72033
G1 X126.945 Y112.257 E0.82012
G1 X132.258 Y106.944 E0.82012
G1 X130.313 Y99.687 E0.82012
G1 X124.026 Y98.002 E0.71050
M204 S1000
;WIPE_START
G1 F8640.000
G1 X125.284 Y96.715 E-0.47500
;WIPE_END
G1 E-0.02500 F2400.000
G1 Z7.800 F10800.000
G1 X128.648 Y92.445
G1 Z7.400
G1 E0.50000 F2400.000
M204 S800
G1 F2518
G1 X129.622 Y92.767 E0.11204
G1 X130.183 Y92.995 E0.06609
G1 X131.011 Y93.386 E0.09996
G1 X131.874 Y93.875 E0.10820
G1 X132.724 Y94.448 E0.11195
G1 X133.111 Y94.742 E0.05307
G1 X133.884 Y95.404 E0.11098
G1 X134.602 Y96.123 E0.11098
G1 X134.927 Y96.488 E0.05333
G1 X135.430 Y97.115 E0.08773
G1 X135.850 Y97.700 E0.07858
G1 X136.373 Y98.545 E0.10846
G1 X136.840 Y99.448 E0.11098
G1 X137.235 Y100.384 E0.11098
G1 X137.399 Y100.842 E0.05307
G1 X137.684 Y101.818 E0.11098
G1 X137.891 Y102.805 E0.11001
G1 X138.022 Y103.804 E0.11001
G1 X138.076 Y104.819 E0.11098
G1 X138.073 Y105.308 E0.05333
G1 X138.027 Y106.110 E0.08773
G1 X137.950 Y106.817 E0.07760
G1 X137.770 Y107.812 E0.11040
G1 X137.514 Y108.796 E0.11098
G1 X137.190 Y109.734 E0.10833
G1 X136.873 Y110.473 E0.08773
G1 X136.556 Y111.119 E0.07857
G1 X136.317 Y111.551 E0.05386
G1 X135.937 Y112.163 E0.07858
G1 X135.479 Y112.823 E0.08773
G1 X135.177 Y113.210 E0.05359
G1 X134.652 Y113.818 E0.08773
G1 X134.154 Y114.338 E0.07858
G1 X133.797 Y114.674 E0.05347
G1 X133.019 Y115.328 E0.11098
G1 X132.192 Y115.920 E0.11098
G1 X131.781 Y116.180 E0.05307
G1 X130.892 Y116.673 E0.11098
G1 X129.967 Y117.096 E0.11098
G1 X129.514 Y117.272 E0.05307
G1 X128.547 Y117.585 E0.11098
G1 X127.558 Y117.823 E0.11098
G1 X127.071 Y117.911 E0.05404
G1 X126.581 Y117.980 E0.05404
G1 X125.568 Y118.063 E0.11098
G1 X124.560 Y118.068 E0.11001
G1 X123.555 Y117.995 E0.11001
G1 X122.549 Y117.844 E0.11098
G1 X122.073 Y117.744 E0.05307
G1 X121.090 Y117.477 E0.11124
G1 X120.340 Y117.214 E0.08676
G1 X119.679 Y116.944 E0.07786
G1 X118.961 Y116.595 E0.08715
G1 X118.339 Y116.251 E0.07760
G1 X117.489 Y115.702 E0.11040
G1 X116.687 Y115.092 E0.11001
G1 X115.928 Y114.416 E0.11098
G1 X115.578 Y114.066 E0.05404
G1 X115.241 Y113.703 E0.05404
G1 X114.595 Y112.918 E0.11098
G1 X114.016 Y112.093 E0.11001
G1 X113.498 Y111.218 E0.11098
G1 X113.057 Y110.324 E0.10878
G1 X112.828 Y109.773 E0.06510
G1 X112.550 Y108.994 E0.09036
G1 X112.447 Y108.646 E0.03961
G1 X128.584 Y92.508 E2.49108
M204 S1000
G1 X128.172 Y92.096 F10800.000
M204 S800
;TYPE:External perimeter
G1 F2100.000
G1 X128.241 Y92.026 E0.01072
G1 X126.958 Y91.804 E0.14215
G1 X126.308 Y91.723 E0.07147
G1 X125.655 Y91.675 E0.07147
G1 X125.001 Y91.659 E0.07147
G1 X124.344 Y91.675 E0.07170
G1 X123.370 Y91.759 E0.10674
G1 X122.720 Y91.856 E0.07170
G1 X122.078 Y91.983 E0.07147
G1 X121.443 Y92.142 E0.07147
G1 X120.931 Y92.298 E0.05834
G1 X121.513 Y91.990 E0.07182
G1 X122.285 Y91.615 E0.09366
G1 X123.144 Y91.467 E0.09517
G1 X123.807 Y91.393 E0.07288
G1 X124.555 Y91.348 E0.08173
G1 X125.214 Y91.342 E0.07196
G1 X125.856 Y91.367 E0.07009
G1 X126.650 Y91.440 E0.08712
G1 X127.279 Y91.531 E0.06930
G1 X127.889 Y91.649 E0.06783
G1 X128.703 Y91.851 E0.09151
G1 X129.293 Y92.032 E0.06734
G1 X129.830 Y92.222 E0.06219
G1 X130.418 Y92.461 E0.06932
G1 X131.275 Y92.866 E0.10345
G1 X132.186 Y93.382 E0.11425
G1 X133.064 Y93.973 E0.11563
G1 X133.478 Y94.288 E0.05676
G1 X134.280 Y94.975 E0.11528
G1 X135.027 Y95.722 E0.11528
G1 X135.373 Y96.111 E0.05685
G1 X135.895 Y96.762 E0.09105
G1 X136.332 Y97.371 E0.08181
G1 X136.883 Y98.262 E0.11435
G1 X137.368 Y99.200 E0.11528
G1 X137.779 Y100.173 E0.11528
G1 X137.954 Y100.663 E0.05676
G1 X138.250 Y101.676 E0.11528
G1 X138.467 Y102.707 E0.11492
G1 X138.603 Y103.751 E0.11492
G1 X138.659 Y104.805 E0.11528
G1 X138.657 Y105.326 E0.05685
G1 X138.609 Y106.159 E0.09105
G1 X138.527 Y106.901 E0.08145
G1 X138.341 Y107.938 E0.11507
G1 X138.074 Y108.960 E0.11528
G1 X137.732 Y109.950 E0.11430
G1 X137.404 Y110.717 E0.09105
G1 X137.074 Y111.389 E0.08181
G1 X136.820 Y111.847 E0.05705
G1 X136.425 Y112.483 E0.08181
G1 X135.949 Y113.168 E0.09105
G1 X135.629 Y113.580 E0.05695
G1 X135.083 Y114.211 E0.09105
G1 X134.565 Y114.752 E0.08181
G1 X134.186 Y115.110 E0.05690
G1 X133.377 Y115.789 E0.11528
G1 X132.518 Y116.404 E0.11528
G1 X132.079 Y116.682 E0.05676
G1 X131.155 Y117.194 E0.11528
G1 X130.195 Y117.633 E0.11528
G1 X129.710 Y117.822 E0.05676
G1 X128.705 Y118.147 E0.11528
G1 X127.678 Y118.394 E0.11528
G1 X126.645 Y118.560 E0.11421
G1 X125.593 Y118.646 E0.11528
G1 X124.540 Y118.651 E0.11492
G1 X123.490 Y118.575 E0.11492
G1 X122.446 Y118.418 E0.11528
G1 X121.937 Y118.311 E0.05676
G1 X120.917 Y118.034 E0.11537
G1 X120.133 Y117.760 E0.09069
G1 X119.441 Y117.477 E0.08155
G1 X118.693 Y117.113 E0.09084
G1 X118.039 Y116.752 E0.08145
G1 X117.154 Y116.180 E0.11506
G1 X116.316 Y115.543 E0.11492
G1 X115.527 Y114.840 E0.11528
G1 X115.157 Y114.470 E0.05711
G1 X114.802 Y114.086 E0.05711
G1 X114.130 Y113.271 E0.11528
G1 X113.526 Y112.410 E0.11492
G1 X112.987 Y111.501 E0.11528
G1 X112.747 Y111.036 E0.05711
G1 X112.284 Y109.984 E0.12551
G1 X111.995 Y109.175 E0.09372
G1 X111.822 Y108.592 E0.06639
G1 X111.673 Y107.991 E0.06756
G1 X111.517 Y107.183 E0.08980
G1 X111.431 Y106.565 E0.06815
G1 X111.373 Y105.928 E0.06978
G1 X111.345 Y105.274 E0.07145
G1 X111.352 Y104.506 E0.08387
G1 X111.428 Y103.475 E0.11281
G1 X111.615 Y102.285 E0.13156
G1 X112.297 Y100.937 E0.16488
G1 X112.144 Y101.441 E0.05757
G1 X111.985 Y102.077 E0.07147
G1 X111.857 Y102.719 E0.07147
G1 X111.761 Y103.366 E0.07147
G1 X111.696 Y104.020 E0.07170
G1 X111.660 Y104.997 E0.10674
G1 X111.677 Y105.654 E0.07170
G1 X111.725 Y106.307 E0.07147
G1 X111.805 Y106.957 E0.07147
G1 X112.028 Y108.240 E0.14215
G1 X128.108 Y92.159 E2.48227
M204 S1000
G1 X128.266 Y92.123 F10800.000
;WIPE_START
G1 F8640.000
G1 X128.241 Y92.026 E-0.04967
G1 X126.958 Y91.804 E-0.34365
G1 X126.651 Y91.766 E-0.08168
;WIPE_END
G1 E-0.02500 F2400.000
G1 Z7.800 F10800.000
G1 X129.205 Y94.410
G1 Z7.400
G1 E0.50000 F2400.000
;TYPE:Solid infill
;WIDTH:0.720076
G1 F2518
G1 X128.666 Y93.871 E0.08899
G1 X128.225 Y94.312 E0.07273
G1 X128.578 Y94.666 E0.05837
G1 X128.138 Y95.106 E0.07273
G1 X127.784 Y94.753 E0.05837
G1 X127.343 Y95.194 E0.07273
G1 X127.697 Y95.547 E0.05837
G1 X127.256 Y95.988 E0.07273
G1 X126.902 Y95.634 E0.05837
G1 X126.461 Y96.075 E0.07273
G1 X126.815 Y96.429 E0.05837
G1 X126.374 Y96.870 E0.07273
G1 X126.020 Y96.516 E0.05837
G1 X125.579 Y96.957 E0.07273
G1 X125.933 Y97.311 E0.05837
G1 X125.492 Y97.752 E0.07273
G1 X124.953 Y97.212 E0.08899
;WIPE_START
G1 F8640.000
G1 X125.492 Y97.752 E-0.20132
G1 X125.933 Y97.311 E-0.16454
G1 X125.641 Y97.018 E-0.10914
;WIPE_END
G1 E-0.02500 F2400.000
G1 Z7.800 F10800.000
G1 X126.442 Y97.627
G1 Z7.400
G1 E0.50000 F2400.000
;TYPE:Internal infill
;WIDTH:0.68
G1 F2518
G1 X128.210 Y95.859 E0.27288
G1 X137.047 Y104.696 E1.36410
G1 X137.004 Y103.897 E0.08731
G1 X136.964 Y103.587 E0.03412
G1 X132.157 Y104.875 E0.54319
G1 X132.113 Y104.713 E0.01831
G1 X136.373 Y108.973 E0.65750
G1 X136.534 Y108.506 E0.05395
G1 X136.773 Y107.593 E0.10300
G1 X136.835 Y107.246 E0.03844
G1 X131.016 Y108.805 E0.65761
G1 X131.135 Y108.686 E0.01846
G1 X134.660 Y112.211 E0.54416
G1 X135.084 Y111.601 E0.08101
G1 X135.279 Y111.287 E0.04042
G1 X119.243 Y115.584 E1.81217
G1 X120.241 Y116.070 E0.12115
G1 X121.530 Y111.259 E0.54371
M73 Q37 S12
G1 X121.695 Y111.303 E0.01861
G1 X115.873 Y112.863 E0.65790
G1 X116.008 Y113.027 E0.02326
G1 X116.632 Y113.676 E0.09825
G1 X117.138 Y114.126 E0.07387
G1 X118.697 Y108.305 E0.65774
G1 X118.741 Y108.470 E0.01861
G1 X114.449 Y109.620 E0.48506
M73 P37 R12
G1 X114.820 Y109.249 E0.05734
G1 X114.415 Y110.763 E0.17106
G1 X114.874 Y111.538 E0.09844
G1 X115.408 Y112.299 E0.10141
G1 X115.687 Y112.638 E0.04790
;WIPE_START
G1 F8640.000
G1 X115.408 Y112.299 E-0.11580
G1 X114.874 Y111.538 E-0.24517
G1 X114.654 Y111.167 E-0.11402
;WIPE_END
G1 E-0.02500 F2400.000
G1 Z7.800 F10800.000
G1 X113.689 Y108.476
G1 Z7.400
G1 E0.50000 F2400.000
;TYPE:Solid infill
;WIDTH:0.719645
G1 F2518
G1 X114.229 Y109.015 E0.08893
G1 X114.669 Y108.575 E0.07263
G1 X114.316 Y108.221 E0.05833
G1 X114.756 Y107.780 E0.07263
G1 X115.110 Y108.134 E0.05833
G1 X115.551 Y107.693 E0.07263
G1 X115.197 Y107.340 E0.05833
G1 X115.637 Y106.899 E0.07263
G1 X115.991 Y107.253 E0.05833
G1 X116.432 Y106.812 E0.07263
G1 X116.078 Y106.458 E0.05833
G1 X116.519 Y106.018 E0.07263
G1 X116.872 Y106.372 E0.05833
G1 X117.313 Y105.931 E0.07263
G1 X116.959 Y105.577 E0.05833
G1 X117.400 Y105.137 E0.07263
G1 X117.939 Y105.676 E0.08893
G1 X117.601 Y106.468 F10800.000
;TYPE:Internal infill
;WIDTH:0.68
G1 F2518
G1 X115.833 Y108.236 E0.27288
G1 X124.644 Y117.046 E1.36007
G1 X123.623 Y116.973 E0.11177
G1 X124.911 Y112.165 E0.54332
G1 X124.641 Y112.092 E0.03057
G1 X128.935 Y116.386 E0.66286
G1 X128.270 Y116.602 E0.07628
G1 X127.284 Y116.835 E0.11060
G1 X128.857 Y110.964 E0.66345
G1 X128.660 Y111.161 E0.03042
G1 X132.175 Y114.677 E0.54267
G1 X131.622 Y115.073 E0.07433
G1 X131.331 Y115.257 E0.03760
G1 X135.609 Y99.290 E1.80428
G1 X135.914 Y99.882 E0.07264
G1 X136.052 Y100.208 E0.03863
G1 X131.251 Y101.494 E0.54257
G1 X131.323 Y101.762 E0.03027
G1 X132.893 Y95.900 E0.66242
G1 X133.189 Y96.154 E0.04255
G1 X133.860 Y96.824 E0.10346
G1 X134.109 Y97.104 E0.04097
G1 X128.238 Y98.677 E0.66347
G1 X128.506 Y98.749 E0.03027
G1 X129.672 Y94.397 E0.49179
G1 X129.301 Y94.769 E0.05734
G1 X130.713 Y94.390 E0.15958
G1 X131.331 Y94.741 E0.07762
G1 X132.130 Y95.278 E0.10504
G1 X132.672 Y95.710 E0.07566
; stop printing object C:/Users/orcas/AppData/Local/Temp/Neutron/Body1.stl id:0 copy 0
;LAYER_CHANGE
;Z:7.85
;HEIGHT:0.45
;BEFORE_LAYER_CHANGE
G92 E0.0
;7.85


;WIPE_START
G1 F8640.000
G1 X132.130 Y95.278 E-0.18292
G1 X131.331 Y94.741 E-0.25395
G1 X131.206 Y94.670 E-0.03812
;WIPE_END
G1 E-0.02500 F2400.000
G1 Z7.800 F10800.000
G1 Z7.850
;AFTER_LAYER_CHANGE
;7.85
; printing object C:/Users/orcas/AppData/Local/Temp/Neutron/Body1.stl id:0 copy 0
G1 Z8.250
G1 X129.361 Y100.639
G1 Z7.850
G1 E0.50000 F2400.000
M204 S800
;TYPE:External perimeter
G1 F1500.000
G1 X130.957 Y106.595 E0.67305
G1 X126.597 Y110.955 E0.67305
G1 X120.641 Y109.359 E0.67305
G1 X119.045 Y103.403 E0.67305
G1 X123.405 Y99.043 E0.67305
G1 X129.274 Y100.616 E0.66322
M204 S1000
G1 X129.940 Y100.484 F10800.000
;WIPE_START
G1 F8640.000
G1 X129.761 Y102.349 E-0.47500
;WIPE_END
G1 E-0.02500 F2400.000
G1 Z8.250 F10800.000
G1 X119.688 Y110.312
G1 Z7.850
G1 E0.50000 F2400.000
M204 S800
;TYPE:Perimeter
G1 F2384
G1 X126.945 Y112.257 E0.82012
G1 X132.258 Y106.944 E0.82012
G1 X130.313 Y99.687 E0.82012
G1 X124.441 Y98.113 E0.66361
G1 X129.287 Y93.267 E0.74802
G1 X129.955 Y93.533 E0.07854
G1 X130.747 Y93.907 E0.09561
G1 X131.562 Y94.368 E0.10216
G1 X132.385 Y94.922 E0.10827
G1 X132.745 Y95.196 E0.04939
G1 X133.487 Y95.832 E0.10668
G1 X134.168 Y96.513 E0.10509
G1 X134.804 Y97.255 E0.10668
G1 X135.078 Y97.615 E0.04939
G1 X135.632 Y98.438 E0.10827
G1 X135.862 Y98.828 E0.04939
G1 X136.311 Y99.696 E0.10668
G1 X136.691 Y100.596 E0.10668
G1 X136.843 Y101.022 E0.04939
G1 X137.117 Y101.960 E0.10668
G1 X137.315 Y102.903 E0.10510
G1 X137.440 Y103.857 E0.10510
G1 X137.492 Y104.833 E0.10668
G1 X137.490 Y105.300 E0.05097
G1 X137.469 Y105.770 E0.05135
G1 X137.393 Y106.562 E0.08683
G1 X137.294 Y107.223 E0.07291
G1 X137.204 Y107.673 E0.05010
G1 X136.953 Y108.632 E0.10827
G1 X136.814 Y109.063 E0.04939
G1 X136.458 Y109.977 E0.10705
G1 X136.123 Y110.682 E0.08524
G1 X135.813 Y111.257 E0.07132
G1 X135.294 Y112.077 E0.10586
G1 X134.710 Y112.860 E0.10663
G1 X134.410 Y113.218 E0.05098
G1 X134.094 Y113.566 E0.05135
G1 X133.528 Y114.125 E0.08683
G1 X133.030 Y114.570 E0.07291
G1 X132.673 Y114.859 E0.05010
G1 X131.866 Y115.436 E0.10827
G1 X131.484 Y115.678 E0.04939
G1 X130.626 Y116.153 E0.10705
G1 X129.917 Y116.481 E0.08524
G1 X129.311 Y116.725 E0.07132
G1 X128.389 Y117.023 E0.10581
G1 X127.438 Y117.252 E0.10668
G1 X126.979 Y117.335 E0.05097
G1 X126.516 Y117.400 E0.05097
G1 X125.542 Y117.480 E0.10668
G1 X124.565 Y117.484 E0.10668
G1 X124.110 Y117.460 E0.04976
G1 X123.319 Y117.376 E0.08683
G1 X122.659 Y117.271 E0.07291
G1 X122.210 Y117.176 E0.05010
G1 X121.263 Y116.919 E0.10705
G1 X120.526 Y116.661 E0.08524
G1 X119.908 Y116.407 E0.07291
G1 X119.490 Y116.211 E0.05047
G1 X118.789 Y115.835 E0.08683
G1 X118.217 Y115.490 E0.07291
G1 X117.444 Y114.948 E0.10302
G1 X116.828 Y114.445 E0.08683
G1 X116.333 Y113.996 E0.07291
G1 X115.681 Y113.319 E0.10265
G1 X115.060 Y112.564 E0.10668
G1 X114.507 Y111.776 E0.10510
G1 X114.008 Y110.935 E0.10668
G1 X113.794 Y110.520 E0.05097
G1 X113.591 Y110.088 E0.05211
G1 X113.272 Y109.282 E0.09463
G1 X118.114 Y104.440 E0.74747
G1 X119.665 Y110.225 E0.65378
M204 S1000
G1 X120.164 Y109.836 F10800.000
M204 S800
G1 F2384
G1 X126.771 Y111.606 E0.74658
G1 X131.607 Y106.770 E0.74658
G1 X129.837 Y100.163 E0.74658
G1 X123.314 Y98.415 E0.73714
G1 X129.134 Y92.595 E0.89847
G1 X129.622 Y92.767 E0.05649
G1 X130.190 Y92.999 E0.06697
G1 X131.011 Y93.386 E0.09908
G1 X131.874 Y93.875 E0.10821
G1 X132.724 Y94.448 E0.11195
G1 X133.111 Y94.742 E0.05307
G1 X133.884 Y95.404 E0.11098
G1 X134.596 Y96.116 E0.11001
G1 X135.258 Y96.889 E0.11098
G1 X135.552 Y97.276 E0.05307
G1 X136.125 Y98.126 E0.11195
G1 X136.373 Y98.545 E0.05307
G1 X136.840 Y99.448 E0.11098
G1 X137.235 Y100.384 E0.11098
G1 X137.399 Y100.842 E0.05307
G1 X137.684 Y101.818 E0.11098
G1 X137.891 Y102.805 E0.11001
G1 X138.022 Y103.804 E0.11001
G1 X138.076 Y104.819 E0.11098
G1 X138.073 Y105.314 E0.05404
G1 X138.052 Y105.811 E0.05427
G1 X137.972 Y106.633 E0.09017
G1 X137.869 Y107.323 E0.07612
G1 X137.773 Y107.804 E0.05351
G1 X137.514 Y108.796 E0.11195
G1 X137.364 Y109.259 E0.05307
G1 X136.994 Y110.208 E0.11121
G1 X136.644 Y110.946 E0.08920
G1 X136.316 Y111.552 E0.07515
G1 X135.775 Y112.408 E0.11050
G1 X135.168 Y113.222 E0.11092
G1 X134.849 Y113.601 E0.05405
G1 X134.515 Y113.970 E0.05427
G1 X133.928 Y114.551 E0.09017
G1 X133.408 Y115.015 E0.07612
G1 X133.026 Y115.323 E0.05351
G1 X132.192 Y115.920 E0.11195
G1 X131.781 Y116.180 E0.05307
G1 X130.890 Y116.674 E0.11121
G1 X130.149 Y117.017 E0.08920
G1 X129.510 Y117.273 E0.07515
G1 X128.547 Y117.585 E0.11045
G1 X127.558 Y117.823 E0.11098
G1 X127.071 Y117.911 E0.05404
G1 X126.581 Y117.980 E0.05404
M73 Q38 S12
G1 X125.568 Y118.063 E0.11098
G1 X124.551 Y118.068 E0.11098
G1 X124.063 Y118.042 E0.05330
G1 X123.242 Y117.954 E0.09017
G1 X122.553 Y117.845 E0.07612
G1 X122.073 Y117.744 E0.05351
G1 X121.090 Y117.477 E0.11121
G1 X120.319 Y117.206 E0.08920
G1 X119.674 Y116.941 E0.07612
G1 X119.228 Y116.732 E0.05374
G1 X118.500 Y116.342 E0.09017
G1 X117.903 Y115.982 E0.07612
G1 X117.087 Y115.409 E0.10873
G1 X116.447 Y114.887 E0.09017
G1 X115.931 Y114.419 E0.07612
G1 X115.241 Y113.703 E0.10851
G1 X114.595 Y112.918 E0.11098
G1 X114.016 Y112.093 E0.11001
G1 X113.498 Y111.218 E0.11098
G1 X113.270 Y110.778 E0.05404
G1 X112.825 Y109.767 E0.12062
G1 X112.599 Y109.130 E0.07375
G1 X118.416 Y103.313 E0.89804
M73 P38 R12
G1 X120.141 Y109.749 E0.72732
M204 S1000
;WIPE_START
G1 F8640.000
G1 X121.874 Y110.234 E-0.47500
;WIPE_END
G1 E-0.02500 F2400.000
G1 Z8.250 F10800.000
G1 X112.169 Y108.735
G1 Z7.850
G1 E0.50000 F2400.000
M204 S800
;TYPE:External perimeter
G1 F2100.000
G1 X128.737 Y92.167 E2.55753
G1 X127.603 Y91.916 E0.12677
G1 X126.958 Y91.804 E0.07142
G1 X126.308 Y91.723 E0.07147
G1 X125.653 Y91.675 E0.07170
G1 X124.675 Y91.663 E0.10674
G1 X124.019 Y91.695 E0.07170
G1 X123.368 Y91.760 E0.07147
G1 X122.720 Y91.856 E0.07147
G1 X121.848 Y92.044 E0.09734
G1 X123.081 Y91.479 E0.14803
G1 X124.179 Y91.366 E0.12052
G1 X125.217 Y91.342 E0.11334
G1 X125.865 Y91.368 E0.07079
G1 X126.641 Y91.439 E0.08504
G1 X127.278 Y91.531 E0.07019
G1 X127.895 Y91.650 E0.06861
G1 X128.693 Y91.849 E0.08975
G1 X129.289 Y92.031 E0.06809
G1 X129.830 Y92.221 E0.06254
G1 X130.425 Y92.464 E0.07021
G1 X131.275 Y92.866 E0.10256
G1 X132.186 Y93.382 E0.11426
G1 X133.064 Y93.973 E0.11563
G1 X133.478 Y94.288 E0.05676
G1 X134.280 Y94.975 E0.11528
G1 X135.025 Y95.720 E0.11492
G1 X135.712 Y96.522 E0.11528
G1 X136.027 Y96.936 E0.05676
G1 X136.618 Y97.814 E0.11564
G1 X136.883 Y98.262 E0.05676
G1 X137.368 Y99.200 E0.11528
G1 X137.779 Y100.173 E0.11528
G1 X137.954 Y100.663 E0.05676
G1 X138.250 Y101.676 E0.11528
G1 X138.467 Y102.707 E0.11492
G1 X138.603 Y103.751 E0.11492
G1 X138.659 Y104.805 E0.11528
G1 X138.657 Y105.328 E0.05711
G1 X138.634 Y105.852 E0.05720
G1 X138.551 Y106.705 E0.09352
G1 X138.444 Y107.424 E0.07934
G1 X138.341 Y107.935 E0.05692
G1 X138.074 Y108.960 E0.11564
G1 X137.914 Y109.455 E0.05676
G1 X137.530 Y110.439 E0.11536
G1 X137.164 Y111.210 E0.09316
G1 X136.820 Y111.847 E0.07898
G1 X136.256 Y112.739 E0.11514
G1 X135.625 Y113.585 E0.11522
G1 X135.289 Y113.985 E0.05711
G1 X134.937 Y114.373 E0.05720
G1 X134.328 Y114.976 E0.09352
G1 X133.785 Y115.460 E0.07934
G1 X133.380 Y115.788 E0.05692
G1 X132.518 Y116.404 E0.11564
G1 X132.079 Y116.682 E0.05676
G1 X131.154 Y117.194 E0.11536
G1 X130.380 Y117.553 E0.09316
G1 X129.708 Y117.822 E0.07898
G1 X128.705 Y118.147 E0.11508
G1 X127.678 Y118.394 E0.11528
G1 X127.164 Y118.487 E0.05711
G1 X126.645 Y118.560 E0.05711
G1 X125.593 Y118.646 E0.11528
G1 X124.537 Y118.651 E0.11528
G1 X124.017 Y118.624 E0.05684
G1 X123.165 Y118.533 E0.09352
G1 X122.447 Y118.418 E0.07934
G1 X121.937 Y118.311 E0.05692
G1 X120.917 Y118.034 E0.11536
G1 X120.111 Y117.752 E0.09316
G1 X119.439 Y117.476 E0.07934
G1 X118.966 Y117.254 E0.05700
G1 X118.211 Y116.849 E0.09352
G1 X117.589 Y116.474 E0.07934
G1 X116.731 Y115.871 E0.11445
G1 X116.067 Y115.330 E0.09352
G1 X115.528 Y114.841 E0.07934
G1 X114.802 Y114.086 E0.11437
G1 X114.130 Y113.271 E0.11528
G1 X113.526 Y112.410 E0.11492
G1 X112.987 Y111.501 E0.11528
G1 X112.524 Y110.560 E0.11446
G1 X112.281 Y109.977 E0.06897
G1 X111.998 Y109.182 E0.09212
G1 X111.822 Y108.593 E0.06707
G1 X111.671 Y107.986 E0.06833
G1 X111.519 Y107.195 E0.08791
G1 X111.432 Y106.569 E0.06896
G1 X111.373 Y105.924 E0.07068
G1 X111.345 Y105.261 E0.07249
G1 X111.351 Y104.511 E0.08182
G1 X111.392 Y103.839 E0.07350
G1 X111.481 Y103.077 E0.08371
G1 X112.038 Y101.858 E0.14628
G1 X111.916 Y102.399 E0.06048
G1 X111.761 Y103.364 E0.10674
G1 X111.697 Y104.018 E0.07170
G1 X111.664 Y104.674 E0.07170
G1 X111.676 Y105.652 E0.10674
G1 X111.725 Y106.307 E0.07169
G1 X111.804 Y106.951 E0.07089
G1 X111.917 Y107.601 E0.07200
G1 X112.149 Y108.647 E0.11695
M204 S1000
G1 X112.503 Y109.234 F10800.000
;WIPE_START
G1 F8640.000
G1 X113.426 Y107.379 E-0.47500
;WIPE_END
G1 E-0.02500 F2400.000
G1 Z8.250 F10800.000
G1 X113.761 Y110.037
G1 Z7.850
G1 E0.50000 F2400.000
;TYPE:Solid infill
;WIDTH:0.796686
G1 F2384
G1 X118.234 Y105.564 E0.82868
;WIPE_START
G1 F8640.000
G1 X116.961 Y106.836 E-0.47500
;WIPE_END
G1 E-0.02500 F2400.000
G1 Z8.250 F10800.000
G1 X118.643 Y103.033
G1 Z7.850
G1 E0.50000 F2400.000
;TYPE:Gap fill
;WIDTH:0.605111
G1 F2384
G1 X121.902 Y99.774 E0.43845
;WIDTH:0.605112
G1
G1 X123.034 Y98.642 E0.15232
;WIPE_START
G1 F8640.000
G1 X121.902 Y99.774 E-0.42248
;WIPE_END
G1 E-0.07752 F2400.000
G1 Z8.250 F10800.000
G1 X125.565 Y98.233
G1 Z7.850
G1 E0.50000 F2400.000
;TYPE:Solid infill
;WIDTH:0.796686
G1 F2384
G1 X130.034 Y93.764 E0.82789
;WIPE_START
G1 F8640.000
G1 X128.761 Y95.036 E-0.47500
;WIPE_END
G1 E-0.02500 F2400.000
G1 Z8.250 F10800.000
G1 X130.854 Y94.470
G1 Z7.850
G1 E0.50000 F2400.000
;TYPE:Internal infill
;WIDTH:0.68
G1 F2384
G1 X130.453 Y94.252 E0.04973
G1 X129.720 Y94.986 E0.11324
G1 X131.107 Y94.614 E0.15679
G1 X131.331 Y94.741 E0.02810
G1 X132.130 Y95.278 E0.10504
G1 X132.625 Y95.671 E0.06900
G1 X131.158 Y101.147 E0.61889
G1 X131.333 Y101.802 E0.07392
G1 X136.177 Y100.504 E0.54740
G1 X135.914 Y99.882 E0.07369
G1 X135.388 Y98.886 E0.12298
G1 X130.942 Y115.478 E1.87498
G1 X131.622 Y115.073 E0.08635
G1 X132.436 Y114.487 E0.10949
G1 X128.885 Y110.936 E0.54818
G1 X128.407 Y111.414 E0.07377
G1 X126.938 Y116.897 E0.61965
G1 X127.348 Y116.823 E0.04554
G1 X128.270 Y116.602 E0.10346
G1 X129.268 Y116.270 E0.11485
G1 X125.255 Y112.257 E0.61948
G1 X124.604 Y112.082 E0.07362
G1 X123.305 Y116.930 E0.54785
G1 X124.144 Y117.024 E0.09222
G1 X124.575 Y117.047 E0.04710
G1 X125.092 Y117.044 E0.05639
G1 X116.377 Y108.329 E1.34534
G1 X114.868 Y109.837 E0.23285
G1 X118.824 Y108.777 E0.44697
G1 X118.532 Y107.691 E0.12280
G1 X116.871 Y113.893 E0.70084
G1 X116.635 Y113.679 E0.03472
G1 X116.103 Y113.130 E0.08339
G1 X122.309 Y111.468 E0.70130
G1 X121.222 Y111.176 E0.12280
G1 X119.946 Y115.941 E0.53845
G1 X119.655 Y115.803 E0.03516
G1 X135.025 Y111.685 E1.73683
G1 X134.846 Y111.946 E0.03461
G1 X131.360 Y108.461 E0.53806
G1 X130.566 Y109.255 E0.12265
G1 X136.773 Y107.592 E0.70142
G1 X136.491 Y108.641 E0.11852
G1 X131.949 Y104.099 E0.70112
G1 X132.239 Y105.183 E0.12250
G1 X137.005 Y103.906 E0.53852
G1 X137.021 Y104.221 E0.03443
G1 X128.753 Y95.953 E1.27635
G1 X128.989 Y95.717 E0.03642
G1 X128.198 Y98.667 E0.33339
G1 X128.853 Y98.842 E0.07392
G1 X134.329 Y97.375 E0.61889
M73 Q39 S12
G1 X133.846 Y96.811 E0.08106
G1 X133.189 Y96.154 E0.10141
G1 X132.847 Y95.860 E0.04922
; stop printing object C:/Users/orcas/AppData/Local/Temp/Neutron/Body1.stl id:0 copy 0
;LAYER_CHANGE
;Z:8.3
;HEIGHT:0.45
;BEFORE_LAYER_CHANGE
G92 E0.0
;8.3


;WIPE_START
G1 F8640.000
G1 X133.189 Y96.154 E-0.11899
G1 X133.846 Y96.811 E-0.24517
G1 X134.120 Y97.130 E-0.11084
;WIPE_END
G1 E-0.02500 F2400.000
G1 Z8.250 F10800.000
G1 Z8.300
;AFTER_LAYER_CHANGE
;8.3
; printing object C:/Users/orcas/AppData/Local/Temp/Neutron/Body1.stl id:0 copy 0
G1 Z8.700
G1 X129.361 Y100.639
M73 P39 R12
G1 Z8.300
G1 E0.50000 F2400.000
M204 S800
;TYPE:External perimeter
G1 F1500.000
G1 X130.957 Y106.595 E0.67305
G1 X126.597 Y110.955 E0.67305
G1 X120.641 Y109.359 E0.67305
G1 X119.045 Y103.403 E0.67305
G1 X123.405 Y99.043 E0.67305
G1 X129.274 Y100.616 E0.66322
M204 S1000
G1 X129.940 Y100.484 F10800.000
;WIPE_START
G1 F8640.000
G1 X129.761 Y102.349 E-0.47500
;WIPE_END
G1 E-0.02500 F2400.000
G1 Z8.700 F10800.000
G1 X119.688 Y110.312
G1 Z8.300
G1 E0.50000 F2400.000
M204 S800
;TYPE:Perimeter
G1 F2580
G1 X126.945 Y112.257 E0.82012
G1 X132.258 Y106.944 E0.82012
G1 X130.313 Y99.687 E0.82012
G1 X124.943 Y98.247 E0.60689
G1 X129.744 Y93.447 E0.74107
G1 X130.747 Y93.907 E0.12052
G1 X131.160 Y94.130 E0.05118
G1 X131.562 Y94.368 E0.05102
G1 X132.385 Y94.922 E0.10827
G1 X132.745 Y95.196 E0.04939
G1 X133.487 Y95.832 E0.10668
G1 X134.178 Y96.523 E0.10668
G1 X134.481 Y96.864 E0.04971
G1 X134.991 Y97.502 E0.08924
G1 X135.367 Y98.027 E0.07048
G1 X135.624 Y98.426 E0.05176
G1 X135.862 Y98.828 E0.05097
G1 X136.311 Y99.696 E0.10668
G1 X136.691 Y100.596 E0.10668
G1 X136.843 Y101.022 E0.04939
G1 X137.117 Y101.960 E0.10668
G1 X137.315 Y102.903 E0.10510
G1 X137.440 Y103.857 E0.10510
G1 X137.492 Y104.833 E0.10668
G1 X137.490 Y105.300 E0.05097
G1 X137.470 Y105.767 E0.05097
G1 X137.371 Y106.739 E0.10668
G1 X137.200 Y107.687 E0.10510
G1 X136.953 Y108.632 E0.10668
G1 X136.809 Y109.077 E0.05097
G1 X136.647 Y109.518 E0.05130
G1 X136.325 Y110.269 E0.08924
G1 X136.040 Y110.848 E0.07048
G1 X135.810 Y111.263 E0.05176
G1 X135.568 Y111.663 E0.05097
G1 X135.006 Y112.480 E0.10827
G1 X134.727 Y112.840 E0.04971
G1 X134.191 Y113.458 E0.08924
G1 X133.744 Y113.923 E0.07048
G1 X133.409 Y114.238 E0.05018
G1 X132.661 Y114.867 E0.10668
G1 X131.866 Y115.436 E0.10668
G1 X131.484 Y115.678 E0.04939
G1 X130.629 Y116.152 E0.10668
G1 X129.740 Y116.558 E0.10668
G1 X129.318 Y116.722 E0.04939
G1 X128.389 Y117.023 E0.10668
G1 X127.438 Y117.252 E0.10668
G1 X126.979 Y117.335 E0.05097
G1 X126.516 Y117.400 E0.05097
G1 X125.542 Y117.480 E0.10668
G1 X124.579 Y117.484 E0.10510
G1 X123.619 Y117.415 E0.10509
G1 X122.653 Y117.269 E0.10668
G1 X122.210 Y117.176 E0.04939
G1 X121.267 Y116.920 E0.10668
G1 X120.346 Y116.592 E0.10668
G1 X119.490 Y116.211 E0.10225
G1 X118.770 Y115.825 E0.08924
G1 X118.217 Y115.490 E0.07048
G1 X117.836 Y115.233 E0.05018
G1 X117.056 Y114.640 E0.10700
G1 X116.454 Y114.108 E0.08765
G1 X115.993 Y113.656 E0.07048
G1 X115.681 Y113.319 E0.05018
G1 X115.060 Y112.564 E0.10668
G1 X114.507 Y111.776 E0.10510
G1 X114.008 Y110.935 E0.10668
G1 X113.794 Y110.520 E0.05097
G1 X113.448 Y109.743 E0.09291
G1 X118.249 Y104.942 E0.74113
G1 X119.665 Y110.225 E0.59707
M204 S1000
G1 X120.164 Y109.836 F10800.000
M204 S800
G1 F2580
G1 X126.771 Y111.606 E0.74658
G1 X131.607 Y106.770 E0.74658
G1 X129.837 Y100.163 E0.74658
G1 X123.816 Y98.549 E0.68043
G1 X129.605 Y92.761 E0.89359
G1 X130.198 Y93.002 E0.06988
G1 X131.011 Y93.386 E0.09821
G1 X131.874 Y93.875 E0.10822
G1 X132.724 Y94.448 E0.11195
G1 X133.111 Y94.742 E0.05307
G1 X133.884 Y95.404 E0.11098
G1 X134.602 Y96.123 E0.11098
G1 X134.927 Y96.487 E0.05327
G1 X135.456 Y97.150 E0.09261
G1 X135.849 Y97.699 E0.07367
G1 X136.120 Y98.119 E0.05453
G1 X136.373 Y98.545 E0.05404
G1 X136.840 Y99.448 E0.11098
G1 X137.235 Y100.384 E0.11098
G1 X137.399 Y100.842 E0.05307
G1 X137.684 Y101.818 E0.11098
G1 X137.891 Y102.805 E0.11001
G1 X138.022 Y103.804 E0.11001
G1 X138.076 Y104.819 E0.11098
G1 X138.073 Y105.314 E0.05404
G1 X138.052 Y105.809 E0.05404
G1 X137.949 Y106.821 E0.11098
G1 X137.770 Y107.812 E0.11001
G1 X137.514 Y108.796 E0.11098
G1 X137.361 Y109.267 E0.05404
G1 X137.190 Y109.734 E0.05424
G1 X136.855 Y110.513 E0.09261
G1 X136.557 Y111.119 E0.07367
G1 X136.315 Y111.556 E0.05453
G1 X136.058 Y111.979 E0.05404
G1 X135.477 Y112.824 E0.11195
G1 X135.178 Y113.210 E0.05327
G1 X134.622 Y113.851 E0.09261
G1 X134.154 Y114.338 E0.07367
G1 X133.797 Y114.674 E0.05355
G1 X133.019 Y115.328 E0.11098
G1 X132.192 Y115.920 E0.11098
G1 X131.781 Y116.180 E0.05307
G1 X130.892 Y116.673 E0.11098
G1 X129.967 Y117.096 E0.11098
G1 X129.514 Y117.272 E0.05307
G1 X128.547 Y117.585 E0.11098
G1 X127.558 Y117.823 E0.11098
G1 X127.071 Y117.911 E0.05404
G1 X126.581 Y117.980 E0.05404
G1 X125.568 Y118.063 E0.11098
G1 X124.560 Y118.068 E0.11001
G1 X123.555 Y117.995 E0.11001
G1 X122.549 Y117.844 E0.11098
G1 X122.073 Y117.744 E0.05307
G1 X121.092 Y117.477 E0.11098
G1 X120.134 Y117.136 E0.11098
G1 X119.228 Y116.733 E0.10826
G1 X118.481 Y116.331 E0.09261
G1 X117.903 Y115.982 E0.07367
G1 X117.496 Y115.708 E0.05355
G1 X116.686 Y115.091 E0.11118
G1 X116.057 Y114.535 E0.09164
G1 X115.575 Y114.063 E0.07367
G1 X115.241 Y113.703 E0.05355
G1 X114.595 Y112.918 E0.11098
G1 X114.016 Y112.093 E0.11001
G1 X113.498 Y111.218 E0.11098
G1 X113.058 Y110.324 E0.10875
G1 X112.766 Y109.600 E0.08527
G1 X118.551 Y103.815 E0.89301
G1 X120.141 Y109.749 E0.67060
M204 S1000
;WIPE_START
G1 F8640.000
G1 X121.874 Y110.234 E-0.47500
;WIPE_END
G1 E-0.02500 F2400.000
G1 Z8.700 F10800.000
G1 X112.311 Y109.229
G1 Z8.300
G1 E0.50000 F2400.000
M204 S800
;TYPE:External perimeter
G1 F2100.000
G1 X129.231 Y92.310 E2.61179
G1 X127.604 Y91.916 E0.18268
G1 X126.633 Y91.759 E0.10739
G1 X125.513 Y91.670 E0.12263
G1 X125.000 Y91.659 E0.05596
G1 X124.346 Y91.675 E0.07140
G1 X123.693 Y91.723 E0.07147
G1 X123.041 Y91.804 E0.07170
G1 X122.671 Y91.873 E0.04105
G1 X123.824 Y91.393 E0.13628
G1 X124.538 Y91.349 E0.07803
G1 X125.216 Y91.342 E0.07407
G1 X125.875 Y91.369 E0.07198
G1 X126.632 Y91.438 E0.08296
G1 X127.277 Y91.531 E0.07108
G1 X127.901 Y91.651 E0.06939
G1 X128.683 Y91.846 E0.08796
G1 X129.335 Y92.045 E0.07447
G1 X129.829 Y92.221 E0.05722
G1 X130.433 Y92.468 E0.07115
G1 X131.275 Y92.866 E0.10167
G1 X132.186 Y93.382 E0.11426
G1 X133.064 Y93.973 E0.11563
G1 X133.478 Y94.288 E0.05676
G1 X134.280 Y94.975 E0.11528
G1 X135.027 Y95.722 E0.11528
G1 X135.373 Y96.111 E0.05683
G1 X135.922 Y96.798 E0.09599
G1 X136.332 Y97.371 E0.07686
G1 X136.883 Y98.262 E0.11438
G1 X137.368 Y99.200 E0.11528
G1 X137.779 Y100.173 E0.11528
G1 X137.954 Y100.663 E0.05676
G1 X138.250 Y101.676 E0.11528
G1 X138.467 Y102.707 E0.11492
G1 X138.603 Y103.751 E0.11492
G1 X138.659 Y104.805 E0.11528
G1 X138.634 Y105.851 E0.11420
G1 X138.527 Y106.902 E0.11528
G1 X138.341 Y107.938 E0.11492
G1 X138.074 Y108.960 E0.11528
G1 X137.913 Y109.458 E0.05711
G1 X137.732 Y109.949 E0.05719
G1 X137.385 Y110.757 E0.09599
G1 X137.074 Y111.389 E0.07686
G1 X136.820 Y111.848 E0.05729
G1 X136.548 Y112.296 E0.05711
G1 X135.948 Y113.169 E0.11564
G1 X135.629 Y113.580 E0.05683
G1 X135.053 Y114.245 E0.09599
G1 X134.565 Y114.752 E0.07686
G1 X134.186 Y115.110 E0.05693
G1 X133.377 Y115.789 E0.11528
G1 X132.518 Y116.404 E0.11528
G1 X132.079 Y116.682 E0.05676
G1 X131.155 Y117.194 E0.11528
G1 X130.195 Y117.633 E0.11528
G1 X129.710 Y117.822 E0.05676
G1 X128.705 Y118.147 E0.11528
G1 X127.678 Y118.394 E0.11528
G1 X126.645 Y118.560 E0.11421
G1 X125.593 Y118.646 E0.11528
G1 X124.540 Y118.651 E0.11492
G1 X123.490 Y118.575 E0.11492
G1 X122.446 Y118.418 E0.11528
G1 X121.937 Y118.311 E0.05676
G1 X120.918 Y118.035 E0.11528
G1 X119.923 Y117.680 E0.11528
G1 X118.966 Y117.254 E0.11428
G1 X118.191 Y116.838 E0.09599
G1 X117.589 Y116.474 E0.07686
G1 X117.156 Y116.182 E0.05693
G1 X116.315 Y115.542 E0.11535
G1 X115.659 Y114.962 E0.09563
G1 X115.156 Y114.469 E0.07686
G1 X114.802 Y114.086 E0.05693
G1 X114.130 Y113.271 E0.11528
G1 X113.526 Y112.410 E0.11492
G1 X112.987 Y111.501 E0.11528
G1 X112.747 Y111.036 E0.05711
G1 X112.524 Y110.560 E0.05736
G1 X112.278 Y109.970 E0.06977
G1 X112.000 Y109.189 E0.09052
G1 X111.823 Y108.594 E0.06774
G1 X111.670 Y107.980 E0.06909
G1 X111.521 Y107.206 E0.08603
G1 X111.432 Y106.573 E0.06976
G1 X111.373 Y105.920 E0.07158
G1 X111.345 Y105.247 E0.07353
G1 X111.351 Y104.519 E0.07946
G1 X111.396 Y103.821 E0.07632
G1 X111.858 Y102.714 E0.13091
G1 X111.761 Y103.368 E0.07217
G1 X111.676 Y104.345 E0.10696
G1 X111.664 Y105.325 E0.10696
G1 X111.697 Y105.981 E0.07170
G1 X111.761 Y106.634 E0.07170
G1 X111.917 Y107.603 E0.10705
G1 X112.290 Y109.142 E0.17286
M204 S1000
G1 X112.646 Y109.727 F10800.000
;WIPE_START
G1 F8640.000
G1 X113.567 Y107.873 E-0.47500
;WIPE_END
M73 Q40 S12
G1 E-0.02500 F2400.000
G1 Z8.700 F10800.000
G1 X114.063 Y109.375
G1 Z8.300
G1 E0.50000 F2400.000
;TYPE:Solid infill
;WIDTH:0.704127
G1 F2580
G1 X114.602 Y109.915 E0.08672
G1 X115.032 Y109.485 E0.06906
G1 X114.678 Y109.131 E0.05688
G1 X115.107 Y108.702 E0.06906
G1 X115.461 Y109.056 E0.05688
G1 X115.891 Y108.626 E0.06906
G1 X115.537 Y108.272 E0.05688
G1 X115.967 Y107.843 E0.06906
G1 X116.320 Y108.196 E0.05688
G1 X116.750 Y107.767 E0.06906
G1 X116.396 Y107.413 E0.05688
M73 P40 R12
G1 X116.826 Y106.983 E0.06906
G1 X117.180 Y107.337 E0.05688
G1 X117.609 Y106.908 E0.06906
G1 X117.255 Y106.554 E0.05688
G1 X117.685 Y106.124 E0.06906
G1 X118.225 Y106.664 E0.08672
;WIPE_START
G1 F8640.000
G1 X117.685 Y106.124 E-0.20133
G1 X117.255 Y106.554 E-0.16033
G1 X117.559 Y106.857 E-0.11334
;WIPE_END
G1 E-0.02500 F2400.000
G1 Z8.700 F10800.000
G1 X115.494 Y109.848
G1 Z8.300
G1 E0.50000 F2400.000
;TYPE:Internal infill
;WIDTH:0.68
G1 F2580
G1 X116.920 Y108.422 E0.22013
G1 X125.539 Y117.041 E1.33044
G1 X126.595 Y116.947 E0.11577
G1 X127.957 Y111.864 E0.57437
G1 X127.076 Y112.745 E0.13598
G1 X125.870 Y112.422 E0.13629
G1 X129.593 Y116.144 E0.57464
G1 X130.555 Y115.692 E0.11609
G1 X135.159 Y98.512 E1.94146
G1 X134.546 Y97.646 E0.11578
G1 X129.467 Y99.007 E0.57386
G1 X127.891 Y98.584 E0.17812
G1 X128.306 Y97.036 E0.17500
G1 X126.997 Y98.345 E0.20207
G1 X127.609 Y98.509 E0.06919
;WIPE_START
G1 F8640.000
G1 X126.997 Y98.345 E-0.16728
G1 X127.822 Y97.520 E-0.30772
;WIPE_END
G1 E-0.02500 F2400.000
G1 Z8.700 F10800.000
G1 X125.940 Y97.498
G1 Z8.300
G1 E0.50000 F2400.000
;TYPE:Solid infill
;WIDTH:0.704011
G1 F2580
G1 X126.479 Y98.038 E0.08670
G1 X126.909 Y97.608 E0.06903
G1 X126.555 Y97.254 E0.05687
G1 X126.984 Y96.825 E0.06903
G1 X127.338 Y97.179 E0.05687
G1 X127.768 Y96.749 E0.06903
G1 X127.414 Y96.395 E0.05687
G1 X127.843 Y95.966 E0.06903
G1 X128.197 Y96.320 E0.05687
G1 X128.627 Y95.890 E0.06903
G1 X128.273 Y95.536 E0.05687
G1 X128.702 Y95.107 E0.06903
G1 X129.056 Y95.461 E0.05687
G1 X129.486 Y95.031 E0.06903
G1 X129.132 Y94.677 E0.05687
G1 X129.561 Y94.248 E0.06903
G1 X130.101 Y94.787 E0.08670
;WIPE_START
G1 F8640.000
G1 X129.561 Y94.248 E-0.20133
G1 X129.132 Y94.677 E-0.16030
G1 X129.436 Y94.981 E-0.11338
;WIPE_END
G1 E-0.02500 F2400.000
G1 Z8.700 F10800.000
G1 X129.749 Y99.082
G1 Z8.300
G1 E0.50000 F2400.000
;TYPE:Internal infill
;WIDTH:0.68
G1 F2580
G1 X130.671 Y99.329 E0.10414
G1 X130.993 Y100.533 E0.13598
G1 X132.355 Y95.450 E0.57436
G1 X131.483 Y94.843 E0.11602
G1 X130.139 Y95.203 E0.15182
G1 X129.296 Y96.046 E0.13012
G1 X136.983 Y103.732 E1.18652
G1 X137.022 Y104.231 E0.05459
G1 X132.322 Y105.490 E0.53116
G1 X131.860 Y103.766 E0.19486
;WIPE_START
G1 F8640.000
G1 X132.322 Y105.490 E-0.47109
G1 X132.336 Y105.486 E-0.00391
;WIPE_END
G1 E-0.02500 F2400.000
G1 Z8.700 F10800.000
G1 X136.915 Y103.218
M73 P40 R11
G1 Z8.300
G1 E0.50000 F2400.000
G1 F2580
G1 X136.884 Y102.976 E0.02665
G1 X136.693 Y102.067 E0.10141
G1 X136.427 Y101.157 E0.10346
G1 X136.300 Y100.800 E0.04136
G1 X131.416 Y102.109 E0.55192
G1 X131.784 Y103.484 E0.15540
G1 X136.590 Y108.290 E0.74193
M73 Q40 S11
G1 X136.680 Y107.946 F10800.000
G1 F2580
G1 X130.116 Y109.705 E0.74182
G1 X129.110 Y110.711 E0.15525
G1 X132.679 Y114.280 E0.55097
G1 X133.118 Y113.911 E0.06258
G1 X133.436 Y113.612 E0.04764
G1 X133.868 Y113.162 E0.06808
G1 X134.432 Y112.505 E0.09457
;WIPE_START
G1 F8640.000
G1 X133.868 Y113.162 E-0.22863
G1 X133.436 Y113.612 E-0.16459
G1 X133.210 Y113.825 E-0.08178
;WIPE_END
G1 E-0.02500 F2400.000
G1 Z8.700 F10800.000
G1 X135.890 Y110.161
G1 Z8.300
G1 E0.50000 F2400.000
G1 F2580
G1 X135.652 Y110.646 E0.05892
G1 X135.420 Y111.062 E0.05203
G1 X137.054 Y104.964 E0.68910
G1 X137.033 Y105.735 E0.08422
G1 X137.008 Y105.979 E0.02670
;WIPE_START
G1 F8640.000
G1 X137.033 Y105.735 E-0.06454
G1 X137.054 Y104.964 E-0.20360
G1 X136.851 Y105.721 E-0.20685
;WIPE_END
G1 E-0.02500 F2400.000
G1 Z8.700 F10800.000
G1 X130.322 Y109.499
G1 Z8.300
G1 E0.50000 F2400.000
G1 F2580
G1 X131.585 Y108.236 E0.19501
G1 X135.027 Y111.677 E0.53126
G1 X134.743 Y112.089 E0.05458
G1 X120.100 Y116.013 E1.65481
G1 X119.654 Y115.802 E0.05385
G1 X120.915 Y111.094 E0.53203
G1 X122.642 Y111.557 E0.19516
;WIPE_START
G1 F8640.000
G1 X120.915 Y111.094 E-0.47182
G1 X120.912 Y111.106 E-0.00318
;WIPE_END
G1 E-0.02500 F2400.000
G1 Z8.700 F10800.000
G1 X120.585 Y116.213
G1 Z8.300
G1 E0.50000 F2400.000
G1 F2580
G1 X121.397 Y116.502 E0.09417
G1 X122.312 Y116.751 E0.10346
G1 X122.990 Y116.877 E0.07522
G1 X124.296 Y112.000 E0.55117
G1 X122.924 Y111.632 E0.15510
G1 X116.351 Y113.394 E0.74279
G1 X116.607 Y113.645 F10800.000
G1 F2580
G1 X118.368 Y107.076 E0.74235
G1 X118.906 Y109.085 E0.22700
G1 X115.288 Y110.054 E0.40889
G1 X114.476 Y110.866 E0.12528
G1 X114.567 Y111.020 E0.01954
G1 X118.997 Y115.450 E0.68383
G1 X118.136 Y114.908 E0.11102
; stop printing object C:/Users/orcas/AppData/Local/Temp/Neutron/Body1.stl id:0 copy 0
;LAYER_CHANGE
;Z:8.75
;HEIGHT:0.45
;BEFORE_LAYER_CHANGE
G92 E0.0
;8.75


;WIPE_START
G1 F8640.000
G1 X118.997 Y115.450 E-0.26841
G1 X118.444 Y114.896 E-0.20659
;WIPE_END
G1 E-0.02500 F2400.000
G1 Z8.700 F10800.000
G1 Z8.750
;AFTER_LAYER_CHANGE
;8.75
; printing object C:/Users/orcas/AppData/Local/Temp/Neutron/Body1.stl id:0 copy 0
G1 Z9.150
G1 X120.641 Y109.359
G1 Z8.750
G1 E0.50000 F2400.000
M204 S800
;TYPE:External perimeter
G1 F1500.000
G1 X119.045 Y103.403 E0.67305
G1 X122.785 Y99.663 E0.57733
G1 X123.405 Y99.043 E0.09572
G1 X129.361 Y100.639 E0.67305
G1 X130.957 Y106.595 E0.67305
G1 X126.597 Y110.955 E0.67305
M73 Q41 S11
G1 X120.727 Y109.383 E0.66322
M204 S1000
G1 X120.061 Y109.515 F10800.000
;WIPE_START
G1 F8640.000
G1 X120.240 Y107.650 E-0.47500
;WIPE_END
G1 E-0.02500 F2400.000
G1 Z9.150 F10800.000
G1 X119.688 Y110.312
M73 P41 R11
G1 Z8.750
G1 E0.50000 F2400.000
M204 S800
;TYPE:Perimeter
G1 F2379
G1 X126.945 Y112.257 E0.82012
G1 X132.258 Y106.944 E0.82012
G1 X130.313 Y99.687 E0.82012
G1 X125.445 Y98.382 E0.55017
G1 X130.186 Y93.641 E0.73180
G1 X130.747 Y93.907 E0.06781
G1 X131.160 Y94.130 E0.05120
G1 X131.562 Y94.368 E0.05102
G1 X132.385 Y94.922 E0.10827
G1 X132.745 Y95.196 E0.04939
G1 X133.487 Y95.832 E0.10668
G1 X134.168 Y96.513 E0.10509
G1 X134.796 Y97.246 E0.10537
G1 X135.285 Y97.911 E0.09006
G1 X135.621 Y98.421 E0.06673
G1 X136.034 Y99.145 E0.09092
G1 X136.308 Y99.688 E0.06645
G1 X136.691 Y100.596 E0.10755
G1 X136.843 Y101.022 E0.04939
G1 X137.117 Y101.960 E0.10668
G1 X137.315 Y102.903 E0.10510
G1 X137.440 Y103.857 E0.10510
G1 X137.492 Y104.833 E0.10668
G1 X137.490 Y105.300 E0.05097
G1 X137.470 Y105.767 E0.05097
G1 X137.369 Y106.754 E0.10827
G1 X137.297 Y107.203 E0.04966
G1 X137.120 Y108.023 E0.09165
G1 X136.956 Y108.625 E0.06804
G1 X136.814 Y109.063 E0.05025
G1 X136.454 Y109.987 E0.10827
G1 X136.050 Y110.829 E0.10193
G1 X135.560 Y111.675 E0.10668
G1 X135.006 Y112.480 E0.10668
G1 X134.727 Y112.839 E0.04966
G1 X134.177 Y113.474 E0.09165
G1 X133.744 Y113.922 E0.06804
G1 X133.409 Y114.238 E0.05025
G1 X132.661 Y114.867 E0.10668
G1 X131.866 Y115.436 E0.10668
G1 X131.484 Y115.678 E0.04939
G1 X130.627 Y116.153 E0.10696
G1 X129.878 Y116.498 E0.09006
G1 X129.312 Y116.724 E0.06645
G1 X128.389 Y117.023 E0.10596
G1 X127.438 Y117.252 E0.10668
G1 X126.979 Y117.335 E0.05097
G1 X126.516 Y117.400 E0.05097
G1 X125.542 Y117.480 E0.10668
G1 X124.579 Y117.484 E0.10510
G1 X123.617 Y117.415 E0.10537
G1 X122.800 Y117.294 E0.09006
G1 X122.203 Y117.174 E0.06645
G1 X121.267 Y116.920 E0.10596
G1 X120.346 Y116.592 E0.10668
G1 X119.927 Y116.415 E0.04966
G1 X119.172 Y116.047 E0.09165
G1 X118.640 Y115.751 E0.06645
G1 X117.812 Y115.217 E0.10755
G1 X117.445 Y114.948 E0.04966
G1 X116.795 Y114.416 E0.09165
G1 X116.334 Y113.997 E0.06804
G1 X115.681 Y113.319 E0.10279
G1 X115.060 Y112.564 E0.10668
G1 X114.507 Y111.776 E0.10510
G1 X114.008 Y110.935 E0.10668
G1 X113.638 Y110.188 E0.09096
G1 X118.383 Y105.444 E0.73245
G1 X119.665 Y110.225 E0.54035
M204 S1000
G1 X120.164 Y109.836 F10800.000
M204 S800
G1 F2379
G1 X126.771 Y111.606 E0.74658
G1 X131.607 Y106.770 E0.74658
G1 X129.837 Y100.163 E0.74658
G1 X124.318 Y98.684 E0.62371
G1 X130.057 Y92.945 E0.88595
G1 X131.011 Y93.386 E0.11474
G1 X131.447 Y93.623 E0.05417
G1 X131.874 Y93.875 E0.05409
G1 X132.724 Y94.448 E0.11195
G1 X133.111 Y94.742 E0.05307
G1 X133.884 Y95.404 E0.11098
G1 X134.596 Y96.116 E0.11001
G1 X135.253 Y96.883 E0.11018
G1 X135.764 Y97.577 E0.09408
G1 X136.118 Y98.116 E0.07041
G1 X136.548 Y98.869 E0.09461
G1 X136.838 Y99.443 E0.07024
G1 X137.235 Y100.384 E0.11151
G1 X137.399 Y100.842 E0.05307
G1 X137.684 Y101.818 E0.11098
G1 X137.891 Y102.805 E0.11001
G1 X138.022 Y103.804 E0.11001
G1 X138.076 Y104.819 E0.11098
G1 X138.073 Y105.314 E0.05404
G1 X138.052 Y105.809 E0.05404
G1 X137.948 Y106.829 E0.11195
G1 X137.871 Y107.311 E0.05324
G1 X137.686 Y108.162 E0.09505
G1 X137.515 Y108.792 E0.07121
G1 X137.364 Y109.259 E0.05360
G1 X136.992 Y110.215 E0.11195
G1 X136.563 Y111.107 E0.10807
G1 X136.053 Y111.987 E0.11098
G1 X135.477 Y112.824 E0.11098
G1 X135.178 Y113.210 E0.05324
G1 X134.607 Y113.867 E0.09505
G1 X134.155 Y114.337 E0.07121
G1 X133.797 Y114.674 E0.05360
G1 X133.019 Y115.328 E0.11098
G1 X132.192 Y115.920 E0.11098
G1 X131.781 Y116.180 E0.05307
G1 X130.891 Y116.674 E0.11115
G1 X130.108 Y117.035 E0.09408
G1 X129.510 Y117.273 E0.07024
G1 X128.547 Y117.585 E0.11054
G1 X127.558 Y117.823 E0.11098
G1 X127.071 Y117.911 E0.05404
G1 X126.581 Y117.980 E0.05404
G1 X125.568 Y118.063 E0.11098
G1 X124.560 Y118.068 E0.11001
G1 X123.553 Y117.995 E0.11017
G1 X122.700 Y117.869 E0.09408
G1 X122.069 Y117.743 E0.07024
G1 X121.092 Y117.477 E0.11054
G1 X120.134 Y117.136 E0.11098
G1 X119.685 Y116.946 E0.05324
G1 X118.903 Y116.564 E0.09505
G1 X118.340 Y116.252 E0.07024
G1 X117.482 Y115.698 E0.11151
G1 X117.088 Y115.410 E0.05324
G1 X116.414 Y114.858 E0.09505
G1 X115.931 Y114.419 E0.07121
G1 X115.578 Y114.066 E0.05457
G1 X115.241 Y113.703 E0.05404
G1 X114.595 Y112.918 E0.11098
G1 X114.016 Y112.093 E0.11001
G1 X113.498 Y111.218 E0.11098
G1 X113.270 Y110.778 E0.05404
G1 X112.946 Y110.056 E0.08645
G1 X118.685 Y104.316 E0.88594
G1 X120.141 Y109.749 E0.61388
M204 S1000
;WIPE_START
G1 F8640.000
G1 X121.874 Y110.234 E-0.47500
;WIPE_END
G1 E-0.02500 F2400.000
G1 Z9.150 F10800.000
G1 X112.487 Y109.690
G1 Z8.750
G1 E0.50000 F2400.000
M204 S800
;TYPE:External perimeter
G1 F2100.000
G1 X129.697 Y92.480 E2.65669
G1 X128.244 Y92.059 E0.16511
G1 X127.604 Y91.916 E0.07164
G1 X127.038 Y91.816 E0.06266
G1 X125.983 Y91.695 E0.11597
G1 X125.001 Y91.659 E0.10726
G1 X124.019 Y91.695 E0.10719
G1 X123.469 Y91.756 E0.06038
G1 X123.853 Y91.597 E0.04529
G1 X124.520 Y91.351 E0.07765
G1 X125.218 Y91.343 E0.07618
G1 X125.885 Y91.369 E0.07287
G1 X126.623 Y91.437 E0.08088
G1 X127.276 Y91.530 E0.07197
G1 X127.907 Y91.652 E0.07018
G1 X128.673 Y91.843 E0.08620
G1 X129.335 Y92.045 E0.07557
G1 X129.829 Y92.221 E0.05721
G1 X130.440 Y92.471 E0.07204
G1 X131.275 Y92.866 E0.10078
G1 X132.186 Y93.382 E0.11427
G1 X133.064 Y93.973 E0.11563
G1 X133.478 Y94.288 E0.05676
G1 X134.280 Y94.975 E0.11528
G1 X135.025 Y95.720 E0.11492
G1 X135.710 Y96.520 E0.11498
G1 X136.243 Y97.244 E0.09810
G1 X136.616 Y97.811 E0.07409
G1 X137.062 Y98.593 E0.09829
G1 X137.367 Y99.198 E0.07403
G1 X137.779 Y100.173 E0.11547
G1 X137.954 Y100.663 E0.05676
G1 X138.250 Y101.676 E0.11528
G1 X138.467 Y102.707 E0.11492
G1 X138.603 Y103.751 E0.11492
G1 X138.659 Y104.805 E0.11528
G1 X138.634 Y105.851 E0.11420
G1 X138.527 Y106.905 E0.11564
G1 X138.445 Y107.419 E0.05682
G1 X138.253 Y108.301 E0.09845
G1 X138.074 Y108.958 E0.07439
G1 X137.914 Y109.455 E0.05695
G1 X137.529 Y110.442 E0.11564
G1 X137.312 Y110.918 E0.05711
G1 X137.076 Y111.385 E0.05711
G1 X136.547 Y112.299 E0.11528
G1 X135.948 Y113.169 E0.11528
G1 X135.629 Y113.580 E0.05682
G1 X135.038 Y114.261 E0.09845
G1 X134.565 Y114.752 E0.07439
G1 X134.186 Y115.110 E0.05695
G1 X133.377 Y115.789 E0.11528
G1 X132.518 Y116.404 E0.11528
G1 X132.079 Y116.682 E0.05676
G1 X131.155 Y117.194 E0.11534
G1 X130.339 Y117.571 E0.09810
G1 X129.709 Y117.822 E0.07403
G1 X128.705 Y118.147 E0.11511
G1 X127.678 Y118.394 E0.11528
G1 X126.645 Y118.560 E0.11421
G1 X125.593 Y118.646 E0.11528
G1 X124.540 Y118.651 E0.11492
G1 X123.489 Y118.575 E0.11498
G1 X122.600 Y118.444 E0.09810
G1 X121.935 Y118.311 E0.07403
G1 X120.918 Y118.035 E0.11511
G1 X119.923 Y117.680 E0.11528
G1 X119.443 Y117.478 E0.05682
G1 X118.633 Y117.082 E0.09845
G1 X118.040 Y116.752 E0.07403
G1 X117.151 Y116.179 E0.11547
G1 X116.731 Y115.871 E0.05682
G1 X116.033 Y115.300 E0.09845
G1 X115.529 Y114.842 E0.07439
G1 X114.802 Y114.086 E0.11440
G1 X114.130 Y113.271 E0.11528
G1 X113.526 Y112.410 E0.11492
G1 X112.987 Y111.501 E0.11528
G1 X112.524 Y110.560 E0.11445
G1 X112.276 Y109.963 E0.07058
G1 X112.002 Y109.196 E0.08892
G1 X111.823 Y108.595 E0.06842
G1 X111.669 Y107.974 E0.06985
G1 X111.522 Y107.217 E0.08414
G1 X111.433 Y106.577 E0.07057
G1 X111.373 Y105.916 E0.07248
G1 X111.345 Y105.233 E0.07457
G1 X111.351 Y104.525 E0.07732
G1 X111.759 Y103.454 E0.12509
G1 X111.697 Y104.018 E0.06195
G1 X111.660 Y104.999 E0.10719
G1 X111.697 Y105.981 E0.10719
G1 X111.805 Y106.957 E0.10720
G1 X111.987 Y107.933 E0.10842
G1 X112.144 Y108.557 E0.07023
G1 X112.461 Y109.604 E0.11935
M204 S1000
G1 X112.833 Y110.180 F10800.000
;WIPE_START
G1 F8640.000
G1 X113.737 Y108.335 E-0.47500
;WIPE_END
G1 E-0.02500 F2400.000
G1 Z9.150 F10800.000
G1 X114.183 Y110.887
G1 Z8.750
G1 E0.50000 F2400.000
;TYPE:Solid infill
;WIDTH:0.796686
G1 F2379
G1 X118.503 Y106.567 E0.80020
;WIPE_START
G1 F8640.000
G1 X117.230 Y107.840 E-0.47500
;WIPE_END
G1 E-0.02500 F2400.000
G1 Z9.150 F10800.000
G1 X118.100 Y107.879
G1 Z8.750
G1 E0.50000 F2400.000
;TYPE:Internal infill
;WIDTH:0.68
G1 F2379
G1 X118.481 Y107.498 E0.05879
G1 X118.988 Y109.392 E0.21409
G1 X115.707 Y110.271 E0.37081
G1 X114.988 Y110.991 E0.11101
G1 X119.924 Y115.927 E0.76200
G1 X119.364 Y115.653 E0.06805
G1 X120.608 Y111.012 E0.52445
G1 X123.023 Y111.659 E0.27288
;WIPE_START
G1 F8640.000
G1 X121.284 Y111.193 E-0.47500
;WIPE_END
G1 E-0.02500 F2400.000
G1 Z9.150 F10800.000
G1 X130.884 Y115.510
M73 Q42 S11
G1 Z8.750
G1 E0.50000 F2400.000
G1 F2379
G1 X131.622 Y115.073 E0.09364
G1 X132.392 Y114.521 E0.10346
G1 X132.924 Y114.075 E0.07574
G1 X129.335 Y110.486 E0.55399
G1 X129.666 Y110.155 E0.05105
G1 X136.591 Y108.300 E0.78257
G1 X136.689 Y107.939 E0.04080
M73 P42 R11
G1 X131.619 Y102.869 E0.78259
G1 X131.498 Y102.416 E0.05120
G1 X136.407 Y101.101 E0.55472
G1 X136.693 Y102.067 E0.10996
G1 X136.884 Y102.976 E0.10141
G1 X136.915 Y103.214 E0.02623
G1 X129.839 Y96.139 E1.09221
G1 X130.559 Y95.420 E0.11101
G1 X131.833 Y95.078 E0.14398
G1 X132.081 Y95.245 E0.03261
G1 X130.828 Y99.918 E0.52802
G1 X130.671 Y99.329 E0.06652
G1 X130.082 Y99.172 E0.06652
G1 X134.749 Y97.921 E0.52738
G1 X134.924 Y98.159 E0.03221
G1 X132.641 Y106.680 E0.96300
G1 X132.746 Y107.075 E0.04455
G1 X132.458 Y107.363 E0.04455
G1 X130.176 Y115.879 E0.96229
G1 X129.903 Y116.005 E0.03278
G1 X126.485 Y112.586 E0.52767
G1 X127.076 Y112.745 E0.06682
G1 X127.507 Y112.314 E0.06652
G1 X126.256 Y116.982 E0.52750
G1 X125.954 Y117.007 E0.03304
G1 X119.722 Y110.774 E0.96206
G1 X119.331 Y110.669 E0.04425
G1 X119.226 Y110.278 E0.04425
G1 X117.463 Y108.515 E0.27208
G1 X117.722 Y108.256 E0.03998
G1 X116.346 Y113.391 E0.58018
G1 X116.609 Y113.654 E0.04062
G1 X123.539 Y111.797 E0.78302
G1 X123.989 Y111.918 E0.05090
G1 X122.675 Y116.823 E0.55430
G1 X122.304 Y116.748 E0.04128
G1 X121.397 Y116.502 E0.10253
G1 X120.584 Y116.213 E0.09423
G1 X134.435 Y112.501 E1.56524
G1 X133.854 Y113.178 E0.09742
G1 X133.146 Y113.886 E0.10925
;WIPE_START
G1 F8640.000
G1 X133.854 Y113.178 E-0.26412
G1 X134.375 Y112.572 E-0.21088
;WIPE_END
G1 E-0.02500 F2400.000
G1 Z9.150 F10800.000
G1 X130.042 Y109.778
G1 Z8.750
G1 E0.50000 F2400.000
G1 F2379
G1 X131.810 Y108.011 E0.27288
G1 X135.208 Y111.409 E0.52451
G1 X134.861 Y111.918 E0.06729
G1 X137.005 Y103.916 E0.90426
G1 X137.039 Y104.555 E0.06989
G1 X132.404 Y105.798 E0.52380
G1 X131.757 Y103.383 E0.27288
;WIPE_START
G1 F8640.000
G1 X132.223 Y105.121 E-0.47500
;WIPE_END
G1 E-0.02500 F2400.000
G1 Z9.150 F10800.000
G1 X129.800 Y99.096
G1 Z8.750
G1 E0.50000 F2400.000
G1 F2379
G1 X127.584 Y98.502 E0.25048
G1 X127.623 Y98.355 E0.01660
G1 X129.391 Y96.587 E0.27288
;WIPE_START
G1 F8640.000
G1 X128.118 Y97.860 E-0.47500
;WIPE_END
G1 E-0.02500 F2400.000
G1 Z9.150 F10800.000
G1 X130.885 Y94.186
G1 Z8.750
G1 E0.50000 F2400.000
;TYPE:Solid infill
;WIDTH:0.796686
G1 F2379
G1 X126.569 Y98.502 E0.79948
; stop printing object C:/Users/orcas/AppData/Local/Temp/Neutron/Body1.stl id:0 copy 0
;LAYER_CHANGE
;Z:9.2
;HEIGHT:0.45
;BEFORE_LAYER_CHANGE
G92 E0.0
;9.2


;WIPE_START
G1 F8640.000
G1 X127.842 Y97.229 E-0.47500
;WIPE_END
G1 E-0.02500 F2400.000
G1 Z9.150 F10800.000
G1 Z9.200
;AFTER_LAYER_CHANGE
;9.2
; printing object C:/Users/orcas/AppData/Local/Temp/Neutron/Body1.stl id:0 copy 0
G1 Z9.600
G1 X119.688 Y110.312
G1 Z9.200
G1 E0.50000 F2400.000
M204 S800
;TYPE:Perimeter
;WIDTH:0.68
G1 F2094
G1 X126.945 Y112.257 E0.82012
G1 X132.258 Y106.944 E0.82012
G1 X130.313 Y99.687 E0.82012
G1 X125.947 Y98.516 E0.49346
G1 X130.618 Y93.846 E0.72103
G1 X131.160 Y94.130 E0.06682
G1 X131.562 Y94.368 E0.05102
G1 X132.385 Y94.922 E0.10827
G1 X132.745 Y95.196 E0.04939
G1 X133.487 Y95.832 E0.10668
G1 X134.178 Y96.523 E0.10668
G1 X134.480 Y96.863 E0.04962
G1 X135.017 Y97.537 E0.09405
G1 X135.624 Y98.426 E0.11749
G1 X135.862 Y98.828 E0.05097
G1 X136.311 Y99.696 E0.10668
G1 X136.691 Y100.596 E0.10668
G1 X136.844 Y101.024 E0.04962
G1 X137.088 Y101.851 E0.09405
G1 X137.314 Y102.888 E0.11591
G1 X137.441 Y103.859 E0.10691
G1 X137.488 Y104.705 E0.09246
G1 X137.490 Y105.294 E0.06424
G1 X137.438 Y106.148 E0.09341
G1 X137.371 Y106.745 E0.06560
G1 X137.297 Y107.203 E0.05056
G1 X137.114 Y108.044 E0.09405
G1 X136.814 Y109.063 E0.11591
G1 X136.454 Y109.987 E0.10827
G1 X136.050 Y110.829 E0.10193
G1 X135.560 Y111.675 E0.10668
G1 X135.006 Y112.480 E0.10668
G1 X134.728 Y112.837 E0.04939
G1 X134.085 Y113.574 E0.10668
G1 X133.398 Y114.248 E0.10510
G1 X132.661 Y114.867 E0.10509
G1 X131.866 Y115.436 E0.10668
G1 X131.066 Y115.921 E0.10216
G1 X130.298 Y116.311 E0.09405
G1 X129.318 Y116.722 E0.11591
G1 X128.389 Y117.023 E0.10668
G1 X127.438 Y117.252 E0.10668
G1 X126.514 Y117.400 E0.10216
G1 X125.656 Y117.473 E0.09405
G1 X125.055 Y117.492 E0.06560
G1 X124.111 Y117.460 E0.10311
G1 X123.254 Y117.367 E0.09405
G1 X122.661 Y117.271 E0.06560
G1 X122.210 Y117.176 E0.05034
G1 X121.267 Y116.920 E0.10668
G1 X120.346 Y116.592 E0.10668
G1 X119.927 Y116.415 E0.04962
G1 X119.153 Y116.037 E0.09405
G1 X118.641 Y115.752 E0.06401
G1 X117.812 Y115.217 E0.10763
G1 X117.445 Y114.948 E0.04962
G1 X116.779 Y114.402 E0.09405
G1 X115.998 Y113.661 E0.11749
G1 X115.681 Y113.319 E0.05098
G1 X115.060 Y112.564 E0.10668
G1 X114.507 Y111.776 E0.10510
G1 X114.011 Y110.940 E0.10610
G1 X113.847 Y110.616 E0.03959
G1 X118.518 Y105.945 E0.72103
G1 X119.665 Y110.225 E0.48363
M204 S1000
G1 X120.164 Y109.836 F10800.000
M204 S800
G1 F2094
G1 X126.771 Y111.606 E0.74658
G1 X131.607 Y106.770 E0.74658
G1 X129.837 Y100.163 E0.74658
G1 X124.820 Y98.818 E0.56699
G1 X130.496 Y93.142 E0.87619
G1 X131.011 Y93.386 E0.06221
G1 X131.447 Y93.623 E0.05417
G1 X131.874 Y93.875 E0.05409
G1 X132.724 Y94.448 E0.11195
G1 X133.111 Y94.742 E0.05307
G1 X133.884 Y95.404 E0.11098
G1 X134.602 Y96.123 E0.11098
G1 X134.927 Y96.487 E0.05321
G1 X135.483 Y97.185 E0.09748
G1 X135.849 Y97.698 E0.06876
G1 X136.120 Y98.119 E0.05462
G1 X136.373 Y98.545 E0.05404
G1 X136.840 Y99.448 E0.11098
G1 X137.235 Y100.384 E0.11098
G1 X137.399 Y100.844 E0.05321
G1 X137.652 Y101.700 E0.09748
G1 X137.798 Y102.313 E0.06876
G1 X137.890 Y102.796 E0.05365
G1 X138.022 Y103.805 E0.11112
G1 X138.071 Y104.688 E0.09651
G1 X138.073 Y105.310 E0.06793
G1 X138.020 Y106.198 E0.09709
G1 X137.949 Y106.824 E0.06876
G1 X137.871 Y107.311 E0.05379
G1 X137.681 Y108.183 E0.09748
G1 X137.515 Y108.791 E0.06876
G1 X137.364 Y109.259 E0.05365
M73 Q43 S11
G1 X136.992 Y110.215 E0.11195
G1 X136.563 Y111.107 E0.10807
G1 X136.053 Y111.987 E0.11098
G1 X135.477 Y112.824 E0.11098
G1 X135.179 Y113.208 E0.05307
G1 X134.510 Y113.974 E0.11098
G1 X133.791 Y114.680 E0.11001
G1 X133.019 Y115.328 E0.11001
G1 X132.192 Y115.920 E0.11098
G1 X131.344 Y116.434 E0.10821
G1 X130.548 Y116.838 E0.09748
G1 X129.972 Y117.094 E0.06876
G1 X129.514 Y117.272 E0.05365
G1 X128.547 Y117.585 E0.11098
G1 X127.558 Y117.823 E0.11098
G1 X127.071 Y117.911 E0.05404
G1 X126.580 Y117.980 E0.05418
G1 X125.690 Y118.055 E0.09748
G1 X125.060 Y118.076 E0.06876
G1 X124.064 Y118.042 E0.10879
G1 X123.176 Y117.946 E0.09748
G1 X122.554 Y117.845 E0.06876
G1 X122.073 Y117.744 E0.05365
G1 X121.092 Y117.477 E0.11098
G1 X120.134 Y117.136 E0.11098
M73 P43 R11
G1 X119.685 Y116.946 E0.05321
G1 X118.883 Y116.554 E0.09748
G1 X118.340 Y116.252 E0.06779
G1 X117.482 Y115.698 E0.11156
G1 X117.088 Y115.410 E0.05321
G1 X116.397 Y114.844 E0.09748
G1 X115.932 Y114.420 E0.06876
G1 X115.241 Y113.703 E0.10865
G1 X114.595 Y112.918 E0.11098
G1 X114.016 Y112.093 E0.11001
G1 X113.499 Y111.221 E0.11062
G1 X113.142 Y110.496 E0.08822
G1 X118.820 Y104.818 E0.87641
G1 X120.141 Y109.749 E0.55717
M204 S1000
G1 X120.641 Y109.359 F10800.000
M204 S800
;TYPE:External perimeter
G1 F2094
G1 X126.597 Y110.955 E0.67305
G1 X130.957 Y106.595 E0.67305
G1 X129.361 Y100.639 E0.67305
G1 X123.693 Y99.120 E0.64053
G1 X130.149 Y92.664 E0.99660
G1 X128.849 Y92.227 E0.14965
G1 X127.923 Y91.983 E0.10451
G1 X126.958 Y91.804 E0.10718
G1 X125.982 Y91.695 E0.10719
G1 X125.001 Y91.659 E0.10719
G1 X124.184 Y91.689 E0.08918
G1 X125.187 Y91.343 E0.11585
G1 X125.895 Y91.370 E0.07730
G1 X126.614 Y91.436 E0.07880
G1 X127.275 Y91.530 E0.07286
G1 X127.913 Y91.654 E0.07096
G1 X128.664 Y91.840 E0.08444
G1 X129.335 Y92.045 E0.07667
G1 X129.829 Y92.221 E0.05720
G1 X130.448 Y92.474 E0.07293
G1 X131.275 Y92.866 E0.09989
G1 X131.735 Y93.115 E0.05713
G1 X132.186 Y93.382 E0.05716
G1 X133.064 Y93.973 E0.11563
G1 X133.478 Y94.288 E0.05676
G1 X134.280 Y94.975 E0.11528
G1 X135.027 Y95.722 E0.11528
G1 X135.373 Y96.111 E0.05681
G1 X135.949 Y96.834 E0.10092
G1 X136.332 Y97.370 E0.07192
G1 X136.617 Y97.812 E0.05733
G1 X136.883 Y98.262 E0.05711
G1 X137.368 Y99.200 E0.11528
G1 X137.779 Y100.173 E0.11528
G1 X137.954 Y100.663 E0.05681
G1 X138.216 Y101.550 E0.10092
G1 X138.369 Y102.191 E0.07192
G1 X138.466 Y102.703 E0.05697
G1 X138.603 Y103.751 E0.11533
G1 X138.655 Y104.671 E0.10056
G1 X138.657 Y105.327 E0.07161
G1 X138.601 Y106.249 E0.10077
G1 X138.527 Y106.903 E0.07192
G1 X138.445 Y107.419 E0.05702
G1 X138.248 Y108.322 E0.10092
G1 X138.074 Y108.958 E0.07192
G1 X137.914 Y109.455 E0.05697
G1 X137.529 Y110.442 E0.11564
G1 X137.076 Y111.385 E0.11421
G1 X136.547 Y112.299 E0.11528
G1 X135.948 Y113.169 E0.11528
G1 X135.629 Y113.580 E0.05676
G1 X134.935 Y114.375 E0.11528
G1 X134.183 Y115.112 E0.11492
G1 X133.377 Y115.789 E0.11492
G1 X132.518 Y116.404 E0.11528
G1 X131.623 Y116.947 E0.11426
G1 X130.799 Y117.365 E0.10092
G1 X130.196 Y117.633 E0.07192
G1 X129.710 Y117.822 E0.05697
G1 X128.705 Y118.147 E0.11528
G1 X127.678 Y118.394 E0.11528
G1 X127.164 Y118.487 E0.05711
G1 X126.645 Y118.560 E0.05716
G1 X125.724 Y118.638 E0.10092
G1 X125.065 Y118.659 E0.07192
G1 X124.017 Y118.624 E0.11447
G1 X123.098 Y118.524 E0.10092
G1 X122.448 Y118.419 E0.07192
G1 X121.937 Y118.311 E0.05697
G1 X120.918 Y118.035 E0.11528
G1 X119.923 Y117.680 E0.11528
G1 X119.443 Y117.478 E0.05681
G1 X118.613 Y117.071 E0.10092
G1 X118.040 Y116.753 E0.07156
G1 X117.151 Y116.179 E0.11549
G1 X116.731 Y115.871 E0.05681
G1 X116.016 Y115.286 E0.10092
G1 X115.529 Y114.842 E0.07192
G1 X114.802 Y114.086 E0.11442
G1 X114.130 Y113.271 E0.11528
G1 X113.526 Y112.410 E0.11492
G1 X112.988 Y111.502 E0.11515
G1 X112.688 Y110.911 E0.07233
G1 X112.319 Y110.075 E0.09977
G1 X111.965 Y109.081 E0.11516
G1 X111.758 Y108.345 E0.08343
G1 X111.590 Y107.595 E0.08396
G1 X111.480 Y106.946 E0.07183
G1 X111.402 Y106.276 E0.07356
G1 X111.347 Y105.179 E0.11992
G1 X111.690 Y104.200 E0.11325
G1 X111.660 Y104.999 E0.08731
G1 X111.697 Y105.981 E0.10719
G1 X111.805 Y106.957 E0.10719
G1 X111.985 Y107.922 E0.10719
G1 X112.235 Y108.871 E0.10709
G1 X112.666 Y110.147 E0.14702
G1 X119.122 Y103.691 E0.99653
G1 X120.617 Y109.273 E0.63070
M204 S1000
G1 X120.864 Y109.916 F10800.000
;WIPE_START
G1 F8640.000
G1 X122.350 Y109.760 E-0.47500
;WIPE_END
G1 E-0.02500 F2400.000
G1 Z9.600 F10800.000
G1 X118.519 Y107.642
G1 Z9.200
G1 E0.50000 F2400.000
;TYPE:Solid infill
;WIDTH:0.68028
G1 F2094
G1 X117.979 Y107.103 E0.08331
G1 X117.567 Y107.515 E0.06374
G1 X117.920 Y107.869 E0.05464
G1 X117.508 Y108.282 E0.06374
G1 X117.154 Y107.928 E0.05464
G1 X116.741 Y108.341 E0.06374
G1 X117.095 Y108.695 E0.05464
G1 X116.682 Y109.107 E0.06374
G1 X116.328 Y108.754 E0.05464
G1 X115.916 Y109.166 E0.06374
G1 X116.269 Y109.520 E0.05464
G1 X115.857 Y109.933 E0.06374
G1 X115.503 Y109.579 E0.05464
G1 X115.090 Y109.992 E0.06374
G1 X115.444 Y110.346 E0.05464
G1 X115.031 Y110.758 E0.06374
G1 X114.492 Y110.219 E0.08332
;WIPE_START
G1 F8640.000
G1 X115.031 Y110.758 E-0.20133
G1 X115.444 Y110.346 E-0.15403
G1 X115.123 Y110.025 E-0.11964
;WIPE_END
G1 E-0.02500 F2400.000
G1 Z9.600 F10800.000
G1 X117.107 Y114.105
G1 Z9.200
G1 E0.50000 F2400.000
;TYPE:Internal infill
;WIDTH:0.68
G1 F2094
G1 X117.713 Y114.602 E0.08559
G1 X118.060 Y114.856 E0.04692
G1 X118.866 Y115.376 E0.10468
G1 X119.077 Y115.494 E0.02640
G1 X120.300 Y110.929 E0.51580
G1 X120.337 Y110.939 E0.00412
G1 X126.371 Y116.973 E0.93142
G1 X125.919 Y117.011 E0.04950
G1 X127.063 Y112.741 E0.48252
G1 X127.085 Y112.736 E0.00242
G1 X130.212 Y115.864 E0.48279
G1 X129.802 Y116.045 E0.04893
G1 X132.008 Y107.813 E0.93016
G1 X132.035 Y107.786 E0.00427
G1 X135.373 Y111.124 E0.51526
G1 X135.663 Y110.624 E0.06302
G1 X136.053 Y109.813 E0.09825
G1 X136.394 Y108.935 E0.10288
;WIPE_START
G1 F8640.000
G1 X136.053 Y109.813 E-0.24873
G1 X135.681 Y110.586 E-0.22627
;WIPE_END
G1 E-0.02500 F2400.000
G1 Z9.600 F10800.000
G1 X136.832 Y107.285
G1 Z9.200
G1 E0.50000 F2400.000
G1 F2094
G1 X137.003 Y106.106 E0.13003
G1 X137.052 Y105.281 E0.09016
G1 X137.051 Y104.882 E0.04360
G1 X132.486 Y106.105 E0.51581
G1 X132.476 Y106.066 E0.00442
G1 X134.684 Y97.824 E0.93137
G1 X134.950 Y98.197 E0.04998
G1 X130.674 Y99.342 E0.48319
G1 X130.658 Y99.326 E0.00255
G1 X131.801 Y95.057 E0.48234
G1 X132.178 Y95.315 E0.04983
G1 X130.978 Y95.637 E0.13563
G1 X130.383 Y96.232 E0.09188
G1 X136.828 Y102.678 E0.99495
G1 X136.898 Y103.086 E0.04528
G1 X134.346 Y112.610 E1.07615
G1 X134.067 Y112.929 E0.04635
G1 X121.112 Y116.401 E1.46396
G1 X120.702 Y116.255 E0.04753
G1 X115.531 Y111.084 E0.79820
G1 X116.126 Y110.489 E0.09188
G1 X119.071 Y109.700 E0.33273
G1 X119.061 Y109.663 E0.00412
G1 X118.006 Y108.608 E0.16280
G1 X117.039 Y109.576 E0.14929
G1 X116.090 Y113.117 E0.40014
G1 X116.310 Y113.354 E0.03527
G1 X116.893 Y113.907 E0.08775
G1 X124.153 Y111.962 E0.82048
G1 X123.682 Y111.835 E0.05330
G1 X122.362 Y116.761 E0.55662
G1 X123.313 Y116.934 E0.10551
G1 X124.142 Y117.023 E0.09101
G1 X124.841 Y117.047 E0.07634
;WIPE_START
G1 F8640.000
G1 X124.142 Y117.023 E-0.18455
G1 X123.313 Y116.934 E-0.22002
G1 X123.050 Y116.886 E-0.07043
;WIPE_END
G1 E-0.02500 F2400.000
G1 Z9.600 F10800.000
G1 X131.164 Y115.358
M73 Q44 S11
G1 Z9.200
G1 E0.50000 F2400.000
G1 F2094
G1 X131.622 Y115.073 E0.05885
G1 X132.392 Y114.521 E0.10346
G1 X133.164 Y113.865 E0.11054
G1 X129.560 Y110.261 E0.55630
G1 X129.216 Y110.605 E0.05315
G1 X136.485 Y108.657 E0.82149
M73 P44 R11
G1 X136.689 Y107.940 E0.08139
G1 X136.770 Y107.570 E0.04137
G1 X131.455 Y102.255 E0.82049
G1 X131.580 Y102.724 E0.05300
G1 X136.500 Y101.405 E0.55597
G1 X136.284 Y100.755 E0.07485
G1 X135.914 Y99.882 E0.10346
G1 X135.517 Y99.112 E0.09455
;WIPE_START
G1 F8640.000
G1 X135.914 Y99.882 E-0.22859
G1 X136.278 Y100.742 E-0.24641
;WIPE_END
G1 E-0.02500 F2400.000
G1 Z9.600 F10800.000
G1 X130.948 Y95.213
G1 Z9.200
G1 E0.50000 F2400.000
;TYPE:Solid infill
;WIDTH:0.680747
G1 F2094
G1 X130.409 Y94.673 E0.08338
G1 X129.996 Y95.086 E0.06385
G1 X130.350 Y95.440 E0.05469
G1 X129.937 Y95.853 E0.06385
G1 X129.583 Y95.499 E0.05469
G1 X129.170 Y95.912 E0.06385
G1 X129.524 Y96.266 E0.05469
G1 X129.110 Y96.679 E0.06385
G1 X128.757 Y96.325 E0.05469
G1 X128.344 Y96.738 E0.06385
G1 X128.697 Y97.092 E0.05469
G1 X128.284 Y97.505 E0.06385
G1 X127.931 Y97.151 E0.05469
G1 X127.517 Y97.565 E0.06385
G1 X127.871 Y97.918 E0.05469
G1 X127.458 Y98.331 E0.06385
G1 X126.919 Y97.792 E0.08338
; stop printing object C:/Users/orcas/AppData/Local/Temp/Neutron/Body1.stl id:0 copy 0
;LAYER_CHANGE
;Z:9.65
;HEIGHT:0.45
;BEFORE_LAYER_CHANGE
G92 E0.0
;9.65


;WIPE_START
G1 F8640.000
G1 X127.458 Y98.331 E-0.20133
G1 X127.871 Y97.918 E-0.15416
G1 X127.551 Y97.598 E-0.11952
;WIPE_END
G1 E-0.02500 F2400.000
G1 Z9.600 F10800.000
G1 Z9.650
;AFTER_LAYER_CHANGE
;9.65
; printing object C:/Users/orcas/AppData/Local/Temp/Neutron/Body1.stl id:0 copy 0
G1 Z10.050
G1 X119.688 Y110.312
G1 Z9.650
G1 E0.50000 F2400.000
M204 S800
;TYPE:Perimeter
;WIDTH:0.68
G1 F2099
G1 X126.945 Y112.257 E0.82012
G1 X132.258 Y106.944 E0.82012
G1 X130.313 Y99.687 E0.82012
G1 X126.449 Y98.651 E0.43674
G1 X131.031 Y94.069 E0.70732
G1 X131.574 Y94.377 E0.06813
G1 X132.385 Y94.922 E0.10668
G1 X132.745 Y95.196 E0.04939
G1 X133.498 Y95.842 E0.10827
G1 X133.824 Y96.155 E0.04939
G1 X134.488 Y96.873 E0.10668
G1 X135.087 Y97.629 E0.10528
G1 X135.574 Y98.349 E0.09486
G1 X135.872 Y98.844 E0.06316
G1 X136.093 Y99.252 E0.05061
G1 X136.470 Y100.051 E0.09644
G1 X136.843 Y101.022 E0.11356
G1 X137.121 Y101.974 E0.10827
G1 X137.223 Y102.415 E0.04939
G1 X137.390 Y103.393 E0.10827
G1 X137.440 Y103.843 E0.04939
G1 X137.491 Y104.819 E0.10668
G1 X137.468 Y105.781 E0.10509
G1 X137.371 Y106.739 E0.10510
G1 X137.198 Y107.701 E0.10668
G1 X137.092 Y108.141 E0.04939
G1 X136.809 Y109.076 E0.10668
G1 X136.454 Y109.987 E0.10668
G1 X136.260 Y110.412 E0.05098
G1 X136.050 Y110.829 E0.05097
G1 X135.560 Y111.675 E0.10668
G1 X135.006 Y112.480 E0.10668
G1 X134.728 Y112.837 E0.04939
G1 X134.085 Y113.574 E0.10668
G1 X133.398 Y114.248 E0.10510
G1 X132.650 Y114.876 E0.10668
G1 X132.286 Y115.148 E0.04958
G1 X131.549 Y115.636 E0.09644
G1 X131.063 Y115.922 E0.06157
G1 X130.182 Y116.367 E0.10772
G1 X129.767 Y116.547 E0.04939
G1 X128.848 Y116.884 E0.10687
G1 X128.012 Y117.122 E0.09486
G1 X127.462 Y117.247 E0.06157
G1 X126.502 Y117.401 E0.10613
G1 X125.542 Y117.480 E0.10510
G1 X124.565 Y117.484 E0.10668
G1 X124.099 Y117.460 E0.05097
G1 X123.632 Y117.417 E0.05116
G1 X122.758 Y117.287 E0.09644
G1 X122.191 Y117.172 E0.06316
G1 X121.743 Y117.060 E0.05042
G1 X120.796 Y116.763 E0.10827
G1 X120.371 Y116.603 E0.04958
G1 X119.563 Y116.245 E0.09644
G1 X118.646 Y115.755 E0.11356
G1 X117.825 Y115.225 E0.10668
G1 X117.058 Y114.641 E0.10510
G1 X116.328 Y113.991 E0.10668
G1 X115.681 Y113.319 E0.10193
G1 X115.060 Y112.564 E0.10668
G1 X114.507 Y111.776 E0.10510
G1 X114.066 Y111.033 E0.09424
G1 X118.652 Y106.447 E0.70789
G1 X119.665 Y110.225 E0.42691
M204 S1000
G1 X120.164 Y109.836 F10800.000
M204 S800
G1 F2099
G1 X126.771 Y111.606 E0.74658
G1 X131.607 Y106.770 E0.74658
G1 X129.837 Y100.163 E0.74658
G1 X125.322 Y98.953 E0.51027
G1 X130.928 Y93.347 E0.86540
G1 X131.881 Y93.880 E0.11923
G1 X132.724 Y94.448 E0.11098
G1 X133.111 Y94.742 E0.05307
G1 X133.890 Y95.410 E0.11195
G1 X134.241 Y95.747 E0.05307
G1 X134.931 Y96.493 E0.11098
G1 X135.558 Y97.284 E0.11012
G1 X136.066 Y98.035 E0.09894
G1 X136.379 Y98.555 E0.06630
G1 X136.614 Y98.989 E0.05382
G1 X137.004 Y99.816 E0.09991
G1 X137.399 Y100.842 E0.11998
G1 X137.686 Y101.827 E0.11195
G1 X137.795 Y102.301 E0.05307
G1 X137.968 Y103.312 E0.11195
G1 X138.021 Y103.795 E0.05307
G1 X138.075 Y104.810 E0.11098
G1 X138.051 Y105.818 E0.11001
G1 X137.949 Y106.821 E0.11001
G1 X137.769 Y107.821 E0.11098
G1 X137.655 Y108.294 E0.05307
G1 X137.360 Y109.267 E0.11098
G1 X136.992 Y110.215 E0.11098
G1 X136.786 Y110.665 E0.05404
G1 X136.563 Y111.107 E0.05404
G1 X136.053 Y111.987 E0.11098
G1 X135.477 Y112.824 E0.11098
G1 X135.179 Y113.208 E0.05307
G1 X134.510 Y113.974 E0.11098
G1 X133.791 Y114.680 E0.11001
G1 X133.012 Y115.334 E0.11098
G1 X132.622 Y115.625 E0.05319
G1 X131.859 Y116.131 E0.09991
G1 X131.343 Y116.435 E0.06533
G1 X130.430 Y116.895 E0.11161
G1 X129.984 Y117.089 E0.05307
G1 X129.028 Y117.440 E0.11109
G1 X128.156 Y117.687 E0.09894
G1 X127.573 Y117.820 E0.06533
G1 X126.572 Y117.980 E0.11064
G1 X125.568 Y118.063 E0.11001
G1 X124.551 Y118.068 E0.11098
G1 X123.562 Y117.996 E0.10818
G1 X122.657 Y117.862 E0.09991
G1 X121.584 Y117.621 E0.11998
G1 X120.606 Y117.315 E0.11195
G1 X120.150 Y117.143 E0.05319
G1 X119.313 Y116.772 E0.09991
G1 X118.771 Y116.497 E0.06630
G1 X118.343 Y116.254 E0.05371
G1 X117.489 Y115.702 E0.11098
G1 X116.687 Y115.092 E0.11001
G1 X115.928 Y114.416 E0.11098
G1 X115.578 Y114.066 E0.05404
G1 X115.241 Y113.703 E0.05404
G1 X114.595 Y112.918 E0.11098
G1 X114.016 Y112.093 E0.11001
G1 X113.502 Y111.226 E0.11001
G1 X113.353 Y110.922 E0.03697
G1 X118.954 Y105.320 E0.86469
G1 X120.141 Y109.749 E0.50045
M204 S1000
G1 X120.641 Y109.359 F10800.000
M204 S800
;TYPE:External perimeter
G1 F2099
G1 X126.597 Y110.955 E0.67305
G1 X130.957 Y106.595 E0.67305
G1 X129.361 Y100.639 E0.67305
G1 X124.194 Y99.255 E0.58381
G1 X130.593 Y92.856 E0.98773
G1 X129.207 Y92.340 E0.16148
G1 X128.557 Y92.142 E0.07417
G1 X127.603 Y91.915 E0.10698
G1 X126.634 Y91.759 E0.10719
G1 X125.655 Y91.675 E0.10719
G1 X124.897 Y91.666 E0.08278
G1 X125.812 Y91.366 E0.10517
G1 X126.605 Y91.435 E0.08680
G1 X127.274 Y91.530 E0.07375
G1 X127.919 Y91.655 E0.07175
G1 X128.654 Y91.838 E0.08268
G1 X129.336 Y92.045 E0.07778
G1 X129.829 Y92.221 E0.05719
G1 X130.455 Y92.477 E0.07382
G1 X131.272 Y92.864 E0.09864
G1 X132.188 Y93.384 E0.11499
G1 X133.064 Y93.973 E0.11528
G1 X133.478 Y94.288 E0.05676
G1 X134.283 Y94.978 E0.11564
G1 X134.657 Y95.338 E0.05676
G1 X135.375 Y96.113 E0.11528
G1 X136.029 Y96.939 E0.11496
G1 X136.558 Y97.720 E0.10303
G1 X136.886 Y98.266 E0.06944
G1 X137.134 Y98.725 E0.05703
G1 X137.538 Y99.582 E0.10338
G1 X137.779 Y100.171 E0.06944
G1 X137.954 Y100.663 E0.05699
G1 X138.251 Y101.679 E0.11564
G1 X138.368 Y102.186 E0.05676
G1 X138.546 Y103.231 E0.11564
G1 X138.603 Y103.747 E0.05676
G1 X138.659 Y104.802 E0.11528
G1 X138.634 Y105.854 E0.11492
G1 X138.527 Y106.902 E0.11492
G1 X138.340 Y107.941 E0.11528
G1 X138.218 Y108.447 E0.05676
G1 X137.912 Y109.458 E0.11528
G1 X137.529 Y110.442 E0.11528
G1 X137.076 Y111.385 E0.11421
G1 X136.547 Y112.299 E0.11528
G1 X135.948 Y113.169 E0.11528
G1 X135.629 Y113.580 E0.05676
G1 X134.935 Y114.375 E0.11528
G1 X134.183 Y115.112 E0.11492
G1 X133.374 Y115.792 E0.11528
G1 X132.957 Y116.103 E0.05680
G1 X132.168 Y116.626 E0.10338
G1 X131.622 Y116.947 E0.06908
G1 X130.678 Y117.424 E0.11551
G1 X130.201 Y117.631 E0.05676
G1 X129.209 Y117.995 E0.11532
G1 X128.301 Y118.253 E0.10303
G1 X127.684 Y118.393 E0.06908
G1 X126.642 Y118.560 E0.11515
G1 X125.593 Y118.646 E0.11492
G1 X124.537 Y118.651 E0.11528
G1 X124.014 Y118.624 E0.05711
G1 X123.493 Y118.576 E0.05716
G1 X122.556 Y118.437 E0.10338
G1 X121.932 Y118.310 E0.06944
G1 X121.426 Y118.183 E0.05699
G1 X120.415 Y117.867 E0.11564
G1 X119.928 Y117.683 E0.05680
G1 X119.062 Y117.299 E0.10338
G1 X118.495 Y117.011 E0.06944
G1 X118.041 Y116.753 E0.05699
G1 X117.154 Y116.180 E0.11528
G1 X116.316 Y115.543 E0.11492
G1 X115.527 Y114.840 E0.11528
G1 X114.802 Y114.086 E0.11420
G1 X114.130 Y113.271 E0.11528
G1 X113.526 Y112.410 E0.11492
G1 X112.989 Y111.504 E0.11492
G1 X112.524 Y110.559 E0.11492
G1 X112.130 Y109.576 E0.11565
G1 X111.966 Y109.085 E0.05649
G1 X111.729 Y108.232 E0.09664
M73 Q45 S11
G1 X111.590 Y107.598 E0.07080
G1 X111.480 Y106.941 E0.07274
G1 X111.368 Y105.812 E0.12376
G1 X111.667 Y104.871 E0.10777
G1 X111.676 Y105.654 E0.08542
G1 X111.761 Y106.632 E0.10715
G1 X111.903 Y107.532 E0.09945
G1 X112.087 Y108.344 E0.09092
G1 X112.334 Y109.184 E0.09559
G1 X112.857 Y110.592 E0.16393
G1 X119.256 Y104.193 E0.98778
M73 P45 R11
G1 X120.617 Y109.273 E0.57398
M204 S1000
G1 X120.875 Y109.912 F10800.000
;WIPE_START
G1 F8640.000
G1 X122.350 Y109.760 E-0.47500
;WIPE_END
G1 E-0.02500 F2400.000
G1 Z10.050 F10800.000
G1 X118.772 Y107.571
G1 Z9.650
G1 E0.50000 F2400.000
;TYPE:Solid infill
;WIDTH:0.796686
G1 F2099
G1 X114.657 Y111.686 E0.76224
;WIPE_START
G1 F8640.000
G1 X115.930 Y110.413 E-0.47500
;WIPE_END
G1 E-0.02500 F2400.000
G1 Z10.050 F10800.000
G1 X115.654 Y112.598
G1 Z9.650
G1 E0.50000 F2400.000
;TYPE:Internal infill
;WIDTH:0.68
G1 F2099
G1 X115.408 Y112.299 E0.04224
G1 X115.220 Y112.031 E0.03573
G1 X116.074 Y111.177 E0.13184
G1 X121.387 Y116.490 E0.82009
G1 X121.674 Y116.580 E0.03284
G1 X133.674 Y113.364 E1.35605
G1 X133.767 Y113.273 E0.01421
G1 X133.871 Y113.154 E0.01729
G1 X136.762 Y102.364 E1.21924
G1 X136.702 Y102.101 E0.02948
G1 X130.926 Y96.325 E0.89158
G1 X129.158 Y98.093 E0.27288
;WIPE_START
G1 F8640.000
G1 X130.431 Y96.820 E-0.47500
;WIPE_END
G1 E-0.02500 F2400.000
G1 Z10.050 F10800.000
G1 X127.573 Y98.771
G1 Z9.650
G1 E0.50000 F2400.000
;TYPE:Solid infill
;WIDTH:0.796686
G1 F2099
G1 X131.683 Y94.661 E0.76134
;WIPE_START
G1 F8640.000
G1 X130.410 Y95.934 E-0.47500
;WIPE_END
G1 E-0.02500 F2400.000
G1 Z10.050 F10800.000
G1 X136.896 Y106.907
G1 Z9.650
G1 E0.50000 F2400.000
;TYPE:Internal infill
;WIDTH:0.68
G1 F2099
G1 X136.937 Y106.678 E0.02540
G1 X137.031 Y105.754 E0.10141
G1 X137.044 Y105.213 E0.05906
G1 X132.569 Y106.412 E0.50575
G1 X132.311 Y105.451 E0.10861
G1 X134.438 Y97.514 E0.89689
G1 X134.733 Y97.888 E0.05200
G1 X135.132 Y98.477 E0.07769
G1 X130.757 Y99.650 E0.49448
G1 X130.671 Y99.329 E0.03620
G1 X130.350 Y99.243 E0.03620
G1 X131.208 Y96.043 E0.36162
G1 X131.397 Y95.854 E0.02924
G1 X132.496 Y95.560 E0.12415
G1 X133.204 Y96.166 E0.10173
G1 X133.511 Y96.462 E0.04663
G1 X134.257 Y97.286 E0.12123
;WIPE_START
G1 F8640.000
G1 X133.511 Y96.462 E-0.29308
G1 X133.204 Y96.166 E-0.11272
G1 X133.004 Y95.995 E-0.06920
;WIPE_END
G1 E-0.02500 F2400.000
G1 Z10.050 F10800.000
G1 X135.670 Y99.391
G1 Z9.650
G1 E0.50000 F2400.000
G1 F2099
G1 X136.067 Y100.223 E0.10067
G1 X136.428 Y101.162 E0.10982
G1 X136.589 Y101.711 E0.06238
G1 X131.663 Y103.031 E0.55666
G1 X131.290 Y101.640 E0.15719
G1 X136.844 Y107.194 E0.85741
G1 X136.669 Y108.026 E0.09281
G1 X136.361 Y109.020 E0.11357
G1 X128.766 Y111.055 E0.85830
G1 X129.785 Y110.036 E0.15734
G1 X133.391 Y113.642 E0.55663
G1 X133.104 Y113.924 E0.04389
G1 X132.378 Y114.533 E0.10346
G1 X132.034 Y114.790 E0.04687
G1 X131.433 Y115.188 E0.07866
;WIPE_START
G1 F8640.000
G1 X132.034 Y114.790 E-0.19018
G1 X132.378 Y114.533 E-0.11331
G1 X132.876 Y114.115 E-0.17152
;WIPE_END
G1 E-0.02500 F2400.000
G1 Z10.050 F10800.000
G1 X134.108 Y112.883
G1 Z9.650
G1 E0.50000 F2400.000
G1 F2099
G1 X134.652 Y112.222 E0.09346
G1 X135.189 Y111.441 E0.10346
G1 X135.538 Y110.839 E0.07592
G1 X132.260 Y107.561 E0.50602
G1 X131.558 Y108.263 E0.10846
G1 X129.430 Y116.205 E0.89739
M73 P45 R10
G1 X129.996 Y115.970 E0.06691
G1 X130.510 Y115.711 E0.06278
G1 X127.310 Y112.511 E0.49397
G1 X127.076 Y112.745 E0.03605
G1 X126.756 Y112.659 E0.03620
G1 X125.583 Y117.037 E0.49476
M73 Q45 S10
G1 X126.449 Y116.966 E0.09492
G1 X126.763 Y116.916 E0.03475
G1 X120.952 Y111.104 E0.89716
G1 X119.993 Y110.847 E0.10831
G1 X118.792 Y115.329 E0.50643
G1 X118.076 Y114.866 E0.09305
G1 X117.398 Y114.350 E0.09302
;WIPE_START
G1 F8640.000
G1 X118.076 Y114.866 E-0.22488
G1 X118.792 Y115.329 E-0.22495
G1 X118.817 Y115.236 E-0.02517
;WIPE_END
G1 E-0.02500 F2400.000
G1 Z10.050 F10800.000
G1 X116.782 Y110.469
G1 Z9.650
G1 E0.50000 F2400.000
G1 F2099
G1 X118.549 Y108.702 E0.27288
G1 X118.896 Y109.048 E0.05353
G1 X119.153 Y110.007 E0.10831
G1 X116.546 Y110.706 E0.29465
G1 X116.356 Y110.895 E0.02924
G1 X115.840 Y112.823 E0.21785
G1 X116.314 Y113.358 E0.07802
G1 X116.629 Y113.673 E0.04867
G1 X117.176 Y114.161 E0.08001
G1 X124.768 Y112.126 E0.85789
G1 X123.374 Y111.753 E0.15749
G1 X122.053 Y116.686 E0.55747
G1 X122.833 Y116.856 E0.08723
G1 X123.680 Y116.981 E0.09338
G1 X124.523 Y117.043 E0.09225
; stop printing object C:/Users/orcas/AppData/Local/Temp/Neutron/Body1.stl id:0 copy 0
;LAYER_CHANGE
;Z:10.1
;HEIGHT:0.450001
;BEFORE_LAYER_CHANGE
G92 E0.0
;10.1


;WIPE_START
G1 F8640.000
G1 X123.680 Y116.981 E-0.22302
G1 X122.833 Y116.856 E-0.22576
G1 X122.736 Y116.835 E-0.02622
;WIPE_END
G1 E-0.02500 F2400.000
G1 Z10.050 F10800.000
G1 Z10.100
;AFTER_LAYER_CHANGE
;10.1
; printing object C:/Users/orcas/AppData/Local/Temp/Neutron/Body1.stl id:0 copy 0
G1 Z10.500
G1 X119.688 Y110.312
G1 Z10.100
G1 E0.50000 F2400.000
M204 S800
;TYPE:Perimeter
G1 F2034
G1 X126.945 Y112.257 E0.82012
G1 X132.258 Y106.944 E0.82012
G1 X130.313 Y99.687 E0.82012
G1 X126.951 Y98.785 E0.38002
G1 X131.435 Y94.301 E0.69219
G1 X131.978 Y94.638 E0.06979
G1 X132.767 Y95.215 E0.10668
G1 X133.117 Y95.502 E0.04939
G1 X133.845 Y96.176 E0.10827
G1 X134.158 Y96.502 E0.04939
M73 Q46 S10
G1 X134.804 Y97.255 E0.10827
G1 X135.078 Y97.617 E0.04953
G1 X135.585 Y98.367 E0.09883
G1 X136.092 Y99.251 E0.11121
G1 X136.507 Y100.136 E0.10668
G1 X136.852 Y101.050 E0.10668
G1 X136.988 Y101.482 E0.04939
G1 X137.226 Y102.430 E0.10668
G1 X137.390 Y103.393 E0.10668
G1 X137.441 Y103.857 E0.05097
G1 X137.475 Y104.324 E0.05112
G1 X137.490 Y105.230 E0.09883
G1 X137.430 Y106.261 E0.11279
G1 X137.373 Y106.725 E0.05098
G1 X137.200 Y107.687 E0.10668
G1 X136.953 Y108.632 E0.10668
G1 X136.814 Y109.063 E0.04939
G1 X136.460 Y109.974 E0.10668
G1 X136.042 Y110.842 E0.10510
G1 X135.552 Y111.687 E0.10668
G1 X135.303 Y112.065 E0.04946
G1 X134.719 Y112.848 E0.10661
G1 X134.076 Y113.584 E0.10668
G1 X133.749 Y113.918 E0.05097
M73 P46 R10
G1 X133.408 Y114.239 E0.05112
G1 X132.716 Y114.823 E0.09883
G1 X132.272 Y115.158 E0.06072
G1 X131.891 Y115.420 E0.05052
G1 X131.042 Y115.934 E0.10827
G1 X130.642 Y116.146 E0.04939
G1 X129.752 Y116.553 E0.10683
G1 X128.916 Y116.861 E0.09725
G1 X128.399 Y117.021 E0.05913
G1 X127.451 Y117.249 E0.10637
G1 X126.572 Y117.391 E0.09725
G1 X126.033 Y117.449 E0.05913
G1 X125.046 Y117.492 E0.10781
G1 X124.594 Y117.485 E0.04939
G1 X123.619 Y117.415 E0.10668
G1 X122.667 Y117.271 E0.10509
G1 X121.715 Y117.052 E0.10668
G1 X121.280 Y116.925 E0.04939
G1 X120.360 Y116.597 E0.10668
G1 X119.480 Y116.205 E0.10510
G1 X118.632 Y115.746 E0.10524
G1 X117.883 Y115.264 E0.09725
G1 X117.444 Y114.947 E0.05913
G1 X116.693 Y114.328 E0.10623
G1 X115.998 Y113.660 E0.10524
G1 X115.404 Y112.995 E0.09725
G1 X115.066 Y112.573 E0.05913
G1 X114.507 Y111.776 E0.10623
G1 X114.303 Y111.433 E0.04354
G1 X118.787 Y106.949 E0.69211
G1 X119.665 Y110.225 E0.37020
M204 S1000
G1 X120.164 Y109.836 F10800.000
M204 S800
G1 F2034
G1 X126.771 Y111.606 E0.74658
G1 X131.607 Y106.770 E0.74658
G1 X129.837 Y100.163 E0.74658
G1 X125.823 Y99.087 E0.45356
G1 X131.344 Y93.567 E0.85221
G1 X132.304 Y94.153 E0.12283
G1 X133.125 Y94.753 E0.11098
G1 X133.501 Y95.063 E0.05307
G1 X134.253 Y95.759 E0.11195
G1 X134.590 Y96.110 E0.05307
G1 X135.258 Y96.889 E0.11195
G1 X135.553 Y97.276 E0.05316
G1 X136.078 Y98.053 E0.10234
G1 X136.613 Y98.988 E0.11758
G1 X137.045 Y99.908 E0.11098
G1 X137.404 Y100.859 E0.11098
G1 X137.550 Y101.323 E0.05307
G1 X137.797 Y102.309 E0.11098
G1 X137.968 Y103.312 E0.11098
G1 X138.022 Y103.804 E0.05404
G1 X138.058 Y104.299 E0.05413
G1 X138.073 Y105.236 E0.10234
G1 X138.010 Y106.320 E0.11855
G1 X137.951 Y106.812 E0.05404
G1 X137.770 Y107.812 E0.11098
G1 X137.514 Y108.796 E0.11098
G1 X137.364 Y109.259 E0.05307
G1 X136.995 Y110.206 E0.11098
G1 X136.558 Y111.115 E0.11001
G1 X136.049 Y111.994 E0.11098
G1 X135.781 Y112.401 E0.05314
G1 X135.173 Y113.215 E0.11091
G1 X134.504 Y113.981 E0.11098
G1 X134.158 Y114.334 E0.05404
G1 X133.797 Y114.675 E0.05413
G1 X133.080 Y115.279 E0.10234
G1 X132.613 Y115.631 E0.06384
G1 X132.207 Y115.910 E0.05376
G1 X131.330 Y116.442 E0.11195
G1 X130.900 Y116.669 E0.05307
G1 X129.975 Y117.092 E0.11107
G1 X129.103 Y117.414 E0.10137
G1 X128.553 Y117.584 E0.06287
G1 X127.566 Y117.821 E0.11079
G1 X126.650 Y117.970 E0.10137
G1 X126.077 Y118.031 E0.06287
G1 X125.055 Y118.075 E0.11167
G1 X124.569 Y118.068 E0.05307
G1 X123.555 Y117.995 E0.11098
G1 X122.558 Y117.845 E0.11001
G1 X121.567 Y117.617 E0.11098
G1 X121.100 Y117.480 E0.05307
G1 X120.143 Y117.139 E0.11098
G1 X119.222 Y116.729 E0.11001
G1 X118.335 Y116.249 E0.11010
G1 X117.554 Y115.746 E0.10137
G1 X117.087 Y115.409 E0.06287
G1 X116.304 Y114.764 E0.11070
G1 X115.578 Y114.065 E0.11010
G1 X114.959 Y113.372 E0.10137
G1 X114.599 Y112.923 E0.06287
G1 X114.016 Y112.093 E0.11070
G1 X113.570 Y111.341 E0.09544
G1 X119.089 Y105.822 E0.85185
G1 X120.141 Y109.749 E0.44373
M204 S1000
G1 X120.641 Y109.359 F10800.000
M204 S800
;TYPE:External perimeter
G1 F2034
G1 X126.597 Y110.955 E0.67305
G1 X130.957 Y106.595 E0.67305
G1 X129.361 Y100.639 E0.67305
G1 X124.696 Y99.389 E0.52709
G1 X131.018 Y93.068 E0.97587
G1 X129.791 Y92.549 E0.14539
G1 X128.873 Y92.234 E0.10598
G1 X127.925 Y91.984 E0.10700
G1 X127.228 Y91.846 E0.07759
G1 X126.308 Y91.723 E0.10130
G1 X125.526 Y91.675 E0.08553
G1 X126.418 Y91.415 E0.10146
G1 X126.583 Y91.432 E0.01806
G1 X127.273 Y91.530 E0.07606
G1 X127.925 Y91.656 E0.07252
G1 X128.644 Y91.835 E0.08091
G1 X129.336 Y92.046 E0.07888
G1 X129.829 Y92.221 E0.05718
G1 X130.462 Y92.481 E0.07471
G1 X131.275 Y92.866 E0.09811
G1 X131.732 Y93.113 E0.05678
G1 X132.631 Y93.669 E0.11533
G1 X133.483 Y94.292 E0.11528
G1 X133.885 Y94.623 E0.05676
G1 X134.662 Y95.343 E0.11564
G1 X135.022 Y95.717 E0.05676
G1 X135.712 Y96.522 E0.11564
G1 X136.027 Y96.936 E0.05679
G1 X136.570 Y97.739 E0.10585
G1 X137.134 Y98.725 E0.12395
G1 X137.583 Y99.681 E0.11528
G1 X137.956 Y100.669 E0.11528
G1 X138.111 Y101.165 E0.05676
G1 X138.368 Y102.189 E0.11528
G1 X138.546 Y103.231 E0.11528
G1 X138.603 Y103.751 E0.05711
G1 X138.641 Y104.273 E0.05715
G1 X138.657 Y105.242 E0.10585
G1 X138.591 Y106.379 E0.12431
G1 X138.528 Y106.899 E0.05711
G1 X138.341 Y107.938 E0.11528
G1 X138.074 Y108.960 E0.11528
G1 X137.914 Y109.455 E0.05676
G1 X137.531 Y110.439 E0.11528
G1 X137.075 Y111.388 E0.11492
G1 X136.545 Y112.301 E0.11528
G1 X136.258 Y112.736 E0.05683
G1 X135.627 Y113.582 E0.11520
G1 X134.933 Y114.377 E0.11528
G1 X134.566 Y114.751 E0.05711
G1 X134.185 Y115.110 E0.05715
G1 X133.444 Y115.735 E0.10585
G1 X132.954 Y116.105 E0.06697
G1 X132.524 Y116.401 E0.05701
G1 X131.618 Y116.950 E0.11564
G1 X131.158 Y117.193 E0.05676
G1 X130.197 Y117.632 E0.11531
G1 X129.291 Y117.967 E0.10549
G1 X128.708 Y118.147 E0.06661
G1 X127.681 Y118.393 E0.11521
G1 X126.727 Y118.548 E0.10549
G1 X126.121 Y118.613 E0.06661
G1 X125.063 Y118.659 E0.11553
G1 X124.543 Y118.652 E0.05676
G1 X123.490 Y118.575 E0.11528
G1 X122.449 Y118.419 E0.11492
G1 X121.420 Y118.181 E0.11528
G1 X120.921 Y118.036 E0.05676
G1 X119.926 Y117.681 E0.11528
G1 X118.964 Y117.253 E0.11492
G1 X118.038 Y116.751 E0.11495
G1 X117.225 Y116.229 E0.10549
G1 X116.731 Y115.871 E0.06661
G1 X115.916 Y115.200 E0.11517
G1 X115.157 Y114.470 E0.11495
G1 X114.513 Y113.750 E0.10549
G1 X114.132 Y113.273 E0.06661
G1 X113.526 Y112.410 E0.11517
G1 X112.989 Y111.504 E0.11492
G1 X112.524 Y110.559 E0.11492
G1 X112.131 Y109.578 E0.11532
G1 X111.824 Y108.599 E0.11208
G1 X111.590 Y107.598 E0.11213
G1 X111.479 Y106.936 E0.07336
G1 X111.417 Y106.414 E0.05737
G1 X111.676 Y105.508 E0.10281
G1 X111.725 Y106.307 E0.08739
G1 X111.857 Y107.280 E0.10719
G1 X112.060 Y108.239 E0.10701
G1 X112.254 Y108.932 E0.07858
G1 X112.554 Y109.800 E0.10022
G1 X113.069 Y111.017 E0.14421
G1 X119.391 Y104.695 E0.97584
G1 X120.617 Y109.273 E0.51727
M204 S1000
G1 X120.886 Y109.907 F10800.000
;WIPE_START
G1 F8640.000
G1 X122.350 Y109.760 E-0.47500
;WIPE_END
G1 E-0.02500 F2400.000
G1 Z10.500 F10800.000
G1 X118.761 Y108.672
G1 Z10.100
G1 E0.50000 F2400.000
;TYPE:Solid infill
;WIDTH:0.705258
G1 F2034
G1 X118.222 Y108.133 E0.08688
G1 X117.791 Y108.563 E0.06932
G1 X118.145 Y108.917 E0.05698
G1 X117.715 Y109.348 E0.06932
G1 X117.361 Y108.994 E0.05698
G1 X116.931 Y109.424 E0.06932
G1 X117.284 Y109.778 E0.05698
G1 X116.854 Y110.208 E0.06932
G1 X116.500 Y109.855 E0.05698
G1 X116.070 Y110.285 E0.06932
G1 X116.424 Y110.639 E0.05698
G1 X115.993 Y111.069 E0.06932
G1 X115.639 Y110.715 E0.05698
G1 X115.209 Y111.146 E0.06932
G1 X115.748 Y111.685 E0.08688
G1 X116.411 Y111.476 F10800.000
;TYPE:Internal infill
;WIDTH:0.68
G1 F2034
G1 X115.673 Y112.214 E0.11390
G1 X115.589 Y112.527 E0.03532
G1 X116.313 Y113.356 E0.12012
G1 X116.984 Y114.001 E0.10160
G1 X117.254 Y114.224 E0.03816
;WIPE_START
G1 F8640.000
G1 X116.984 Y114.001 E-0.09226
G1 X116.313 Y113.356 E-0.24563
G1 X115.971 Y112.964 E-0.13711
;WIPE_END
G1 E-0.02500 F2400.000
G1 Z10.500 F10800.000
G1 X128.674 Y98.760
G1 Z10.100
G1 E0.50000 F2400.000
;TYPE:Solid infill
;WIDTH:0.705249
G1 F2034
G1 X128.134 Y98.221 E0.08688
G1 X128.565 Y97.790 E0.06931
G1 X128.918 Y98.144 E0.05698
G1 X129.349 Y97.714 E0.06931
G1 X128.995 Y97.360 E0.05698
G1 X129.425 Y96.929 E0.06931
G1 X129.779 Y97.283 E0.05698
G1 X130.210 Y96.853 E0.06931
G1 X129.856 Y96.499 E0.05698
G1 X130.286 Y96.069 E0.06931
G1 X130.640 Y96.422 E0.05698
G1 X131.070 Y95.992 E0.06931
G1 X130.717 Y95.638 E0.05698
G1 X131.147 Y95.208 E0.06931
G1 X131.686 Y95.747 E0.08688
G1 X131.263 Y96.625 F10800.000
;TYPE:Internal infill
;WIDTH:0.68
G1 F2034
G1 X130.525 Y97.363 E0.11390
G1 X130.043 Y99.161 E0.20323
G1 X129.005 Y98.883 E0.11733
G1 X130.012 Y97.875 E0.15555
;WIPE_START
G1 F8640.000
G1 X129.005 Y98.883 E-0.37605
G1 X129.367 Y98.980 E-0.09895
;WIPE_END
G1 E-0.02500 F2400.000
G1 Z10.500 F10800.000
G1 X134.000 Y96.990
G1 Z10.100
G1 E0.50000 F2400.000
G1 F2034
G1 X133.538 Y96.489 E0.07438
G1 X132.799 Y95.808 E0.10966
G1 X131.817 Y96.071 E0.11105
G1 X131.469 Y96.418 E0.05364
G1 X136.528 Y101.477 E0.78091
G1 X136.601 Y101.737 E0.02949
G1 X133.413 Y113.633 E1.34421
M73 Q47 S10
G1 X133.220 Y113.815 E0.02901
G1 X122.307 Y116.739 E1.23325
G1 X122.749 Y116.841 E0.04951
G1 X123.668 Y116.980 E0.10141
M73 P47 R10
G1 X124.613 Y117.048 E0.10346
G1 X125.251 Y117.045 E0.06966
G1 X126.448 Y112.577 E0.50494
G1 X125.383 Y112.291 E0.12041
G1 X117.479 Y114.409 E0.89316
G1 X118.130 Y114.903 E0.08915
G1 X118.511 Y115.148 E0.04952
G1 X119.686 Y110.765 E0.49534
G1 X119.331 Y110.669 E0.04014
G1 X119.235 Y110.314 E0.04014
G1 X116.965 Y110.923 E0.25658
G1 X116.617 Y111.270 E0.05364
G1 X122.021 Y116.674 E0.83409
G1 X121.745 Y116.605 E0.03102
G1 X123.067 Y111.671 E0.55760
G1 X121.566 Y111.269 E0.16959
G1 X127.152 Y116.854 E0.86220
G1 X127.365 Y116.819 E0.02357
G1 X128.283 Y116.599 E0.10306
G1 X128.790 Y116.441 E0.05800
;WIPE_START
G1 F8640.000
G1 X128.283 Y116.599 E-0.14022
G1 X127.365 Y116.819 E-0.24915
G1 X127.152 Y116.854 E-0.05697
G1 X127.075 Y116.777 E-0.02865
;WIPE_END
G1 E-0.02500 F2400.000
G1 Z10.500 F10800.000
G1 X135.173 Y111.468
G1 Z10.100
G1 E0.50000 F2400.000
G1 F2034
G1 X134.945 Y111.814 E0.04529
G1 X134.378 Y112.573 E0.10339
G1 X133.622 Y113.423 E0.12417
G1 X130.010 Y109.811 E0.55753
G1 X131.108 Y108.713 E0.16944
G1 X129.064 Y116.340 E0.86184
G1 X129.585 Y116.148 E0.06064
G1 X130.449 Y115.753 E0.10365
G1 X130.810 Y115.562 E0.04462
G1 X127.535 Y112.286 E0.50561
G1 X128.316 Y111.505 E0.12056
G1 X136.218 Y109.388 E0.89299
G1 X136.058 Y109.799 E0.04820
G1 X135.698 Y110.548 E0.09071
G1 X132.485 Y107.336 E0.49592
G1 X132.746 Y107.075 E0.04029
G1 X132.651 Y106.720 E0.04014
G1 X137.033 Y105.545 E0.49518
G1 X136.994 Y106.222 E0.07400
G1 X136.913 Y106.813 E0.06508
G1 X131.125 Y101.025 E0.89344
G1 X130.839 Y99.957 E0.12071
G1 X135.306 Y98.760 E0.50484
G1 X134.723 Y97.872 E0.11601
G1 X134.190 Y97.211 E0.09265
G1 X132.146 Y104.836 E0.86166
G1 X131.745 Y103.338 E0.16929
G1 X136.671 Y102.018 E0.55668
G1 X136.797 Y102.520 E0.05642
G1 X136.956 Y103.454 E0.10346
G1 X137.005 Y103.897 E0.04867
G1 X137.040 Y104.485 E0.06431
; stop printing object C:/Users/orcas/AppData/Local/Temp/Neutron/Body1.stl id:0 copy 0
;LAYER_CHANGE
;Z:10.55
;HEIGHT:0.45
;BEFORE_LAYER_CHANGE
G92 E0.0
;10.55


;WIPE_START
G1 F8640.000
G1 X137.005 Y103.897 E-0.15548
G1 X136.956 Y103.454 E-0.11767
G1 X136.828 Y102.700 E-0.20185
;WIPE_END
G1 E-0.02500 F2400.000
G1 Z10.500 F10800.000
G1 Z10.550
;AFTER_LAYER_CHANGE
;10.55
; printing object C:/Users/orcas/AppData/Local/Temp/Neutron/Body1.stl id:0 copy 0
G1 Z10.950
G1 X119.688 Y110.312
G1 Z10.550
G1 E0.50000 F2400.000
M204 S800
;TYPE:Perimeter
G1 F1924
G1 X126.945 Y112.257 E0.82012
G1 X132.258 Y106.944 E0.82012
G1 X130.313 Y99.687 E0.82012
G1 X127.452 Y98.920 E0.32330
G1 X131.831 Y94.542 E0.67587
G1 X132.704 Y95.167 E0.11727
G1 X133.489 Y95.834 E0.11239
G1 X134.168 Y96.513 E0.10481
G1 X134.804 Y97.255 E0.10668
G1 X135.078 Y97.615 E0.04939
G1 X135.632 Y98.438 E0.10827
G1 X135.862 Y98.828 E0.04939
G1 X136.318 Y99.709 E0.10827
G1 X136.502 Y100.123 E0.04950
G1 X136.826 Y100.976 E0.09956
G1 X137.122 Y101.977 E0.11397
G1 X137.223 Y102.415 E0.04911
G1 X137.387 Y103.379 E0.10668
G1 X137.476 Y104.352 E0.10668
G1 X137.492 Y104.805 E0.04950
G1 X137.471 Y105.717 E0.09956
G1 X137.370 Y106.742 E0.11239
G1 X137.198 Y107.701 E0.10640
G1 X137.092 Y108.141 E0.04939
G1 X136.804 Y109.090 E0.10827
G1 X136.648 Y109.516 E0.04950
G1 X136.286 Y110.353 E0.09956
G1 X135.808 Y111.265 E0.11238
G1 X135.294 Y112.077 E0.10489
G1 X134.710 Y112.860 E0.10661
G1 X134.410 Y113.218 E0.05098
G1 X134.095 Y113.564 E0.05108
G1 X133.445 Y114.204 E0.09956
G1 X132.658 Y114.869 E0.11249
G1 X131.919 Y115.400 E0.09935
G1 X131.481 Y115.680 E0.05669
G1 X130.629 Y116.152 E0.10633
G1 X129.740 Y116.558 E0.10668
G1 X129.305 Y116.727 E0.05097
G1 X128.863 Y116.880 E0.05108
G1 X127.985 Y117.129 E0.09956
G1 X126.962 Y117.337 E0.11397
G1 X126.516 Y117.400 E0.04911
G1 X125.542 Y117.480 E0.10668
G1 X124.579 Y117.484 E0.10510
G1 X123.605 Y117.414 E0.10668
G1 X123.156 Y117.355 E0.04939
G1 X122.196 Y117.172 E0.10668
G1 X121.267 Y116.920 E0.10509
G1 X120.346 Y116.592 E0.10668
G1 X119.928 Y116.416 E0.04950
G1 X119.109 Y116.014 E0.09956
G1 X118.222 Y115.492 E0.11239
G1 X117.436 Y114.940 E0.10481
G1 X116.693 Y114.328 E0.10509
G1 X115.999 Y113.661 E0.10509
G1 X115.359 Y112.942 E0.10509
G1 X114.775 Y112.175 E0.10510
G1 X114.548 Y111.824 E0.04567
G1 X118.921 Y107.451 E0.67500
G1 X119.665 Y110.225 E0.31348
M204 S1000
G1 X120.164 Y109.836 F10800.000
M204 S800
G1 F1924
G1 X126.771 Y111.606 E0.74658
G1 X131.607 Y106.770 E0.74658
G1 X129.837 Y100.163 E0.74658
G1 X126.325 Y99.222 E0.39684
G1 X131.747 Y93.800 E0.83694
G1 X132.298 Y94.149 E0.07112
G1 X133.066 Y94.708 E0.10374
G1 X133.885 Y95.405 E0.11734
G1 X134.596 Y96.116 E0.10983
G1 X135.258 Y96.889 E0.11098
G1 X135.552 Y97.276 E0.05307
G1 X136.125 Y98.126 E0.11195
G1 X136.373 Y98.545 E0.05307
G1 X136.844 Y99.456 E0.11195
G1 X137.042 Y99.900 E0.05314
G1 X137.379 Y100.789 E0.10374
G1 X137.687 Y101.828 E0.11831
G1 X137.795 Y102.301 E0.05290
G1 X137.966 Y103.303 E0.11098
G1 X138.059 Y104.315 E0.11098
G1 X138.075 Y104.802 E0.05314
G1 X138.054 Y105.752 E0.10374
G1 X137.949 Y106.822 E0.11734
G1 X137.769 Y107.821 E0.11081
G1 X137.655 Y108.294 E0.05307
G1 X137.358 Y109.276 E0.11195
G1 X137.190 Y109.733 E0.05314
G1 X136.813 Y110.605 E0.10374
G1 X136.313 Y111.557 E0.11734
G1 X135.775 Y112.408 E0.10991
G1 X135.168 Y113.222 E0.11090
G1 X134.849 Y113.601 E0.05405
G1 X134.516 Y113.968 E0.05411
G1 X133.838 Y114.635 E0.10374
G1 X133.017 Y115.330 E0.11740
G1 X132.246 Y115.883 E0.10362
G1 X131.780 Y116.181 E0.06041
G1 X130.892 Y116.673 E0.11076
G1 X129.967 Y117.096 E0.11098
G1 X129.037 Y117.437 E0.10813
G1 X128.123 Y117.696 E0.10374
G1 X127.061 Y117.912 E0.11831
G1 X126.581 Y117.980 E0.05290
G1 X125.568 Y118.063 E0.11098
G1 X124.560 Y118.068 E0.11001
G1 X123.546 Y117.994 E0.11098
G1 X123.064 Y117.931 E0.05307
G1 X122.065 Y117.741 E0.11098
G1 X121.092 Y117.477 E0.11001
G1 X120.134 Y117.136 E0.11098
G1 X119.686 Y116.947 E0.05314
G1 X118.833 Y116.528 E0.10374
G1 X117.906 Y115.983 E0.11734
G1 X117.082 Y115.405 E0.10983
G1 X116.304 Y114.764 E0.11001
G1 X115.578 Y114.065 E0.11001
G1 X114.908 Y113.313 E0.11001
G1 X114.298 Y112.511 E0.11001
G1 X113.803 Y111.745 E0.09956
G1 X119.223 Y106.324 E0.83674
M73 Q48 S10
G1 X120.141 Y109.749 E0.38701
M204 S1000
G1 X120.641 Y109.359 F10800.000
M204 S800
;TYPE:External perimeter
G1 F1924
G1 X126.597 Y110.955 E0.67305
G1 X130.957 Y106.595 E0.67305
M73 P48 R10
G1 X129.361 Y100.639 E0.67305
G1 X125.198 Y99.524 E0.47037
G1 X131.437 Y93.286 E0.96299
G1 X130.162 Y92.698 E0.15315
G1 X129.493 Y92.438 E0.07835
G1 X128.559 Y92.142 E0.10696
G1 X127.680 Y91.931 E0.09868
G1 X126.957 Y91.803 E0.08020
G1 X126.123 Y91.711 E0.09159
G1 X126.994 Y91.488 E0.09819
G1 X127.619 Y91.593 E0.06918
G1 X128.280 Y91.739 E0.07389
G1 X128.916 Y91.913 E0.07195
G1 X129.629 Y92.149 E0.08199
G1 X130.321 Y92.418 E0.08103
G1 X130.797 Y92.630 E0.05694
G1 X131.738 Y93.116 E0.11558
G1 X132.188 Y93.383 E0.05717
G1 X132.628 Y93.667 E0.05714
G1 X133.427 Y94.250 E0.10793
G1 X134.281 Y94.976 E0.12229
G1 X135.025 Y95.720 E0.11486
G1 X135.712 Y96.522 E0.11528
G1 X136.027 Y96.936 E0.05676
G1 X136.618 Y97.814 E0.11564
G1 X136.883 Y98.262 E0.05676
G1 X137.370 Y99.203 E0.11564
G1 X137.581 Y99.678 E0.05678
G1 X137.932 Y100.603 E0.10793
G1 X138.251 Y101.680 E0.12265
G1 X138.368 Y102.186 E0.05669
G1 X138.545 Y103.227 E0.11528
G1 X138.642 Y104.279 E0.11528
G1 X138.659 Y104.799 E0.05678
G1 X138.637 Y105.787 E0.10793
G1 X138.527 Y106.902 E0.12229
G1 X138.340 Y107.941 E0.11521
G1 X138.218 Y108.447 E0.05676
G1 X137.911 Y109.461 E0.11564
G1 X137.732 Y109.949 E0.05678
G1 X137.340 Y110.857 E0.10793
G1 X136.819 Y111.849 E0.12229
G1 X136.256 Y112.739 E0.11493
G1 X135.625 Y113.585 E0.11520
G1 X135.289 Y113.985 E0.05711
G1 X134.937 Y114.373 E0.05714
G1 X134.232 Y115.066 E0.10793
G1 X133.376 Y115.790 E0.12232
G1 X132.574 Y116.367 E0.10789
G1 X132.078 Y116.683 E0.06414
G1 X131.155 Y117.194 E0.11520
G1 X130.195 Y117.633 E0.11528
G1 X129.212 Y117.994 E0.11423
G1 X128.261 Y118.263 E0.10793
G1 X127.160 Y118.488 E0.12265
G1 X126.645 Y118.560 E0.05669
G1 X125.593 Y118.646 E0.11528
G1 X124.540 Y118.651 E0.11492
G1 X123.487 Y118.575 E0.11528
G1 X122.971 Y118.508 E0.05676
G1 X121.934 Y118.310 E0.11528
G1 X120.918 Y118.035 E0.11492
G1 X119.923 Y117.680 E0.11528
G1 X119.443 Y117.478 E0.05678
G1 X118.556 Y117.042 E0.10793
G1 X117.590 Y116.474 E0.12229
G1 X116.729 Y115.870 E0.11486
G1 X115.916 Y115.200 E0.11492
G1 X115.157 Y114.470 E0.11492
G1 X114.457 Y113.684 E0.11492
G1 X113.820 Y112.846 E0.11492
G1 X113.248 Y111.962 E0.11492
G1 X112.747 Y111.036 E0.11492
G1 X112.319 Y110.074 E0.11492
G1 X111.966 Y109.083 E0.11484
G1 X111.664 Y107.950 E0.12798
G1 X111.489 Y106.988 E0.10678
G1 X111.712 Y106.121 E0.09770
G1 X111.789 Y106.841 E0.07911
G1 X111.917 Y107.602 E0.08420
G1 X112.101 Y108.398 E0.08919
G1 X112.334 Y109.185 E0.08954
G1 X112.676 Y110.104 E0.10710
G1 X113.286 Y111.436 E0.15989
G1 X119.525 Y105.197 E0.96311
G1 X120.617 Y109.273 E0.46055
M204 S1000
G1 X120.897 Y109.902 F10800.000
;WIPE_START
G1 F8640.000
G1 X122.350 Y109.760 E-0.47500
;WIPE_END
G1 E-0.02500 F2400.000
G1 Z10.950 F10800.000
G1 X119.041 Y108.575
G1 Z10.550
G1 E0.50000 F2400.000
;TYPE:Solid infill
;WIDTH:0.796686
G1 F1924
G1 X115.188 Y112.428 E0.71378
;WIPE_START
G1 F8640.000
G1 X116.461 Y111.156 E-0.47500
;WIPE_END
G1 E-0.02500 F2400.000
G1 Z10.950 F10800.000
G1 X119.148 Y115.529
G1 Z10.550
G1 E0.50000 F2400.000
;TYPE:Internal infill
;WIDTH:0.68
G1 F1924
G1 X120.110 Y116.018 E0.11781
G1 X120.505 Y116.184 E0.04676
G1 X121.440 Y116.514 E0.10824
G1 X122.760 Y111.588 E0.55661
G1 X122.181 Y111.433 E0.06539
G1 X127.524 Y116.776 E0.82473
G1 X127.882 Y116.703 E0.03986
G1 X128.699 Y116.471 E0.09278
G1 X130.658 Y109.163 E0.82584
G1 X130.235 Y109.586 E0.06524
G1 X133.841 Y113.193 E0.55673
G1 X134.367 Y112.588 E0.08742
G1 X134.933 Y111.829 E0.10338
G1 X135.335 Y111.194 E0.08206
;WIPE_START
G1 F8640.000
G1 X134.933 Y111.829 E-0.19839
G1 X134.367 Y112.588 E-0.24994
G1 X134.301 Y112.664 E-0.02666
;WIPE_END
G1 E-0.02500 F2400.000
G1 Z10.950 F10800.000
G1 X137.054 Y104.803
G1 Z10.550
G1 E0.50000 F2400.000
G1 F1924
G1 X137.040 Y104.379 E0.04631
G1 X136.953 Y103.436 E0.10346
G1 X136.753 Y102.326 E0.12309
G1 X131.827 Y103.646 E0.55666
G1 X131.982 Y104.222 E0.06509
G1 X133.939 Y96.918 E0.82530
G1 X133.081 Y96.062 E0.13232
G1 X132.236 Y96.288 E0.09548
G1 X132.012 Y96.512 E0.03452
G1 X136.285 Y100.785 E0.65962
G1 X136.425 Y101.164 E0.04409
G1 X132.979 Y114.025 E1.45331
G1 X132.659 Y114.295 E0.04569
G1 X123.007 Y116.881 E1.09077
G1 X122.601 Y116.804 E0.04507
G1 X117.161 Y111.363 E0.83986
G1 X117.384 Y111.140 E0.03452
G1 X119.318 Y110.622 E0.21850
G1 X119.331 Y110.669 E0.00540
G1 X119.378 Y110.682 E0.00540
G1 X118.231 Y114.964 E0.48384
G1 X117.791 Y114.655 E0.05873
G1 X125.997 Y112.456 E0.92739
G1 X126.141 Y112.494 E0.01621
G1 X124.922 Y117.045 E0.51425
G1 X125.523 Y117.042 E0.06567
G1 X126.468 Y116.965 E0.10346
G1 X127.238 Y116.834 E0.08524
;WIPE_START
G1 F8640.000
G1 X126.468 Y116.965 E-0.20609
G1 X125.523 Y117.042 E-0.25012
G1 X125.452 Y117.042 E-0.01879
;WIPE_END
G1 E-0.02500 F2400.000
G1 Z10.950 F10800.000
G1 X128.976 Y116.378
G1 Z10.550
G1 E0.50000 F2400.000
G1 F1924
G1 X129.570 Y116.155 E0.06927
G1 X130.432 Y115.761 E0.10346
G1 X131.093 Y115.394 E0.08249
G1 X127.760 Y112.061 E0.51452
G1 X127.866 Y111.955 E0.01636
G1 X136.067 Y109.758 E0.92677
G1 X135.847 Y110.248 E0.05861
G1 X132.710 Y107.111 E0.48425
G1 X132.746 Y107.075 E0.00555
G1 X132.733 Y107.027 E0.00540
G1 X137.015 Y105.880 E0.48388
G1 X136.963 Y106.413 E0.05851
G1 X130.960 Y100.410 E0.92659
G1 X130.921 Y100.264 E0.01651
G1 X135.481 Y99.043 E0.51524
G1 X135.262 Y98.672 E0.04699
G1 X134.722 Y97.870 E0.10551
G1 X134.463 Y97.530 E0.04663
G1 X134.128 Y97.140 E0.05614
;WIPE_START
G1 F8640.000
G1 X134.463 Y97.530 E-0.13572
G1 X134.722 Y97.870 E-0.11272
G1 X135.201 Y98.582 E-0.22655
;WIPE_END
G1 E-0.02500 F2400.000
G1 Z10.950 F10800.000
G1 X131.610 Y96.914
G1 Z10.550
M73 Q49 S10
G1 E0.50000 F2400.000
G1 F1924
G1 X129.842 Y98.682 E0.27288
G1 X129.736 Y99.079 E0.04483
G1 X129.590 Y99.040 E0.01651
G1 X129.537 Y98.987 E0.00812
G1 X129.636 Y98.888 E0.01524
;WIPE_START
G1 F8640.000
G1 X129.537 Y98.987 E-0.03685
G1 X129.590 Y99.040 E-0.01962
G1 X129.736 Y99.079 E-0.03992
G1 X129.842 Y98.682 E-0.10839
G1 X130.566 Y97.958 E-0.27022
;WIPE_END
G1 E-0.02500 F2400.000
G1 Z10.950 F10800.000
G1 X128.576 Y99.040
G1 Z10.550
M73 P49 R10
G1 E0.50000 F2400.000
;TYPE:Solid infill
;WIDTH:0.796686
G1 F1924
G1 X132.432 Y95.185 E0.71413
; stop printing object C:/Users/orcas/AppData/Local/Temp/Neutron/Body1.stl id:0 copy 0
;LAYER_CHANGE
;Z:11
;HEIGHT:0.45
;BEFORE_LAYER_CHANGE
G92 E0.0
;11


;WIPE_START
G1 F8640.000
G1 X131.159 Y96.457 E-0.47500
;WIPE_END
G1 E-0.02500 F2400.000
G1 Z10.950 F10800.000
G1 Z11.000
;AFTER_LAYER_CHANGE
;11
; printing object C:/Users/orcas/AppData/Local/Temp/Neutron/Body1.stl id:0 copy 0
G1 Z11.400
G1 X119.688 Y110.312
G1 Z11.000
G1 E0.50000 F2400.000
M204 S800
;TYPE:Perimeter
;WIDTH:0.68
G1 F1899
G1 X126.945 Y112.257 E0.82012
G1 X132.258 Y106.944 E0.82012
G1 X130.313 Y99.687 E0.82012
G1 X127.954 Y99.054 E0.26659
G1 X132.205 Y94.804 E0.65618
G1 X132.756 Y95.206 E0.07442
G1 X133.498 Y95.842 E0.10668
G1 X133.834 Y96.166 E0.05097
G1 X134.158 Y96.502 E0.05097
G1 X134.794 Y97.244 E0.10668
G1 X135.362 Y98.022 E0.10509
G1 X135.869 Y98.840 E0.10509
G1 X136.318 Y99.709 E0.10668
G1 X136.502 Y100.122 E0.04939
G1 X136.848 Y101.037 E0.10675
G1 X137.110 Y101.934 E0.10200
G1 X137.227 Y102.432 E0.05583
G1 X137.314 Y102.889 E0.05080
G1 X137.436 Y103.815 E0.10195
G1 X137.492 Y104.835 E0.11153
G1 X137.490 Y105.286 E0.04927
G1 X137.432 Y106.219 E0.10195
G1 X137.292 Y107.231 E0.11153
G1 X137.204 Y107.673 E0.04920
G1 X136.957 Y108.618 E0.10668
G1 X136.638 Y109.542 E0.10668
G1 X136.466 Y109.961 E0.04946
G1 X136.062 Y110.803 E0.10195
G1 X135.551 Y111.689 E0.11153
G1 X135.303 Y112.065 E0.04928
G1 X134.719 Y112.848 E0.10660
G1 X134.085 Y113.574 E0.10510
G1 X133.388 Y114.258 E0.10668
G1 X133.036 Y114.565 E0.05097
G1 X132.673 Y114.859 E0.05098
G1 X131.878 Y115.428 E0.10668
G1 X131.042 Y115.934 E0.10668
G1 X130.642 Y116.146 E0.04939
G1 X129.753 Y116.552 E0.10668
G1 X128.836 Y116.889 E0.10668
G1 X128.403 Y117.020 E0.04939
G1 X127.452 Y117.248 E0.10668
G1 X126.502 Y117.401 E0.10509
G1 X125.528 Y117.481 E0.10668
G1 X125.061 Y117.492 E0.05097
G1 X124.594 Y117.485 E0.05098
G1 X123.619 Y117.415 E0.10668
G1 X122.667 Y117.271 E0.10510
G1 X121.729 Y117.055 E0.10509
G1 X120.810 Y116.767 E0.10510
G1 X119.916 Y116.410 E0.10510
G1 X119.052 Y115.984 E0.10509
G1 X118.224 Y115.493 E0.10510
G1 X117.436 Y114.940 E0.10510
G1 X116.693 Y114.328 E0.10509
G1 X115.999 Y113.661 E0.10509
G1 X115.359 Y112.942 E0.10509
G1 X114.800 Y112.208 E0.10059
G1 X119.056 Y107.953 E0.65686
G1 X119.665 Y110.225 E0.25676
M204 S1000
G1 X120.164 Y109.836 F10800.000
M204 S800
G1 F1899
G1 X126.771 Y111.606 E0.74658
G1 X131.607 Y106.770 E0.74658
G1 X129.837 Y100.163 E0.74658
G1 X126.827 Y99.356 E0.34012
G1 X132.135 Y94.049 E0.81927
G1 X132.305 Y94.154 E0.02188
G1 X133.118 Y94.748 E0.10989
G1 X133.890 Y95.410 E0.11098
G1 X134.247 Y95.753 E0.05404
G1 X134.590 Y96.110 E0.05404
G1 X135.252 Y96.882 E0.11098
G1 X135.847 Y97.696 E0.11001
G1 X136.377 Y98.553 E0.11001
G1 X136.844 Y99.456 E0.11098
G1 X137.042 Y99.900 E0.05307
G1 X137.401 Y100.851 E0.11102
G1 X137.675 Y101.785 E0.10621
G1 X137.798 Y102.311 E0.05892
G1 X137.890 Y102.796 E0.05394
G1 X138.017 Y103.761 E0.10617
G1 X138.076 Y104.820 E0.11585
G1 X138.073 Y105.306 E0.05300
G1 X138.013 Y106.277 E0.10617
G1 X137.868 Y107.328 E0.11585
G1 X137.773 Y107.804 E0.05296
G1 X137.516 Y108.788 E0.11098
G1 X137.184 Y109.749 E0.11098
G1 X136.999 Y110.199 E0.05311
G1 X136.578 Y111.076 E0.10617
G1 X136.048 Y111.995 E0.11585
G1 X135.781 Y112.401 E0.05304
G1 X135.173 Y113.215 E0.11090
G1 X134.510 Y113.974 E0.11001
G1 X133.784 Y114.686 E0.11098
G1 X133.411 Y115.012 E0.05404
G1 X133.026 Y115.323 E0.05404
G1 X132.200 Y115.915 E0.11098
G1 X131.330 Y116.442 E0.11098
G1 X130.900 Y116.669 E0.05307
G1 X129.975 Y117.092 E0.11098
G1 X129.021 Y117.442 E0.11098
G1 X128.556 Y117.583 E0.05307
G1 X127.567 Y117.821 E0.11098
G1 X126.572 Y117.980 E0.11001
G1 X125.559 Y118.064 E0.11098
G1 X125.064 Y118.076 E0.05404
G1 X124.569 Y118.068 E0.05404
G1 X123.555 Y117.995 E0.11098
G1 X122.558 Y117.845 E0.11001
G1 X121.576 Y117.619 E0.11001
G1 X120.614 Y117.317 E0.11001
G1 X119.678 Y116.943 E0.11001
G1 X118.774 Y116.498 E0.11001
G1 X117.907 Y115.984 E0.11001
G1 X117.082 Y115.405 E0.11001
G1 X116.304 Y114.764 E0.11001
G1 X115.578 Y114.065 E0.11001
G1 X114.908 Y113.313 E0.11001
G1 X114.298 Y112.511 E0.11001
G1 X114.052 Y112.131 E0.04932
G1 X119.358 Y106.826 E0.81895
G1 X120.141 Y109.749 E0.33030
M204 S1000
G1 X120.641 Y109.359 F10800.000
M204 S800
;TYPE:External perimeter
G1 F1899
G1 X126.597 Y110.955 E0.67305
G1 X130.957 Y106.595 E0.67305
G1 X129.361 Y100.639 E0.67305
G1 X125.700 Y99.658 E0.41366
G1 X131.837 Y93.521 E0.94738
G1 X130.720 Y92.947 E0.13716
G1 X129.780 Y92.545 E0.11153
G1 X128.875 Y92.234 E0.10449
G1 X128.240 Y92.058 E0.07191
G1 X127.283 Y91.856 E0.10674
G1 X126.719 Y91.772 E0.06225
G1 X127.548 Y91.580 E0.09291
G1 X127.602 Y91.590 E0.00593
G1 X128.278 Y91.738 E0.07555
G1 X128.920 Y91.914 E0.07266
G1 X129.619 Y92.145 E0.08037
G1 X130.321 Y92.418 E0.08218
G1 X130.797 Y92.630 E0.05695
G1 X131.696 Y93.094 E0.11034
G1 X132.631 Y93.669 E0.11988
G1 X133.481 Y94.290 E0.11488
G1 X134.283 Y94.978 E0.11528
G1 X134.660 Y95.340 E0.05711
G1 X135.022 Y95.717 E0.05711
G1 X135.710 Y96.519 E0.11528
G1 X136.331 Y97.369 E0.11492
G1 X136.885 Y98.265 E0.11492
G1 X137.370 Y99.203 E0.11528
G1 X137.581 Y99.678 E0.05676
G1 X137.955 Y100.666 E0.11529
G1 X138.239 Y101.637 E0.11041
G1 X138.369 Y102.190 E0.06202
G1 X138.466 Y102.704 E0.05707
G1 X138.598 Y103.706 E0.11040
G1 X138.659 Y104.806 E0.12018
G1 X138.657 Y105.325 E0.05673
G1 X138.594 Y106.335 E0.11040
G1 X138.443 Y107.425 E0.12018
G1 X138.341 Y107.935 E0.05671
G1 X138.075 Y108.957 E0.11528
G1 X137.730 Y109.955 E0.11528
G1 X137.532 Y110.436 E0.05677
G1 X137.095 Y111.348 E0.11040
G1 X136.545 Y112.302 E0.12018
G1 X136.258 Y112.736 E0.05679
G1 X135.627 Y113.582 E0.11520
G1 X134.935 Y114.375 E0.11492
G1 X134.181 Y115.115 E0.11528
G1 X133.380 Y115.788 E0.11421
G1 X132.521 Y116.403 E0.11528
G1 X131.618 Y116.950 E0.11528
G1 X131.158 Y117.193 E0.05676
G1 X130.198 Y117.632 E0.11528
G1 X129.206 Y117.996 E0.11528
G1 X128.708 Y118.146 E0.05676
G1 X127.682 Y118.393 E0.11528
G1 X126.642 Y118.560 E0.11492
G1 X125.590 Y118.647 E0.11528
G1 X124.543 Y118.652 E0.11421
G1 X123.490 Y118.575 E0.11528
G1 X122.449 Y118.419 E0.11492
G1 X121.423 Y118.182 E0.11492
G1 X120.418 Y117.868 E0.11492
G1 X119.441 Y117.476 E0.11492
G1 X118.496 Y117.011 E0.11492
G1 X117.590 Y116.474 E0.11492
G1 X116.729 Y115.870 E0.11492
G1 X115.916 Y115.200 E0.11492
G1 X115.157 Y114.470 E0.11492
G1 X114.457 Y113.684 E0.11492
G1 X113.820 Y112.846 E0.11492
G1 X113.248 Y111.962 E0.11492
G1 X112.747 Y111.036 E0.11492
G1 X112.318 Y110.074 E0.11501
G1 X112.014 Y109.232 E0.09768
G1 X111.744 Y108.292 E0.10675
G1 X111.583 Y107.543 E0.08359
G1 X111.775 Y106.723 E0.09195
G1 X111.881 Y107.415 E0.07636
G1 X112.060 Y108.240 E0.09220
G1 X112.264 Y108.965 E0.08222
G1 X112.555 Y109.801 E0.09658
G1 X112.941 Y110.702 E0.10704
G1 X113.522 Y111.836 E0.13911
G1 X119.660 Y105.699 E0.94742
G1 X120.617 Y109.273 E0.40383
M204 S1000
G1 X120.907 Y109.897 F10800.000
;WIPE_START
G1 F8640.000
G1 X122.350 Y109.760 E-0.47500
;WIPE_END
G1 E-0.02500 F2400.000
G1 Z11.400 F10800.000
G1 X119.006 Y109.700
G1 Z11.000
G1 E0.50000 F2400.000
;TYPE:Solid infill
;WIDTH:0.727969
G1 F1899
G1 X118.467 Y109.161 E0.09012
G1 X118.020 Y109.607 E0.07459
G1 X118.374 Y109.961 E0.05911
G1 X117.928 Y110.408 E0.07459
G1 X117.574 Y110.054 E0.05911
G1 X117.127 Y110.500 E0.07459
G1 X117.481 Y110.854 E0.05911
G1 X117.035 Y111.301 E0.07459
M73 Q50 S10
G1 X116.681 Y110.947 E0.05911
G1 X116.234 Y111.393 E0.07459
G1 X116.588 Y111.747 E0.05911
G1 X116.142 Y112.193 E0.07459
G1 X115.788 Y111.840 E0.05911
G1 X115.380 Y112.247 E0.06813
G1 X115.626 Y112.571 E0.04801
G1 X115.881 Y112.826 E0.04255
;WIPE_START
G1 F8640.000
G1 X115.626 Y112.571 E-0.09506
G1 X115.380 Y112.247 E-0.10724
G1 X115.788 Y111.840 E-0.15219
G1 X116.111 Y112.163 E-0.12050
;WIPE_END
G1 E-0.02500 F2400.000
G1 Z11.400 F10800.000
G1 X118.872 Y115.369
M73 P50 R10
G1 Z11.000
G1 E0.50000 F2400.000
;TYPE:Internal infill
;WIDTH:0.68
G1 F1899
G1 X119.261 Y115.599 E0.04936
G1 X120.094 Y116.010 E0.10141
G1 X121.138 Y116.412 E0.12206
G1 X122.452 Y111.506 E0.55436
G1 X122.796 Y111.598 E0.03880
G1 X127.891 Y116.693 E0.78649
G1 X128.288 Y116.597 E0.04461
G1 X128.340 Y116.581 E0.00597
G1 X130.208 Y109.613 E0.78742
G1 X130.460 Y109.361 E0.03896
G1 X134.049 Y112.950 E0.55403
G1 X134.378 Y112.573 E0.05463
G1 X134.944 Y111.814 E0.10338
G1 X135.179 Y111.459 E0.04646
G1 X135.492 Y110.916 E0.06842
;WIPE_START
G1 F8640.000
G1 X135.179 Y111.459 E-0.16540
G1 X134.944 Y111.814 E-0.11232
G1 X134.498 Y112.413 E-0.19728
;WIPE_END
G1 E-0.02500 F2400.000
G1 Z11.400 F10800.000
G1 X131.766 Y114.970
G1 Z11.000
G1 E0.50000 F2400.000
G1 F1899
G1 X131.371 Y115.223 E0.05112
G1 X127.985 Y111.836 E0.52280
G1 X127.416 Y112.405 E0.08783
G1 X135.898 Y110.132 E0.95856
G1 X135.990 Y109.941 E0.02321
G1 X132.608 Y106.558 E0.52212
G1 X132.746 Y107.075 E0.05836
G1 X132.366 Y107.455 E0.05866
G1 X136.991 Y106.216 E0.52262
G1 X137.007 Y106.007 E0.02283
G1 X130.796 Y99.796 E0.95879
G1 X131.004 Y100.572 E0.08768
G1 X135.630 Y99.332 E0.52283
G1 X135.856 Y99.769 E0.05374
;WIPE_START
G1 F8640.000
G1 X135.630 Y99.332 E-0.12991
G1 X134.367 Y99.670 E-0.34509
;WIPE_END
G1 E-0.02500 F2400.000
G1 Z11.400 F10800.000
G1 X131.848 Y97.312
G1 Z11.000
G1 E0.50000 F2400.000
G1 F1899
G1 X130.080 Y99.080 E0.27288
G1 X130.204 Y99.204 E0.01915
G1 X130.671 Y99.329 E0.05272
G1 X130.720 Y99.514 E0.02088
;WIPE_START
G1 F8640.000
G1 X130.671 Y99.329 E-0.05047
G1 X130.204 Y99.204 E-0.12745
G1 X130.080 Y99.080 E-0.04631
G1 X130.752 Y98.408 E-0.25077
;WIPE_END
G1 E-0.02500 F2400.000
G1 Z11.400 F10800.000
G1 X129.701 Y99.005
G1 Z11.000
G1 E0.50000 F2400.000
;TYPE:Solid infill
;WIDTH:0.727626
G1 F1899
G1 X129.162 Y98.466 E0.09007
G1 X129.608 Y98.020 E0.07450
G1 X129.962 Y98.373 E0.05908
G1 X130.408 Y97.927 E0.07450
G1 X130.054 Y97.573 E0.05908
G1 X130.500 Y97.127 E0.07450
G1 X130.854 Y97.481 E0.05908
G1 X131.300 Y97.035 E0.07450
G1 X130.947 Y96.681 E0.05908
G1 X131.393 Y96.235 E0.07450
G1 X131.747 Y96.589 E0.05908
G1 X132.193 Y96.142 E0.07450
G1 X131.839 Y95.789 E0.05908
G1 X132.250 Y95.378 E0.06854
G1 X132.543 Y95.600 E0.04337
G1 X132.825 Y95.882 E0.04711
;WIPE_START
G1 F8640.000
G1 X132.543 Y95.600 E-0.10530
G1 X132.250 Y95.378 E-0.09695
G1 X131.839 Y95.789 E-0.15320
G1 X132.159 Y96.109 E-0.11955
;WIPE_END
G1 E-0.02500 F2400.000
G1 Z11.400 F10800.000
G1 X137.053 Y105.122
G1 Z11.000
G1 E0.50000 F2400.000
;TYPE:Internal infill
;WIDTH:0.68
G1 F1899
G1 X137.054 Y104.846 E0.03013
G1 X137.000 Y103.856 E0.10829
G1 X136.881 Y102.958 E0.09878
G1 X136.820 Y102.637 E0.03568
G1 X131.910 Y103.953 E0.55493
G1 X131.817 Y103.607 E0.03911
G1 X133.684 Y96.640 E0.78728
G1 X133.360 Y96.316 E0.04998
G1 X132.655 Y96.505 E0.07964
G1 X132.555 Y96.605 E0.01540
G1 X135.983 Y100.032 E0.52905
G1 X136.233 Y100.650 E0.07274
G1 X132.550 Y114.395 E1.55326
G1 X132.003 Y114.800 E0.07437
G1 X123.827 Y116.991 E0.92393
G1 X123.149 Y116.901 E0.07464
G1 X117.704 Y111.457 E0.84050
G1 X117.804 Y111.357 E0.01540
G1 X119.850 Y110.809 E0.23121
G1 X119.331 Y110.669 E0.05866
G1 X119.191 Y110.150 E0.05866
G1 X117.954 Y114.769 E0.52196
G1 X118.130 Y114.893 E0.02355
G1 X126.612 Y112.621 E0.95847
G1 X125.834 Y112.412 E0.08799
G1 X124.592 Y117.046 E0.52371
G1 X124.118 Y117.012 E0.05191
; stop printing object C:/Users/orcas/AppData/Local/Temp/Neutron/Body1.stl id:0 copy 0
;LAYER_CHANGE
;Z:11.45
;HEIGHT:0.45
;BEFORE_LAYER_CHANGE
G92 E0.0
;11.45


;WIPE_START
G1 F8640.000
G1 X124.592 Y117.046 E-0.12549
G1 X124.935 Y115.767 E-0.34951
;WIPE_END
G1 E-0.02500 F2400.000
G1 Z11.400 F10800.000
G1 Z11.450
;AFTER_LAYER_CHANGE
;11.45
; printing object C:/Users/orcas/AppData/Local/Temp/Neutron/Body1.stl id:0 copy 0
G1 Z11.850
G1 X119.688 Y110.312
G1 Z11.450
G1 E0.50000 F2400.000
M204 S800
;TYPE:Perimeter
G1 F1834
G1 X126.945 Y112.257 E0.82012
G1 X132.258 Y106.944 E0.82012
G1 X130.313 Y99.687 E0.82012
G1 X128.456 Y99.189 E0.20987
M73 P50 R9
G1 X132.577 Y95.069 E0.63603
G1 X133.471 Y95.818 E0.12739
G1 X134.179 Y96.524 E0.10908
G1 X134.479 Y96.862 E0.04933
G1 X135.073 Y97.611 E0.10434
G1 X135.632 Y98.439 E0.10908
M73 Q50 S9
G1 X135.862 Y98.828 E0.04933
G1 X136.302 Y99.677 E0.10434
G1 X136.692 Y100.597 E0.10908
G1 X136.843 Y101.022 E0.04929
G1 X137.117 Y101.960 E0.10668
G1 X137.315 Y102.903 E0.10510
G1 X137.440 Y103.857 E0.10510
G1 X137.492 Y104.833 E0.10668
G1 X137.490 Y105.300 E0.05097
G1 X137.470 Y105.767 E0.05097
G1 X137.371 Y106.739 E0.10668
G1 X137.200 Y107.687 E0.10510
G1 X136.953 Y108.632 E0.10668
G1 X136.814 Y109.063 E0.04939
G1 X136.459 Y109.974 E0.10672
G1 X136.045 Y110.836 E0.10437
G1 X135.816 Y111.251 E0.05179
G1 X135.294 Y112.077 E0.10664
G1 X134.710 Y112.860 E0.10660
G1 X134.419 Y113.206 E0.04939
G1 X133.738 Y113.928 E0.10827
G1 X133.409 Y114.238 E0.04939
G1 X132.650 Y114.876 E0.10827
G1 X132.287 Y115.147 E0.04942
G1 X131.489 Y115.674 E0.10434
G1 X130.628 Y116.152 E0.10750
G1 X129.740 Y116.558 E0.10659
G1 X129.318 Y116.722 E0.04939
G1 X128.388 Y117.023 E0.10672
G1 X127.459 Y117.247 E0.10437
G1 X126.978 Y117.335 E0.05338
G1 X126.516 Y117.400 E0.05085
G1 X125.542 Y117.480 E0.10668
G1 X124.565 Y117.484 E0.10668
G1 X124.113 Y117.460 E0.04942
G1 X123.163 Y117.355 E0.10434
G1 X122.195 Y117.172 E0.10750
G1 X121.267 Y116.920 E0.10500
G1 X120.360 Y116.597 E0.10509
G1 X119.467 Y116.199 E0.10668
G1 X119.065 Y115.992 E0.04942
G1 X118.242 Y115.505 E0.10434
G1 X117.435 Y114.940 E0.10750
G1 X116.693 Y114.328 E0.10500
G1 X115.999 Y113.661 E0.10509
G1 X115.349 Y112.931 E0.10668
G1 X115.068 Y112.577 E0.04930
G1 X119.190 Y108.455 E0.63625
G1 X119.665 Y110.225 E0.20004
M204 S1000
G1 X120.164 Y109.836 F10800.000
M204 S800
G1 F1834
G1 X126.771 Y111.606 E0.74658
M73 Q51 S9
G1 X131.607 Y106.770 E0.74658
G1 X129.837 Y100.163 E0.74658
M73 P51 R9
G1 X127.329 Y99.491 E0.28340
G1 X132.514 Y94.306 E0.80034
G1 X133.111 Y94.743 E0.08077
G1 X133.867 Y95.389 E0.10860
G1 X134.603 Y96.123 E0.11339
G1 X134.926 Y96.486 E0.05303
G1 X135.544 Y97.266 E0.10860
G1 X136.125 Y98.127 E0.11339
G1 X136.373 Y98.545 E0.05303
G1 X136.830 Y99.428 E0.10860
G1 X137.236 Y100.385 E0.11339
G1 X137.399 Y100.842 E0.05301
G1 X137.684 Y101.818 E0.11098
G1 X137.891 Y102.805 E0.11001
G1 X138.022 Y103.804 E0.11001
G1 X138.076 Y104.819 E0.11098
G1 X138.052 Y105.809 E0.10807
G1 X137.949 Y106.821 E0.11098
G1 X137.770 Y107.812 E0.11001
G1 X137.514 Y108.796 E0.11098
G1 X137.364 Y109.259 E0.05307
G1 X136.995 Y110.206 E0.11100
G1 X136.564 Y111.103 E0.10862
G1 X136.319 Y111.549 E0.05549
G1 X135.775 Y112.408 E0.11099
G1 X135.168 Y113.222 E0.11090
G1 X134.855 Y113.595 E0.05307
G1 X134.151 Y114.341 E0.11195
G1 X133.797 Y114.674 E0.05307
G1 X133.012 Y115.334 E0.11195
G1 X132.622 Y115.625 E0.05309
G1 X131.792 Y116.173 E0.10860
G1 X130.892 Y116.673 E0.11242
G1 X129.967 Y117.096 E0.11092
G1 X129.514 Y117.272 E0.05307
G1 X128.547 Y117.585 E0.11100
G1 X127.579 Y117.818 E0.10862
G1 X127.070 Y117.911 E0.05646
G1 X126.581 Y117.980 E0.05397
G1 X125.568 Y118.063 E0.11098
G1 X124.551 Y118.068 E0.11098
G1 X124.065 Y118.042 E0.05309
G1 X123.076 Y117.932 E0.10860
G1 X122.064 Y117.741 E0.11242
G1 X121.092 Y117.477 E0.10995
G1 X120.143 Y117.139 E0.11001
G1 X119.214 Y116.725 E0.11098
G1 X118.782 Y116.502 E0.05309
G1 X117.926 Y115.995 E0.10860
G1 X117.082 Y115.405 E0.11242
G1 X116.304 Y114.764 E0.10995
G1 X115.578 Y114.065 E0.11001
G1 X114.902 Y113.306 E0.11098
G1 X114.600 Y112.925 E0.05309
G1 X114.309 Y112.511 E0.05522
G1 X119.492 Y107.328 E0.80008
G1 X120.141 Y109.749 E0.27358
M204 S1000
G1 X120.641 Y109.359 F10800.000
M204 S800
;TYPE:External perimeter
G1 F1834
G1 X126.597 Y110.955 E0.67305
G1 X130.957 Y106.595 E0.67305
G1 X129.361 Y100.639 E0.67305
G1 X126.202 Y99.793 E0.35694
G1 X132.231 Y93.764 E0.93069
G1 X131.125 Y93.149 E0.13818
G1 X130.407 Y92.804 E0.08694
G1 X129.702 Y92.516 E0.08307
G1 X128.874 Y92.234 E0.09550
G1 X128.191 Y92.047 E0.07736
G1 X127.285 Y91.856 E0.10099
G1 X128.081 Y91.692 E0.08867
G1 X128.831 Y91.887 E0.08458
G1 X129.548 Y92.120 E0.08233
G1 X130.321 Y92.418 E0.09044
G1 X130.797 Y92.630 E0.05689
G1 X131.718 Y93.106 E0.11317
G1 X132.186 Y93.382 E0.05924
G1 X133.064 Y93.973 E0.11561
G1 X133.478 Y94.288 E0.05676
G1 X134.264 Y94.961 E0.11286
G1 X135.027 Y95.722 E0.11770
G1 X135.373 Y96.111 E0.05674
G1 X136.015 Y96.921 E0.11286
G1 X136.618 Y97.815 E0.11770
G1 X136.883 Y98.262 E0.05674
G1 X137.358 Y99.180 E0.11286
G1 X137.779 Y100.173 E0.11770
G1 X137.954 Y100.663 E0.05673
G1 X138.250 Y101.676 E0.11528
G1 X138.467 Y102.707 E0.11492
G1 X138.603 Y103.751 E0.11492
G1 X138.659 Y104.805 E0.11528
G1 X138.634 Y105.851 E0.11420
G1 X138.527 Y106.902 E0.11528
G1 X138.341 Y107.938 E0.11492
G1 X138.074 Y108.960 E0.11528
G1 X137.914 Y109.455 E0.05676
G1 X137.531 Y110.439 E0.11528
G1 X137.083 Y111.371 E0.11287
G1 X136.821 Y111.846 E0.05918
G1 X136.256 Y112.739 E0.11533
G1 X135.625 Y113.585 E0.11519
G1 X135.291 Y113.983 E0.05676
G1 X134.564 Y114.753 E0.11564
G1 X134.186 Y115.110 E0.05676
G1 X133.374 Y115.792 E0.11564
G1 X132.958 Y116.102 E0.05676
G1 X132.095 Y116.672 E0.11286
G1 X131.155 Y117.194 E0.11735
G1 X130.195 Y117.633 E0.11526
G1 X129.710 Y117.822 E0.05676
G1 X128.705 Y118.147 E0.11528
G1 X127.700 Y118.389 E0.11287
G1 X126.645 Y118.560 E0.11660
G1 X125.593 Y118.646 E0.11528
G1 X124.537 Y118.651 E0.11528
G1 X124.017 Y118.624 E0.05676
G1 X122.990 Y118.510 E0.11286
G1 X121.933 Y118.310 E0.11735
G1 X120.918 Y118.035 E0.11490
G1 X119.926 Y117.681 E0.11492
G1 X118.961 Y117.251 E0.11528
G1 X118.499 Y117.013 E0.05676
G1 X117.609 Y116.486 E0.11286
G1 X116.729 Y115.870 E0.11735
G1 X115.916 Y115.200 E0.11490
G1 X115.157 Y114.470 E0.11492
G1 X114.455 Y113.682 E0.11528
G1 X114.132 Y113.274 E0.05676
G1 X113.538 Y112.428 E0.11286
G1 X112.989 Y111.504 E0.11735
G1 X112.524 Y110.559 E0.11489
G1 X112.131 Y109.578 E0.11538
G1 X111.824 Y108.600 E0.11191
G1 X111.695 Y108.079 E0.05851
G1 X111.861 Y107.301 E0.08684
G1 X111.995 Y107.970 E0.07442
G1 X112.234 Y108.870 E0.10167
G1 X112.446 Y109.510 E0.07361
G1 X112.804 Y110.403 E0.10501
G1 X113.082 Y110.992 E0.07103
G1 X113.763 Y112.232 E0.15441
G1 X119.794 Y106.201 E0.93094
G1 X120.617 Y109.273 E0.34711
M204 S1000
G1 X120.918 Y109.891 F10800.000
;WIPE_START
G1 F8640.000
G1 X122.350 Y109.760 E-0.47500
;WIPE_END
G1 E-0.02500 F2400.000
G1 Z11.850 F10800.000
G1 X119.310 Y109.579
G1 Z11.450
G1 E0.50000 F2400.000
;TYPE:Solid infill
;WIDTH:0.796686
G1 F1834
G1 X115.760 Y113.129 E0.65764
;WIPE_START
G1 F8640.000
G1 X117.033 Y111.856 E-0.47500
;WIPE_END
G1 E-0.02500 F2400.000
G1 Z11.850 F10800.000
G1 X128.253 Y116.606
G1 Z11.450
G1 E0.50000 F2400.000
;TYPE:Internal infill
;WIDTH:0.68
G1 F1834
G1 X123.410 Y111.763 E0.74760
G1 X122.145 Y111.424 E0.14300
G1 X120.838 Y116.303 E0.55139
G1 X121.397 Y116.502 E0.06488
G1 X122.293 Y116.745 E0.10129
G1 X123.227 Y116.922 E0.10380
G1 X123.668 Y116.971 E0.04838
G1 X118.247 Y111.550 E0.83682
G1 X118.223 Y111.574 E0.00372
G1 X120.464 Y110.973 E0.25329
G1 X119.331 Y110.669 E0.12812
G1 X119.288 Y110.509 E0.01812
G1 X118.575 Y111.222 E0.11000
G1 X117.677 Y114.572 E0.37862
G1 X118.472 Y115.131 E0.10603
G1 X135.716 Y110.511 E1.94871
G1 X136.125 Y109.626 E0.10638
G1 X132.443 Y105.944 E0.56841
G1 X132.746 Y107.075 E0.12782
G1 X131.916 Y107.905 E0.12812
G1 X136.950 Y106.556 E0.56880
G1 X137.039 Y105.589 E0.10597
G1 X130.623 Y99.173 E0.99041
G1 X130.510 Y99.286 E0.01743
G1 X130.671 Y99.329 E0.01812
G1 X131.086 Y100.879 E0.17513
G1 X135.780 Y99.621 E0.53046
G1 X135.521 Y99.121 E0.06152
G1 X133.099 Y96.698 E0.37396
G1 X133.075 Y96.722 E0.00372
G1 X133.613 Y96.578 E0.06084
G1 X133.422 Y96.387 E0.02944
G1 X131.652 Y102.992 E0.74637
G1 X131.992 Y104.260 E0.14330
G1 X136.878 Y102.951 E0.55219
G1 X136.693 Y102.067 E0.09861
G1 X136.427 Y101.157 E0.10346
G1 X136.284 Y100.756 E0.04650
G1 X136.034 Y100.166 E0.06996
G1 X132.135 Y114.714 E1.64401
M73 Q52 S9
G1 X132.378 Y114.533 E0.03303
G1 X133.118 Y113.911 E0.10551
G1 X133.429 Y113.618 E0.04663
G1 X134.262 Y112.713 E0.13429
G1 X130.685 Y109.136 E0.55219
M73 P52 R9
G1 X129.758 Y110.063 E0.14315
G1 X127.987 Y116.670 E0.74655
;WIPE_START
G1 F8640.000
G1 X128.453 Y114.931 E-0.47500
;WIPE_END
G1 E-0.02500 F2400.000
G1 Z11.850 F10800.000
G1 X123.692 Y111.838
G1 Z11.450
G1 E0.50000 F2400.000
G1 F1834
G1 X125.526 Y112.330 E0.20725
G1 X124.267 Y117.030 E0.53120
G1 X124.853 Y117.045 E0.06404
G1 X131.162 Y115.355 E0.71287
G1 X131.645 Y115.047 E0.06258
G1 X128.210 Y111.611 E0.53028
G1 X129.551 Y110.270 E0.20710
;WIPE_START
G1 F8640.000
G1 X128.278 Y111.542 E-0.47500
;WIPE_END
G1 E-0.02500 F2400.000
G1 Z11.850 F10800.000
G1 X129.580 Y99.309
G1 Z11.450
G1 E0.50000 F2400.000
;TYPE:Solid infill
;WIDTH:0.796686
G1 F1834
G1 X133.131 Y95.758 E0.65779
; stop printing object C:/Users/orcas/AppData/Local/Temp/Neutron/Body1.stl id:0 copy 0
;LAYER_CHANGE
;Z:11.9
;HEIGHT:0.45
;BEFORE_LAYER_CHANGE
G92 E0.0
;11.9


;WIPE_START
G1 F8640.000
G1 X131.858 Y97.031 E-0.47500
;WIPE_END
G1 E-0.02500 F2400.000
G1 Z11.850 F10800.000
G1 Z11.900
;AFTER_LAYER_CHANGE
;11.9
; printing object C:/Users/orcas/AppData/Local/Temp/Neutron/Body1.stl id:0 copy 0
G1 Z12.300
G1 X119.688 Y110.312
G1 Z11.900
G1 E0.50000 F2400.000
M204 S800
;TYPE:Perimeter
;WIDTH:0.68
G1 F1778
G1 X126.945 Y112.257 E0.82012
G1 X132.258 Y106.944 E0.82012
G1 X130.313 Y99.687 E0.82012
G1 X128.958 Y99.323 E0.15315
G1 X132.928 Y95.354 E0.61280
G1 X133.487 Y95.832 E0.08035
G1 X134.178 Y96.523 E0.10663
G1 X134.479 Y96.861 E0.04941
G1 X135.086 Y97.628 E0.10671
G1 X135.632 Y98.438 E0.10665
G1 X135.870 Y98.840 E0.05099
G1 X136.092 Y99.251 E0.05097
G1 X136.507 Y100.135 E0.10666
G1 X136.847 Y101.036 E0.10511
G1 X137.121 Y101.974 E0.10668
G1 X137.223 Y102.416 E0.04943
G1 X137.390 Y103.393 E0.10823
G1 X137.440 Y103.843 E0.04939
G1 X137.491 Y104.819 E0.10668
G1 X137.468 Y105.781 E0.10509
G1 X137.371 Y106.739 E0.10510
G1 X137.198 Y107.701 E0.10668
G1 X137.088 Y108.155 E0.05098
G1 X136.962 Y108.605 E0.05097
G1 X136.643 Y109.528 E0.10668
G1 X136.259 Y110.412 E0.10514
G1 X135.802 Y111.276 E0.10664
G1 X135.560 Y111.675 E0.05097
G1 X135.303 Y112.066 E0.05106
G1 X134.719 Y112.848 E0.10659
G1 X134.085 Y113.574 E0.10514
G1 X133.388 Y114.258 E0.10664
G1 X133.047 Y114.556 E0.04939
G1 X132.263 Y115.164 E0.10827
G1 X131.891 Y115.420 E0.04939
G1 X131.055 Y115.926 E0.10668
G1 X130.182 Y116.367 E0.10668
G1 X129.767 Y116.547 E0.04939
G1 X128.836 Y116.889 E0.10827
G1 X128.403 Y117.020 E0.04939
G1 X127.452 Y117.248 E0.10668
G1 X126.502 Y117.401 E0.10509
G1 X125.542 Y117.480 E0.10510
G1 X124.565 Y117.484 E0.10668
G1 X124.113 Y117.460 E0.04939
G1 X123.127 Y117.351 E0.10827
G1 X122.681 Y117.275 E0.04939
G1 X121.729 Y117.055 E0.10668
G1 X120.810 Y116.767 E0.10510
G1 X119.916 Y116.410 E0.10510
G1 X119.052 Y115.984 E0.10509
G1 X118.224 Y115.493 E0.10512
G1 X117.436 Y114.940 E0.10509
G1 X116.693 Y114.328 E0.10509
G1 X115.999 Y113.660 E0.10514
G1 X115.350 Y112.932 E0.10648
G1 X119.325 Y108.957 E0.61359
G1 X119.665 Y110.225 E0.14333
M204 S1000
G1 X120.164 Y109.836 F10800.000
M204 S800
G1 F1778
G1 X126.771 Y111.606 E0.74658
G1 X131.607 Y106.770 E0.74658
G1 X129.837 Y100.163 E0.74658
G1 X127.831 Y99.625 E0.22669
G1 X132.886 Y94.571 E0.78026
G1 X133.111 Y94.742 E0.03093
G1 X133.884 Y95.404 E0.11102
G1 X134.602 Y96.123 E0.11093
G1 X134.926 Y96.486 E0.05309
G1 X135.557 Y97.283 E0.11101
G1 X136.125 Y98.126 E0.11094
G1 X136.377 Y98.552 E0.05406
G1 X136.613 Y98.988 E0.05404
G1 X137.045 Y99.908 E0.11096
G1 X137.401 Y100.851 E0.11002
G1 X137.686 Y101.827 E0.11098
G1 X137.795 Y102.301 E0.05312
G1 X137.968 Y103.312 E0.11191
G1 X138.021 Y103.795 E0.05307
G1 X138.075 Y104.810 E0.11098
G1 X138.051 Y105.818 E0.11001
G1 X137.949 Y106.821 E0.11001
G1 X137.769 Y107.821 E0.11098
G1 X137.653 Y108.303 E0.05404
G1 X137.519 Y108.779 E0.05404
G1 X137.187 Y109.740 E0.11098
G1 X136.785 Y110.665 E0.11005
G1 X136.310 Y111.563 E0.11093
G1 X136.054 Y111.987 E0.05404
G1 X135.781 Y112.401 E0.05413
G1 X135.173 Y113.215 E0.11089
G1 X134.510 Y113.975 E0.11005
G1 X133.784 Y114.686 E0.11093
G1 X133.418 Y115.006 E0.05307
G1 X132.608 Y115.635 E0.11195
G1 X132.207 Y115.910 E0.05307
G1 X131.338 Y116.437 E0.11098
G1 X130.430 Y116.895 E0.11098
G1 X129.984 Y117.089 E0.05307
G1 X129.021 Y117.442 E0.11195
G1 X128.556 Y117.583 E0.05307
G1 X127.567 Y117.821 E0.11098
G1 X126.572 Y117.980 E0.11001
G1 X125.568 Y118.063 E0.11001
G1 X124.551 Y118.068 E0.11098
G1 X124.065 Y118.042 E0.05307
G1 X123.046 Y117.929 E0.11195
G1 X122.567 Y117.847 E0.05307
G1 X121.576 Y117.619 E0.11098
G1 X120.614 Y117.317 E0.11001
G1 X119.678 Y116.943 E0.11001
G1 X118.774 Y116.498 E0.11000
G1 X117.907 Y115.984 E0.11003
G1 X117.082 Y115.405 E0.11000
G1 X116.304 Y114.764 E0.11000
G1 X115.578 Y114.065 E0.11005
G1 X114.902 Y113.307 E0.11087
G1 X114.572 Y112.885 E0.05849
G1 X119.627 Y107.830 E0.78030
G1 X120.141 Y109.749 E0.21686
M204 S1000
G1 X120.641 Y109.359 F10800.000
M204 S800
;TYPE:External perimeter
G1 F1778
G1 X126.597 Y110.955 E0.67305
G1 X130.957 Y106.595 E0.67305
G1 X129.361 Y100.639 E0.67305
G1 X126.704 Y99.927 E0.30022
G1 X132.610 Y94.021 E0.91174
G1 X131.575 Y93.392 E0.13222
G1 X130.742 Y92.958 E0.10260
G1 X130.105 Y92.674 E0.07611
G1 X129.282 Y92.365 E0.09587
G1 X128.558 Y92.142 E0.08273
G1 X127.833 Y91.967 E0.08142
G1 X128.600 Y91.822 E0.08521
G1 X129.335 Y92.045 E0.08380
G1 X129.829 Y92.221 E0.05729
G1 X130.492 Y92.494 E0.07823
G1 X131.271 Y92.864 E0.09413
G1 X132.189 Y93.384 E0.11510
G1 X133.064 Y93.973 E0.11519
G1 X133.478 Y94.288 E0.05679
G1 X134.280 Y94.976 E0.11532
G1 X135.027 Y95.722 E0.11523
G1 X135.373 Y96.110 E0.05677
G1 X136.028 Y96.939 E0.11531
G1 X136.618 Y97.814 E0.11524
G1 X136.885 Y98.265 E0.05713
G1 X137.134 Y98.725 E0.05711
G1 X137.582 Y99.681 E0.11526
G1 X137.955 Y100.666 E0.11494
G1 X138.251 Y101.679 E0.11528
G1 X138.368 Y102.187 E0.05680
G1 X138.546 Y103.231 E0.11559
G1 X138.603 Y103.747 E0.05676
G1 X138.659 Y104.802 E0.11528
G1 X138.634 Y105.854 E0.11492
G1 X138.527 Y106.902 E0.11492
G1 X138.340 Y107.941 E0.11528
G1 X138.218 Y108.450 E0.05711
G1 X138.076 Y108.954 E0.05711
G1 X137.731 Y109.952 E0.11528
G1 X137.312 Y110.918 E0.11496
G1 X136.818 Y111.851 E0.11523
G1 X136.547 Y112.299 E0.05711
G1 X136.258 Y112.736 E0.05720
G1 X135.627 Y113.582 E0.11519
G1 X134.934 Y114.375 E0.11497
G1 X134.181 Y115.115 E0.11523
G1 X133.789 Y115.457 E0.05676
G1 X132.952 Y116.106 E0.11564
G1 X132.524 Y116.401 E0.05676
G1 X131.620 Y116.948 E0.11528
G1 X130.678 Y117.424 E0.11528
M73 Q53 S9
G1 X130.201 Y117.631 E0.05676
G1 X129.206 Y117.996 E0.11564
G1 X128.708 Y118.146 E0.05676
G1 X127.682 Y118.393 E0.11528
G1 X126.642 Y118.560 E0.11492
G1 X125.593 Y118.646 E0.11492
G1 X124.537 Y118.651 E0.11528
G1 X124.017 Y118.624 E0.05676
G1 X122.965 Y118.507 E0.11564
G1 X122.452 Y118.419 E0.05676
G1 X121.423 Y118.182 E0.11528
G1 X120.418 Y117.868 E0.11492
G1 X119.441 Y117.476 E0.11492
G1 X118.496 Y117.011 E0.11491
G1 X117.590 Y116.474 E0.11494
G1 X116.729 Y115.870 E0.11492
M73 P53 R9
G1 X115.916 Y115.200 E0.11491
G1 X115.157 Y114.470 E0.11496
G1 X114.455 Y113.682 E0.11517
G1 X114.132 Y113.274 E0.05677
G1 X113.524 Y112.407 E0.11569
G1 X113.250 Y111.964 E0.05680
G1 X112.746 Y111.033 E0.11552
G1 X112.524 Y110.560 E0.05703
G1 X112.257 Y109.915 E0.07620
G1 X112.018 Y109.245 E0.07771
G1 X111.823 Y108.596 E0.07390
G1 X111.965 Y107.818 E0.08640
G1 X112.234 Y108.870 E0.11857
G1 X112.447 Y109.513 E0.07397
G1 X112.804 Y110.403 E0.10468
G1 X113.080 Y110.986 E0.07037
G1 X113.394 Y111.575 E0.07289
G1 X114.022 Y112.609 E0.13204
G1 X119.929 Y106.703 E0.91178
G1 X120.617 Y109.273 E0.29040
M204 S1000
G1 X120.929 Y109.886 F10800.000
;WIPE_START
G1 F8640.000
G1 X122.350 Y109.760 E-0.47500
;WIPE_END
G1 E-0.02500 F2400.000
G1 Z12.300 F10800.000
G1 X119.254 Y110.725
G1 Z11.900
G1 E0.50000 F2400.000
;TYPE:Solid infill
;WIDTH:0.74763
G1 F1778
G1 X118.715 Y110.186 E0.09293
G1 X118.254 Y110.646 E0.07930
G1 X118.608 Y111.000 E0.06095
G1 X118.148 Y111.460 E0.07930
G1 X117.794 Y111.106 E0.06095
G1 X117.334 Y111.567 E0.07930
G1 X117.688 Y111.920 E0.06095
G1 X117.227 Y112.381 E0.07930
G1 X116.873 Y112.027 E0.06095
G1 X116.413 Y112.487 E0.07930
G1 X116.767 Y112.841 E0.06095
G1 X116.306 Y113.302 E0.07930
G1 X115.767 Y112.762 E0.09292
;WIPE_START
G1 F8640.000
G1 X116.306 Y113.302 E-0.20132
G1 X116.767 Y112.841 E-0.17181
G1 X116.494 Y112.568 E-0.10187
;WIPE_END
G1 E-0.02500 F2400.000
G1 Z12.300 F10800.000
G1 X117.182 Y114.165
G1 Z11.900
G1 E0.50000 F2400.000
;TYPE:Internal infill
;WIDTH:0.68
G1 F1778
G1 X116.703 Y113.731 E0.07060
G1 X117.892 Y112.541 E0.18361
G1 X117.407 Y114.350 E0.20442
G1 X117.701 Y114.592 E0.04152
G1 X118.461 Y115.126 E0.10141
G1 X118.854 Y115.358 E0.04982
G1 X135.508 Y110.896 E1.88196
G1 X135.864 Y110.222 E0.08316
G1 X136.256 Y109.307 E0.10869
G1 X132.278 Y105.329 E0.61406
G1 X132.074 Y104.568 E0.08602
G1 X136.924 Y103.268 E0.54807
G1 X136.794 Y102.502 E0.08488
G1 X136.698 Y102.085 E0.04667
G1 X136.432 Y101.175 E0.10345
G1 X136.309 Y100.851 E0.03788
;WIPE_START
G1 F8640.000
G1 X136.432 Y101.175 E-0.09157
G1 X136.698 Y102.085 E-0.25011
G1 X136.794 Y102.502 E-0.11283
G1 X136.807 Y102.578 E-0.02048
;WIPE_END
G1 E-0.02500 F2400.000
G1 Z12.300 F10800.000
G1 X135.361 Y98.841
G1 Z11.900
G1 E0.50000 F2400.000
G1 F1778
G1 X134.732 Y97.886 E0.12479
G1 X134.144 Y97.143 E0.10349
G1 X133.872 Y96.838 E0.04457
G1 X133.494 Y96.939 E0.04274
G1 X132.744 Y97.689 E0.11579
G1 X131.488 Y102.378 E0.52978
G1 X131.168 Y101.186 E0.13460
G1 X135.919 Y99.913 E0.53688
G1 X135.826 Y99.713 E0.02414
G1 X131.729 Y115.000 E1.72747
G1 X131.918 Y114.870 E0.02503
G1 X128.435 Y111.386 E0.53777
G1 X129.308 Y110.513 E0.13475
G1 X127.635 Y116.754 E0.70525
G1 X128.288 Y116.597 E0.07329
G1 X128.600 Y116.503 E0.03563
G1 X124.025 Y111.927 E0.70628
G1 X125.219 Y112.247 E0.13490
G1 X123.945 Y117.001 E0.53724
G1 X124.173 Y117.025 E0.02497
G1 X118.790 Y111.643 E0.83085
G1 X118.642 Y111.791 E0.02284
G1 X121.079 Y111.138 E0.27537
G1 X121.838 Y111.341 E0.08572
G1 X120.539 Y116.188 E0.54767
G1 X120.957 Y116.355 E0.04913
G1 X121.843 Y116.633 E0.10141
G1 X122.938 Y116.875 E0.12232
;WIPE_START
G1 F8640.000
G1 X121.843 Y116.633 E-0.29572
G1 X121.195 Y116.430 E-0.17928
;WIPE_END
G1 E-0.02500 F2400.000
G1 Z12.300 F10800.000
G1 X132.723 Y114.253
G1 Z11.900
G1 E0.50000 F2400.000
G1 F1778
G1 X133.090 Y113.937 E0.05288
G1 X133.767 Y113.273 E0.10341
G1 X134.461 Y112.462 E0.11654
G1 X130.910 Y108.911 E0.54817
G1 X131.466 Y108.355 E0.08587
G1 X136.897 Y106.899 E0.61375
G1 X136.937 Y106.678 E0.02453
G1 X137.031 Y105.754 E0.10141
G1 X137.046 Y105.146 E0.06640
G1 X131.167 Y99.267 E0.90755
G1 X132.537 Y97.896 E0.21162
;WIPE_START
G1 F8640.000
G1 X131.265 Y99.168 E-0.47500
;WIPE_END
G1 E-0.02500 F2400.000
G1 Z12.300 F10800.000
G1 X133.484 Y96.495
G1 Z11.900
G1 E0.50000 F2400.000
;TYPE:Solid infill
;WIDTH:0.746773
G1 F1778
G1 X132.944 Y95.956 E0.09280
G1 X132.485 Y96.416 E0.07909
G1 X132.838 Y96.770 E0.06087
G1 X132.379 Y97.229 E0.07909
G1 X132.025 Y96.875 E0.06087
G1 X131.565 Y97.335 E0.07909
G1 X131.919 Y97.689 E0.06087
G1 X131.459 Y98.149 E0.07909
G1 X131.105 Y97.795 E0.06087
G1 X130.646 Y98.255 E0.07909
G1 X130.999 Y98.609 E0.06087
G1 X130.540 Y99.068 E0.07909
G1 X130.000 Y98.529 E0.09280
; stop printing object C:/Users/orcas/AppData/Local/Temp/Neutron/Body1.stl id:0 copy 0
;LAYER_CHANGE
;Z:12.35
;HEIGHT:0.450001
;BEFORE_LAYER_CHANGE
G92 E0.0
;12.35


;WIPE_START
G1 F8640.000
G1 X130.540 Y99.068 E-0.20132
G1 X130.999 Y98.609 E-0.17158
G1 X130.726 Y98.335 E-0.10210
;WIPE_END
G1 E-0.02500 F2400.000
G1 Z12.300 F10800.000
G1 Z12.350
;AFTER_LAYER_CHANGE
;12.35
; printing object C:/Users/orcas/AppData/Local/Temp/Neutron/Body1.stl id:0 copy 0
G1 Z12.750
G1 X119.688 Y110.312
G1 Z12.350
G1 E0.50000 F2400.000
M204 S800
;TYPE:Perimeter
;WIDTH:0.68
G1 F1689
G1 X126.945 Y112.257 E0.82012
G1 X132.258 Y106.944 E0.82012
G1 X130.313 Y99.687 E0.82012
G1 X129.460 Y99.458 E0.09643
G1 X133.275 Y95.643 E0.58891
G1 X134.160 Y96.505 E0.13486
G1 X134.798 Y97.250 E0.10701
G1 X135.363 Y98.023 E0.10458
G1 X135.613 Y98.409 E0.05023
G1 X136.098 Y99.264 E0.10726
G1 X136.513 Y100.148 E0.10662
G1 X136.684 Y100.576 E0.05030
G1 X136.991 Y101.496 E0.10579
G1 X137.226 Y102.430 E0.10511
G1 X137.390 Y103.393 E0.10668
G1 X137.440 Y103.843 E0.04939
G1 X137.492 Y104.833 E0.10827
M73 Q54 S9
G1 X137.490 Y105.286 E0.04939
G1 X137.428 Y106.275 E0.10814
G1 X137.370 Y106.746 E0.05188
G1 X137.200 Y107.686 E0.10428
G1 X136.954 Y108.631 E0.10659
G1 X136.806 Y109.083 E0.05188
G1 X136.460 Y109.973 E0.10428
G1 X136.042 Y110.842 E0.10513
G1 X135.552 Y111.687 E0.10668
G1 X135.303 Y112.066 E0.04948
G1 X134.719 Y112.848 E0.10649
G1 X134.070 Y113.589 E0.10759
G1 X133.388 Y114.258 E0.10425
G1 X132.673 Y114.859 E0.10197
G1 X131.879 Y115.427 E0.10658
G1 X131.035 Y115.937 E0.10759
M73 P54 R9
G1 X130.182 Y116.367 E0.10425
G1 X129.767 Y116.547 E0.04942
G1 X128.836 Y116.889 E0.10827
G1 X128.404 Y117.020 E0.04929
G1 X127.431 Y117.252 E0.10917
G1 X126.488 Y117.403 E0.10425
G1 X126.038 Y117.449 E0.04932
G1 X125.039 Y117.491 E0.10917
G1 X124.084 Y117.458 E0.10425
G1 X123.633 Y117.417 E0.04942
G1 X122.667 Y117.271 E0.10668
G1 X121.715 Y117.052 E0.10668
G1 X121.280 Y116.925 E0.04939
G1 X120.360 Y116.597 E0.10668
G1 X119.480 Y116.205 E0.10509
G1 X118.631 Y115.746 E0.10537
G1 X117.824 Y115.224 E0.10486
G1 X117.060 Y114.643 E0.10483
G1 X116.343 Y114.005 E0.10477
G1 X115.645 Y113.273 E0.11039
G1 X119.459 Y109.459 E0.58885
G1 X119.665 Y110.225 E0.08661
M204 S1000
G1 X120.164 Y109.836 F10800.000
M204 S800
G1 F1689
G1 X126.771 Y111.606 E0.74658
G1 X131.607 Y106.770 E0.74658
G1 X129.837 Y100.163 E0.74658
G1 X128.333 Y99.760 E0.16997
G1 X133.237 Y94.856 E0.75704
G1 X133.888 Y95.407 E0.09311
G1 X134.589 Y96.108 E0.10819
G1 X135.256 Y96.887 E0.11191
G1 X135.844 Y97.692 E0.10886
G1 X136.113 Y98.107 E0.05391
G1 X136.617 Y98.996 E0.11159
G1 X137.048 Y99.916 E0.11094
G1 X137.232 Y100.375 E0.05399
G1 X137.552 Y101.332 E0.11007
G1 X137.797 Y102.309 E0.11002
G1 X137.968 Y103.312 E0.11098
G1 X138.021 Y103.795 E0.05307
G1 X138.076 Y104.819 E0.11195
G1 X138.073 Y105.305 E0.05307
G1 X138.009 Y106.328 E0.11187
G1 X137.947 Y106.834 E0.05558
G1 X137.770 Y107.812 E0.10853
G1 X137.514 Y108.795 E0.11092
G1 X137.356 Y109.280 E0.05558
G1 X136.995 Y110.206 E0.10853
G1 X136.558 Y111.115 E0.11003
G1 X136.049 Y111.994 E0.11098
G1 X135.781 Y112.401 E0.05316
G1 X135.173 Y113.215 E0.11083
G1 X134.494 Y113.990 E0.11251
G1 X133.784 Y114.686 E0.10851
G1 X133.026 Y115.323 E0.10809
G1 X132.200 Y115.915 E0.11092
G1 X131.318 Y116.448 E0.11251
G1 X130.430 Y116.895 E0.10851
G1 X129.984 Y117.089 E0.05309
G1 X129.021 Y117.442 E0.11195
G1 X128.556 Y117.583 E0.05301
G1 X127.545 Y117.825 E0.11348
G1 X126.563 Y117.982 E0.10851
G1 X126.080 Y118.031 E0.05303
G1 X125.041 Y118.075 E0.11349
G1 X124.048 Y118.041 E0.10851
G1 X123.563 Y117.996 E0.05309
G1 X122.558 Y117.845 E0.11098
G1 X121.567 Y117.617 E0.11098
G1 X121.100 Y117.480 E0.05307
G1 X120.143 Y117.139 E0.11098
G1 X119.222 Y116.729 E0.11000
G1 X118.334 Y116.248 E0.11028
G1 X117.489 Y115.702 E0.10976
G1 X116.689 Y115.094 E0.10973
G1 X115.939 Y114.426 E0.10966
G1 X115.243 Y113.703 E0.10950
G1 X114.857 Y113.235 E0.06612
G1 X119.761 Y108.332 E0.75697
G1 X120.141 Y109.749 E0.16014
M204 S1000
G1 X120.641 Y109.359 F10800.000
M204 S800
;TYPE:External perimeter
G1 F1689
G1 X126.597 Y110.955 E0.67305
G1 X130.957 Y106.595 E0.67305
G1 X129.361 Y100.639 E0.67305
G1 X127.206 Y100.062 E0.24350
G1 X132.982 Y94.286 E0.89165
G1 X131.860 Y93.558 E0.14599
G1 X131.225 Y93.200 E0.07957
G1 X130.408 Y92.804 E0.09909
G1 X129.766 Y92.539 E0.07582
G1 X128.875 Y92.234 E0.10279
G1 X128.344 Y92.087 E0.06012
G1 X129.093 Y91.968 E0.08274
G1 X129.853 Y92.231 E0.08784
G1 X130.500 Y92.497 E0.07629
G1 X131.250 Y92.853 E0.09067
G1 X131.735 Y93.115 E0.06014
G1 X132.201 Y93.391 E0.05912
G1 X133.042 Y93.958 E0.11076
G1 X133.893 Y94.631 E0.11840
G1 X134.289 Y94.983 E0.05781
G1 X135.017 Y95.712 E0.11246
G1 X135.713 Y96.524 E0.11681
G1 X136.325 Y97.361 E0.11313
G1 X136.612 Y97.804 E0.05758
G1 X137.136 Y98.728 E0.11591
G1 X137.584 Y99.684 E0.11526
G1 X137.780 Y100.175 E0.05768
G1 X138.112 Y101.168 E0.11436
G1 X138.368 Y102.189 E0.11492
G1 X138.546 Y103.231 E0.11528
G1 X138.603 Y103.747 E0.05676
G1 X138.659 Y104.805 E0.11564
G1 X138.657 Y105.325 E0.05676
G1 X138.590 Y106.382 E0.11561
G1 X138.524 Y106.921 E0.05928
G1 X138.341 Y107.938 E0.11278
G1 X138.074 Y108.960 E0.11526
G1 X137.906 Y109.476 E0.05928
G1 X137.531 Y110.439 E0.11278
G1 X137.075 Y111.388 E0.11493
G1 X136.545 Y112.301 E0.11528
G1 X136.258 Y112.736 E0.05685
G1 X135.627 Y113.582 E0.11516
G1 X134.919 Y114.391 E0.11744
G1 X134.181 Y115.115 E0.11277
G1 X133.380 Y115.788 E0.11421
G1 X132.521 Y116.402 E0.11525
G1 X131.600 Y116.959 E0.11744
G1 X130.678 Y117.424 E0.11277
G1 X130.201 Y117.631 E0.05676
G1 X129.206 Y117.996 E0.11564
G1 X128.709 Y118.146 E0.05673
G1 X127.659 Y118.397 E0.11780
G1 X126.639 Y118.561 E0.11277
G1 X126.122 Y118.613 E0.05674
G1 X125.044 Y118.659 E0.11780
G1 X124.011 Y118.623 E0.11277
G1 X123.493 Y118.576 E0.05676
G1 X122.449 Y118.419 E0.11528
G1 X121.420 Y118.181 E0.11528
G1 X120.921 Y118.036 E0.05676
G1 X119.926 Y117.681 E0.11528
G1 X118.964 Y117.253 E0.11492
G1 X118.036 Y116.750 E0.11520
G1 X117.154 Y116.180 E0.11467
G1 X116.318 Y115.544 E0.11463
G1 X115.534 Y114.847 E0.11456
G1 X114.807 Y114.092 E0.11443
G1 X114.121 Y113.259 E0.11764
G1 X113.517 Y112.396 E0.11511
G1 X113.231 Y111.932 E0.05945
G1 X112.756 Y111.054 E0.10891
G1 X112.334 Y110.111 E0.11283
G1 X111.970 Y109.089 E0.11833
G1 X112.089 Y108.332 E0.08368
G1 X112.334 Y109.186 E0.09695
G1 X112.675 Y110.102 E0.10678
G1 X112.942 Y110.704 E0.07183
G1 X113.323 Y111.449 E0.09130
G1 X113.730 Y112.135 E0.08711
G1 X114.291 Y112.977 E0.11042
G1 X120.063 Y107.205 E0.89106
G1 X120.617 Y109.273 E0.23368
M204 S1000
G1 X120.940 Y109.880 F10800.000
;WIPE_START
G1 F8640.000
G1 X122.350 Y109.760 E-0.47500
;WIPE_END
G1 E-0.02500 F2400.000
G1 Z12.750 F10800.000
G1 X119.673 Y110.489
G1 Z12.350
G1 E0.50000 F2400.000
;TYPE:Solid infill
;WIDTH:0.796686
G1 F1689
G1 X116.376 Y113.786 E0.61064
;WIPE_START
G1 F8640.000
G1 X117.649 Y112.513 E-0.47500
;WIPE_END
G1 E-0.02500 F2400.000
G1 Z12.750 F10800.000
G1 X118.855 Y112.214
G1 Z12.350
G1 E0.50000 F2400.000
;TYPE:Internal infill
;WIDTH:0.68
G1 F1689
G1 X117.209 Y113.860 E0.25411
G1 X117.138 Y114.126 E0.03004
G1 X117.338 Y114.305 E0.02931
G1 X118.076 Y114.866 E0.10115
G1 X118.992 Y115.443 E0.11814
;WIPE_START
G1 F8640.000
G1 X118.076 Y114.866 E-0.28562
G1 X117.505 Y114.431 E-0.18938
;WIPE_END
G1 E-0.02500 F2400.000
G1 Z12.750 F10800.000
G1 X135.425 Y111.034
G1 Z12.350
G1 E0.50000 F2400.000
G1 F1689
G1 X135.655 Y110.637 E0.05015
G1 X136.058 Y109.799 E0.10146
G1 X136.378 Y108.978 E0.09614
G1 X132.114 Y104.714 E0.65822
G1 X132.157 Y104.875 E0.01818
G1 X136.971 Y103.585 E0.54399
G1 X137.003 Y103.879 E0.03223
G1 X137.047 Y104.697 E0.08942
G1 X131.710 Y99.360 E0.82384
G1 X132.061 Y99.009 E0.05418
G1 X131.323 Y101.763 E0.31122
G1 X131.251 Y101.494 E0.03040
G1 X136.057 Y100.206 E0.54309
G1 X135.709 Y99.465 E0.08931
G1 X135.610 Y99.289 E0.02205
G1 X131.334 Y115.245 E1.80301
M73 Q55 S9
G1 X131.638 Y115.061 E0.03872
G1 X132.175 Y114.677 E0.07211
G1 X128.660 Y111.161 E0.54267
M73 P55 R9
G1 X128.858 Y110.963 E0.03055
G1 X127.285 Y116.833 E0.66323
G1 X128.289 Y116.597 E0.11260
G1 X128.934 Y116.386 E0.07406
G1 X124.640 Y112.092 E0.66290
G1 X124.912 Y112.165 E0.03070
G1 X123.623 Y116.973 E0.54332
G1 X124.112 Y117.021 E0.05360
G1 X124.637 Y117.039 E0.05731
G1 X119.333 Y111.736 E0.81863
G1 X119.062 Y112.008 E0.04196
G1 X121.694 Y111.303 E0.29745
G1 X121.530 Y111.259 E0.01848
G1 X120.242 Y116.066 E0.54321
G1 X119.674 Y115.813 E0.06794
G1 X119.248 Y115.582 E0.05283
G1 X135.279 Y111.287 E1.81151
G1 X134.944 Y111.814 E0.06816
G1 X134.653 Y112.204 E0.05315
G1 X131.135 Y108.686 E0.54312
G1 X131.016 Y108.805 E0.01833
G1 X136.835 Y107.246 E0.65757
G1 X136.937 Y106.681 E0.06265
G1 X136.992 Y106.234 E0.04911
G1 X137.052 Y105.271 E0.10534
G1 X137.054 Y104.988 E0.03087
;WIPE_START
G1 F8640.000
G1 X137.052 Y105.271 E-0.07463
G1 X136.992 Y106.234 E-0.25467
G1 X136.937 Y106.681 E-0.11873
G1 X136.919 Y106.781 E-0.02698
;WIPE_END
G1 E-0.02500 F2400.000
G1 Z12.750 F10800.000
G1 X135.466 Y99.036
G1 Z12.350
G1 E0.50000 F2400.000
G1 F1689
G1 X135.239 Y98.636 E0.05012
G1 X135.003 Y98.271 E0.04747
G1 X134.455 Y97.521 E0.10138
G1 X134.099 Y97.106 E0.05964
G1 X133.913 Y97.156 E0.02101
G1 X132.267 Y98.802 E0.25411
;WIPE_START
G1 F8640.000
G1 X133.540 Y97.530 E-0.47500
;WIPE_END
G1 E-0.02500 F2400.000
G1 Z12.750 F10800.000
G1 X130.491 Y99.671
G1 Z12.350
G1 E0.50000 F2400.000
;TYPE:Solid infill
;WIDTH:0.796686
G1 F1689
G1 X133.785 Y96.377 E0.61020
; stop printing object C:/Users/orcas/AppData/Local/Temp/Neutron/Body1.stl id:0 copy 0
;LAYER_CHANGE
;Z:12.8
;HEIGHT:0.45
;BEFORE_LAYER_CHANGE
G92 E0.0
;12.8


;WIPE_START
G1 F8640.000
G1 X132.512 Y97.650 E-0.47500
;WIPE_END
G1 E-0.02500 F2400.000
G1 Z12.750 F10800.000
G1 Z12.800
;AFTER_LAYER_CHANGE
;12.8
; printing object C:/Users/orcas/AppData/Local/Temp/Neutron/Body1.stl id:0 copy 0
G1 Z13.200
G1 X119.688 Y110.312
G1 Z12.800
G1 E0.50000 F2400.000
M204 S800
;TYPE:Perimeter
;WIDTH:0.68
G1 F1632
G1 X126.945 Y112.257 E0.82012
G1 X132.258 Y106.944 E0.82012
G1 X130.313 Y99.687 E0.82012
G1 X129.962 Y99.592 E0.03972
G1 X133.604 Y95.950 E0.56217
G1 X134.181 Y96.528 E0.08911
G1 X134.789 Y97.237 E0.10195
G1 X135.073 Y97.610 E0.05116
G1 X135.633 Y98.442 E0.10943
G1 X136.105 Y99.276 E0.10470
G1 X136.305 Y99.682 E0.04935
G1 X136.691 Y100.598 E0.10848
G1 X136.996 Y101.509 E0.10490
G1 X137.118 Y101.960 E0.05101
G1 X137.223 Y102.415 E0.05097
G1 X137.387 Y103.379 E0.10668
G1 X137.475 Y104.336 E0.10490
G1 X137.487 Y105.344 E0.11003
G1 X137.428 Y106.275 E0.10186
G1 X137.373 Y106.725 E0.04946
G1 X137.198 Y107.701 E0.10827
G1 X137.092 Y108.141 E0.04939
G1 X136.809 Y109.075 E0.10649
G1 X136.441 Y110.013 E0.11003
G1 X136.036 Y110.854 E0.10186
G1 X135.817 Y111.250 E0.04946
G1 X135.294 Y112.077 E0.10678
G1 X134.710 Y112.860 E0.10659
G1 X134.410 Y113.218 E0.05098
G1 X134.096 Y113.563 E0.05097
G1 X133.398 Y114.248 E0.10668
G1 X132.661 Y114.867 E0.10509
G1 X131.866 Y115.436 E0.10668
G1 X131.484 Y115.678 E0.04939
G1 X130.629 Y116.152 E0.10668
G1 X129.740 Y116.558 E0.10668
G1 X129.320 Y116.721 E0.04919
G1 X128.346 Y117.034 E0.11162
G1 X127.439 Y117.252 E0.10186
G1 X126.981 Y117.334 E0.05080
G1 X126.473 Y117.404 E0.05592
G1 X125.545 Y117.479 E0.10172
G1 X124.536 Y117.482 E0.11010
G1 X123.605 Y117.414 E0.10186
G1 X122.681 Y117.275 E0.10200
G1 X121.729 Y117.055 E0.10668
G1 X120.810 Y116.767 E0.10510
G1 X119.916 Y116.410 E0.10510
G1 X119.052 Y115.984 E0.10512
G1 X118.234 Y115.500 E0.10380
G1 X117.451 Y114.951 E0.10436
G1 X116.683 Y114.320 E0.10850
G1 X115.949 Y113.606 E0.11180
G1 X119.594 Y109.961 E0.56268
G1 X119.665 Y110.225 E0.02989
M204 S1000
G1 X120.164 Y109.836 F10800.000
M204 S800
G1 F1632
G1 X126.771 Y111.606 E0.74658
G1 X131.607 Y106.770 E0.74658
G1 X129.837 Y100.163 E0.74658
G1 X128.835 Y99.894 E0.11325
G1 X133.584 Y95.146 E0.73302
G1 X133.869 Y95.391 E0.04111
G1 X134.609 Y96.131 E0.11426
G1 X135.242 Y96.870 E0.10620
G1 X135.547 Y97.270 E0.05486
G1 X136.129 Y98.135 E0.11378
G1 X136.621 Y99.003 E0.10898
G1 X136.836 Y99.439 E0.05305
G1 X137.238 Y100.391 E0.11279
G1 X137.554 Y101.340 E0.10918
G1 X137.684 Y101.818 E0.05407
G1 X137.795 Y102.301 E0.05404
G1 X137.966 Y103.303 E0.11098
G1 X138.058 Y104.306 E0.10989
G1 X138.071 Y105.359 E0.11497
G1 X138.009 Y106.329 E0.10608
G1 X137.951 Y106.812 E0.05312
G1 X137.769 Y107.821 E0.11195
G1 X137.655 Y108.294 E0.05307
G1 X137.361 Y109.266 E0.11086
G1 X136.977 Y110.247 E0.11497
G1 X136.555 Y111.122 E0.10608
G1 X136.319 Y111.548 E0.05311
G1 X135.775 Y112.408 E0.11107
G1 X135.168 Y113.222 E0.11088
G1 X134.849 Y113.601 E0.05405
G1 X134.516 Y113.968 E0.05404
G1 X133.791 Y114.680 E0.11098
G1 X133.019 Y115.328 E0.11001
G1 X132.192 Y115.920 E0.11098
G1 X131.781 Y116.180 E0.05307
G1 X130.892 Y116.673 E0.11098
G1 X129.967 Y117.096 E0.11098
G1 X129.515 Y117.272 E0.05295
G1 X128.504 Y117.596 E0.11594
G1 X127.559 Y117.823 E0.10608
G1 X126.537 Y117.984 E0.11292
G1 X125.569 Y118.063 E0.10600
G1 X124.515 Y118.065 E0.11501
G1 X123.546 Y117.994 E0.10608
G1 X122.567 Y117.847 E0.10811
G1 X121.576 Y117.619 E0.11098
G1 X120.614 Y117.317 E0.11001
G1 X119.678 Y116.943 E0.11001
G1 X118.774 Y116.498 E0.11002
G1 X117.917 Y115.990 E0.10868
G1 X117.097 Y115.416 E0.10927
G1 X116.295 Y114.756 E0.11342
G1 X115.598 Y114.086 E0.10553
G1 X115.144 Y113.585 E0.07376
G1 X119.896 Y108.834 E0.73349
G1 X120.141 Y109.749 E0.10343
M204 S1000
G1 X120.641 Y109.359 F10800.000
M204 S800
;TYPE:External perimeter
G1 F1632
G1 X126.597 Y110.955 E0.67305
G1 X130.957 Y106.595 E0.67305
G1 X129.361 Y100.639 E0.67305
M73 P55 R8
G1 X127.708 Y100.196 E0.18679
M73 Q56 S9
G1 X133.338 Y94.566 E0.86915
M73 Q56 S8
G1 X132.412 Y93.907 E0.12411
G1 X131.675 Y93.449 E0.09472
G1 X130.998 Y93.084 E0.08388
G1 X130.287 Y92.751 E0.08570
G1 X129.496 Y92.439 E0.09281
M73 P56 R8
G1 X128.853 Y92.228 E0.07384
G1 X129.573 Y92.129 E0.07929
G1 X130.260 Y92.393 E0.08032
G1 X130.813 Y92.639 E0.06611
G1 X131.322 Y92.891 E0.06199
G1 X132.146 Y93.358 E0.10335
G1 X133.081 Y93.986 E0.12288
G1 X133.511 Y94.315 E0.05912
G1 X134.266 Y94.963 E0.10863
G1 X135.038 Y95.735 E0.11915
G1 X135.696 Y96.503 E0.11044
G1 X136.022 Y96.930 E0.05856
G1 X136.626 Y97.828 E0.11813
G1 X137.137 Y98.730 E0.11326
G1 X137.367 Y99.197 E0.05675
G1 X137.784 Y100.185 E0.11711
G1 X138.113 Y101.171 E0.11345
G1 X138.250 Y101.676 E0.05712
G1 X138.368 Y102.186 E0.05711
G1 X138.545 Y103.227 E0.11528
G1 X138.641 Y104.275 E0.11488
G1 X138.654 Y105.374 E0.11991
G1 X138.590 Y106.382 E0.11031
G1 X138.528 Y106.899 E0.05677
G1 X138.340 Y107.941 E0.11564
G1 X138.218 Y108.447 E0.05676
G1 X137.912 Y109.457 E0.11523
G1 X137.512 Y110.480 E0.11991
G1 X137.073 Y111.390 E0.11031
G1 X136.821 Y111.845 E0.05677
G1 X136.256 Y112.739 E0.11537
G1 X135.625 Y113.585 E0.11518
G1 X135.289 Y113.985 E0.05711
G1 X134.937 Y114.373 E0.05711
G1 X134.183 Y115.112 E0.11528
G1 X133.377 Y115.789 E0.11492
G1 X132.518 Y116.404 E0.11528
G1 X132.079 Y116.682 E0.05676
G1 X131.155 Y117.194 E0.11528
G1 X130.195 Y117.633 E0.11528
G1 X129.710 Y117.822 E0.05671
G1 X128.661 Y118.159 E0.12027
G1 X127.679 Y118.394 E0.11031
G1 X127.164 Y118.487 E0.05707
G1 X126.600 Y118.564 E0.06211
G1 X125.593 Y118.646 E0.11027
G1 X124.495 Y118.649 E0.11993
G1 X123.487 Y118.575 E0.11031
G1 X122.452 Y118.419 E0.11422
G1 X121.423 Y118.182 E0.11528
G1 X120.418 Y117.868 E0.11492
G1 X119.441 Y117.476 E0.11492
G1 X118.496 Y117.011 E0.11493
G1 X117.601 Y116.481 E0.11356
G1 X116.744 Y115.881 E0.11419
G1 X115.907 Y115.192 E0.11834
G1 X115.182 Y114.495 E0.10982
G1 X114.781 Y114.063 E0.06426
G1 X114.113 Y113.248 E0.11504
G1 X113.511 Y112.387 E0.11468
G1 X112.978 Y111.483 E0.11458
G1 X112.517 Y110.543 E0.11426
G1 X112.132 Y109.567 E0.11449
G1 X112.231 Y108.847 E0.07929
G1 X112.554 Y109.800 E0.10977
G1 X112.841 Y110.485 E0.08108
G1 X113.235 Y111.286 E0.09751
G1 X113.558 Y111.858 E0.07164
G1 X113.909 Y112.411 E0.07155
G1 X114.567 Y113.337 E0.12396
G1 X120.198 Y107.707 E0.86915
G1 X120.617 Y109.273 E0.17696
M204 S1000
G1 X120.950 Y109.873 F10800.000
;WIPE_START
G1 F8640.000
G1 X122.350 Y109.760 E-0.47500
;WIPE_END
G1 E-0.02500 F2400.000
G1 Z13.200 F10800.000
G1 X119.778 Y111.474
G1 Z12.800
G1 E0.50000 F2400.000
;TYPE:Solid infill
;WIDTH:0.723148
G1 F1632
G1 X119.239 Y110.934 E0.08943
G1 X118.796 Y111.377 E0.07345
G1 X119.150 Y111.731 E0.05866
G1 X118.707 Y112.174 E0.07345
G1 X118.353 Y111.820 E0.05866
G1 X117.910 Y112.263 E0.07345
G1 X118.264 Y112.617 E0.05866
G1 X117.821 Y113.060 E0.07345
G1 X117.467 Y112.706 E0.05866
G1 X117.024 Y113.149 E0.07345
G1 X117.378 Y113.503 E0.05866
G1 X116.934 Y113.946 E0.07345
G1 X116.395 Y113.407 E0.08944
;WIPE_START
G1 F8640.000
G1 X116.934 Y113.946 E-0.20133
G1 X117.378 Y113.503 E-0.16535
G1 X117.087 Y113.213 E-0.10832
;WIPE_END
G1 E-0.02500 F2400.000
G1 Z13.200 F10800.000
G1 X125.382 Y117.042
G1 Z12.800
G1 E0.50000 F2400.000
;TYPE:Internal infill
;WIDTH:0.68
G1 F1632
G1 X126.426 Y116.969 E0.11423
G1 X126.938 Y116.897 E0.05645
G1 X128.408 Y111.413 E0.61970
G1 X128.885 Y110.936 E0.07364
G1 X132.434 Y114.486 E0.54794
G1 X131.622 Y115.073 E0.10941
G1 X130.943 Y115.478 E0.08629
G1 X135.386 Y98.894 E1.87396
G1 X135.718 Y99.481 E0.07358
G1 X135.907 Y99.864 E0.04658
G1 X136.177 Y100.503 E0.07577
G1 X131.333 Y101.801 E0.54734
G1 X131.158 Y101.148 E0.07379
G1 X131.378 Y100.328 E0.09267
G1 X132.253 Y99.453 E0.13509
G1 X137.025 Y104.225 E0.73670
G1 X136.996 Y103.908 E0.03482
G1 X132.239 Y105.182 E0.53757
G1 X131.949 Y104.099 E0.12237
G1 X136.485 Y108.635 E0.70020
G1 X136.669 Y108.026 E0.06946
G1 X136.773 Y107.592 E0.04877
G1 X130.566 Y109.255 E0.70136
G1 X131.360 Y108.461 E0.12252
G1 X134.846 Y111.947 E0.53806
G1 X135.025 Y111.684 E0.03471
G1 X119.667 Y115.799 E1.73550
G1 X119.947 Y115.937 E0.03411
G1 X121.223 Y111.177 E0.53799
G1 X122.308 Y111.467 E0.12267
G1 X119.481 Y112.225 E0.31953
G1 X119.877 Y111.829 E0.06108
G1 X125.090 Y117.043 E0.80481
G1 X124.551 Y117.044 E0.05882
G1 X123.650 Y116.978 E0.09869
G1 X123.304 Y116.933 E0.03800
G1 X124.604 Y112.083 E0.54813
G1 X125.255 Y112.257 E0.07349
G1 X129.269 Y116.272 E0.61975
G1 X128.228 Y116.613 E0.11956
G1 X127.225 Y116.846 E0.11242
;WIPE_START
G1 F8640.000
G1 X128.228 Y116.613 E-0.27178
G1 X128.960 Y116.373 E-0.20322
;WIPE_END
G1 E-0.02500 F2400.000
G1 Z13.200 F10800.000
G1 X130.749 Y99.053
G1 Z12.800
G1 E0.50000 F2400.000
;TYPE:Solid infill
;WIDTH:0.722232
G1 F1632
G1 X131.288 Y99.593 E0.08930
G1 X131.731 Y99.150 E0.07324
G1 X131.377 Y98.796 E0.05857
G1 X131.819 Y98.354 E0.07324
G1 X132.173 Y98.708 E0.05857
G1 X132.615 Y98.265 E0.07324
G1 X132.262 Y97.912 E0.05857
G1 X132.704 Y97.469 E0.07324
G1 X133.058 Y97.823 E0.05857
G1 X133.500 Y97.381 E0.07324
G1 X133.146 Y97.027 E0.05857
G1 X133.589 Y96.584 E0.07324
G1 X134.128 Y97.124 E0.08931
; stop printing object C:/Users/orcas/AppData/Local/Temp/Neutron/Body1.stl id:0 copy 0
;LAYER_CHANGE
;Z:13.25
;HEIGHT:0.45
;BEFORE_LAYER_CHANGE
G92 E0.0
;13.25


;WIPE_START
G1 F8640.000
G1 X133.589 Y96.584 E-0.20133
G1 X133.146 Y97.027 E-0.16511
G1 X133.437 Y97.318 E-0.10856
;WIPE_END
G1 E-0.02500 F2400.000
G1 Z13.200 F10800.000
G1 Z13.250
;AFTER_LAYER_CHANGE
;13.25
; printing object C:/Users/orcas/AppData/Local/Temp/Neutron/Body1.stl id:0 copy 0
G1 Z13.650
G1 X126.945 Y112.257
G1 Z13.250
G1 E0.50000 F2400.000
M204 S800
;TYPE:Perimeter
;WIDTH:0.68
G1 F1674
G1 X132.258 Y106.944 E0.82012
G1 X130.354 Y99.837 E0.80312
G1 X133.928 Y96.263 E0.55170
M73 Q57 S8
G1 X134.177 Y96.523 E0.03937
G1 X134.771 Y97.217 E0.09964
G1 X135.368 Y98.031 E0.11019
G1 X135.856 Y98.818 E0.10111
G1 X136.093 Y99.253 E0.05402
G1 X136.506 Y100.133 E0.10616
G1 X136.867 Y101.098 E0.11248
G1 X137.121 Y101.973 E0.09947
G1 X137.223 Y102.415 E0.04950
G1 X137.390 Y103.393 E0.10827
G1 X137.440 Y103.843 E0.04939
G1 X137.492 Y104.830 E0.10791
G1 X137.487 Y105.350 E0.05678
M73 P57 R8
G1 X137.429 Y106.260 E0.09954
G1 X137.293 Y107.229 E0.10679
G1 X137.204 Y107.673 E0.04939
G1 X136.957 Y108.618 E0.10668
G1 X136.643 Y109.528 E0.10510
G1 X136.255 Y110.422 E0.10632
G1 X136.018 Y110.885 E0.05678
G1 X135.553 Y111.686 E0.10113
G1 X135.303 Y112.066 E0.04959
G1 X134.719 Y112.848 E0.10658
G1 X134.085 Y113.574 E0.10510
G1 X133.398 Y114.248 E0.10510
G1 X132.650 Y114.876 E0.10668
G1 X132.275 Y115.156 E0.05097
G1 X131.891 Y115.420 E0.05098
G1 X131.057 Y115.925 E0.10640
G1 X130.135 Y116.386 E0.11248
G1 X129.292 Y116.732 E0.09947
G1 X128.853 Y116.883 E0.05072
G1 X128.340 Y117.036 E0.05836
G1 X127.453 Y117.248 E0.09954
G1 X126.502 Y117.401 E0.10520
G1 X125.528 Y117.481 E0.10668
G1 X125.061 Y117.492 E0.05097
G1 X124.594 Y117.485 E0.05098
G1 X123.619 Y117.415 E0.10668
G1 X122.670 Y117.272 E0.10481
G1 X121.666 Y117.037 E0.11248
G1 X120.797 Y116.763 E0.09947
G1 X120.373 Y116.603 E0.04950
G1 X119.479 Y116.205 E0.10676
G1 X118.651 Y115.757 E0.10278
G1 X118.213 Y115.487 E0.05619
G1 X117.419 Y114.927 E0.10602
G1 X116.679 Y114.316 E0.10472
G1 X116.269 Y113.922 E0.06214
G1 X119.838 Y110.352 E0.55099
G1 X126.858 Y112.234 E0.79329
M204 S1000
G1 X126.771 Y111.606 F10800.000
M204 S800
G1 F1674
G1 X131.607 Y106.770 E0.74658
G1 X129.837 Y100.163 E0.74658
G1 X129.337 Y100.029 E0.05653
G1 X133.923 Y95.442 E0.70800
G1 X134.610 Y96.131 E0.10616
G1 X135.229 Y96.854 E0.10385
G1 X135.852 Y97.704 E0.11507
G1 X136.360 Y98.525 E0.10535
G1 X136.614 Y98.989 E0.05773
G1 X137.044 Y99.907 E0.11066
G1 X137.421 Y100.914 E0.11743
G1 X137.686 Y101.826 E0.10365
G1 X137.795 Y102.301 E0.05314
G1 X137.968 Y103.312 E0.11195
G1 X138.021 Y103.795 E0.05307
G1 X138.076 Y104.817 E0.11173
G1 X138.070 Y105.371 E0.06050
G1 X138.010 Y106.320 E0.10370
G1 X137.868 Y107.327 E0.11105
G1 X137.773 Y107.804 E0.05307
G1 X137.516 Y108.788 E0.11098
G1 X137.187 Y109.740 E0.11001
G1 X136.783 Y110.671 E0.11076
G1 X136.531 Y111.165 E0.06050
G1 X136.049 Y111.994 E0.10467
G1 X135.780 Y112.401 E0.05324
G1 X135.173 Y113.215 E0.11088
G1 X134.510 Y113.974 E0.11001
G1 X133.791 Y114.680 E0.11001
G1 X133.012 Y115.334 E0.11098
G1 X132.615 Y115.630 E0.05404
G1 X132.207 Y115.910 E0.05404
G1 X131.339 Y116.436 E0.11080
G1 X130.377 Y116.918 E0.11743
G1 X129.498 Y117.278 E0.10366
G1 X129.031 Y117.439 E0.05389
G1 X128.492 Y117.600 E0.06147
G1 X127.568 Y117.821 E0.10370
G1 X126.572 Y117.980 E0.11007
G1 X125.559 Y118.064 E0.11098
G1 X125.064 Y118.076 E0.05404
G1 X124.569 Y118.068 E0.05404
G1 X123.555 Y117.995 E0.11098
G1 X122.559 Y117.845 E0.10983
G1 X121.512 Y117.600 E0.11743
G1 X120.606 Y117.315 E0.10366
G1 X120.151 Y117.143 E0.05314
G1 X119.222 Y116.729 E0.11103
G1 X118.359 Y116.263 E0.10707
G1 X117.891 Y115.974 E0.05997
G1 X117.065 Y115.391 E0.11037
G1 X116.291 Y114.752 E0.10954
G1 X115.445 Y113.920 E0.12948
G1 X120.030 Y109.336 E0.70774
G1 X120.164 Y109.836 E0.05653
G1 X126.684 Y111.583 E0.73676
M204 S1000
G1 X126.597 Y110.955 F10800.000
M204 S800
;TYPE:External perimeter
G1 F1674
G1 X130.957 Y106.595 E0.67305
G1 X129.361 Y100.639 E0.67305
G1 X128.210 Y100.331 E0.13007
G1 X133.687 Y94.853 E0.84557
G1 X132.683 Y94.094 E0.13742
G1 X132.144 Y93.733 E0.07076
G1 X131.574 Y93.391 E0.07256
G1 X130.735 Y92.955 E0.10329
G1 X130.105 Y92.674 E0.07526
G1 X129.341 Y92.386 E0.08917
G1 X130.037 Y92.305 E0.07658
G1 X130.821 Y92.643 E0.09312
G1 X131.348 Y92.905 E0.06434
G1 X132.128 Y93.348 E0.09783
G1 X132.617 Y93.660 E0.06337
G1 X133.530 Y94.330 E0.12357
G1 X134.262 Y94.959 E0.10533
G1 X134.662 Y95.343 E0.06058
G1 X135.042 Y95.739 E0.05993
G1 X135.686 Y96.491 E0.10806
G1 X136.336 Y97.378 E0.11996
G1 X136.865 Y98.231 E0.10959
G1 X137.134 Y98.725 E0.06144
G1 X137.582 Y99.680 E0.11516
G1 X137.975 Y100.731 E0.12238
G1 X138.251 Y101.679 E0.10784
G1 X138.368 Y102.186 E0.05678
G1 X138.546 Y103.231 E0.11564
G1 X138.603 Y103.747 E0.05676
G1 X138.659 Y104.804 E0.11555
G1 X138.654 Y105.393 E0.06423
G1 X138.591 Y106.379 E0.10786
G1 X138.443 Y107.425 E0.11530
G1 X138.341 Y107.935 E0.05676
G1 X138.075 Y108.957 E0.11528
G1 X137.731 Y109.952 E0.11492
G1 X137.311 Y110.920 E0.11520
G1 X137.043 Y111.444 E0.06423
G1 X136.545 Y112.301 E0.10822
G1 X136.258 Y112.736 E0.05688
G1 X135.627 Y113.582 E0.11518
G1 X134.935 Y114.375 E0.11492
G1 X134.183 Y115.112 E0.11492
G1 X133.374 Y115.792 E0.11528
G1 X132.524 Y116.401 E0.11421
G1 X131.621 Y116.948 E0.11521
G1 X130.618 Y117.449 E0.12238
G1 X129.704 Y117.824 E0.10784
G1 X129.210 Y117.995 E0.05706
G1 X128.643 Y118.163 E0.06458
G1 X127.682 Y118.393 E0.10786
G1 X126.642 Y118.560 E0.11494
G1 X125.590 Y118.647 E0.11528
G1 X124.543 Y118.652 E0.11421
G1 X123.490 Y118.575 E0.11528
G1 X122.449 Y118.419 E0.11485
G1 X121.358 Y118.163 E0.12238
G1 X120.415 Y117.867 E0.10784
G1 X119.929 Y117.683 E0.05678
G1 X118.964 Y117.253 E0.11530
G1 X118.066 Y116.768 E0.11135
G1 X117.570 Y116.461 E0.06374
G1 X116.710 Y115.855 E0.11473
G1 X115.903 Y115.188 E0.11436
G1 X115.195 Y114.508 E0.10715
G1 X114.771 Y114.051 E0.06797
G1 X114.104 Y113.237 E0.11493
G1 X113.504 Y112.375 E0.11465
G1 X113.043 Y111.600 E0.09837
G1 X112.657 Y110.846 E0.09247
G1 X112.307 Y110.034 E0.09655
G1 X112.389 Y109.332 E0.07714
G1 X112.804 Y110.403 E0.12542
G1 X113.080 Y110.988 E0.07055
G1 X113.394 Y111.575 E0.07260
G1 X113.730 Y112.136 E0.07148
G1 X114.095 Y112.682 E0.07165
G1 X114.854 Y113.686 E0.13743
G1 X120.332 Y108.208 E0.84557
G1 X120.641 Y109.359 E0.13007
G1 X126.510 Y110.932 E0.66322
M204 S1000
G1 X127.070 Y111.324 F10800.000
;WIPE_START
G1 F8640.000
G1 X127.798 Y109.675 E-0.47500
;WIPE_END
G1 E-0.02500 F2400.000
G1 Z13.650 F10800.000
G1 X130.322 Y109.498
G1 Z13.250
G1 E0.50000 F2400.000
;TYPE:Internal infill
G1 F1674
G1 X131.585 Y108.236 E0.19488
G1 X135.031 Y111.682 E0.53200
G1 X134.738 Y112.090 E0.05481
G1 X120.114 Y116.009 E1.65259
G1 X119.654 Y115.802 E0.05506
G1 X120.794 Y111.548 E0.48066
G1 X120.420 Y111.923 E0.05774
G1 X125.538 Y117.041 E0.79010
G1 X126.597 Y116.942 E0.11603
G1 X127.958 Y111.863 E0.57396
G1 X127.076 Y112.745 E0.13607
G1 X125.869 Y112.421 E0.13637
G1 X129.586 Y116.138 E0.57375
G1 X129.954 Y115.987 E0.04342
G1 X130.557 Y115.686 E0.07363
G1 X135.157 Y98.521 E1.93969
M73 Q58 S8
G1 X135.478 Y99.038 E0.06648
G1 X135.702 Y99.450 E0.05124
G1 X136.102 Y100.303 E0.10278
G1 X136.289 Y100.803 E0.05822
G1 X131.415 Y102.108 E0.55073
G1 X131.784 Y103.485 E0.15553
G1 X136.590 Y108.291 E0.74188
M73 P58 R8
G1 X136.680 Y107.946 F10800.000
G1 F1674
G1 X130.116 Y109.705 E0.74177
G1 X129.110 Y110.711 E0.15538
G1 X132.679 Y114.281 E0.55096
G1 X133.104 Y113.924 E0.06058
G1 X133.767 Y113.273 E0.10141
G1 X134.430 Y112.504 E0.11087
;WIPE_START
G1 F8640.000
G1 X133.767 Y113.273 E-0.26804
G1 X133.207 Y113.822 E-0.20696
;WIPE_END
G1 E-0.02500 F2400.000
G1 Z13.650 F10800.000
G1 X135.905 Y110.128
G1 Z13.250
G1 E0.50000 F2400.000
G1 F1674
G1 X135.634 Y110.676 E0.06668
G1 X135.430 Y111.028 E0.04443
G1 X137.053 Y104.969 E0.68470
G1 X137.050 Y105.334 E0.03990
G1 X137.008 Y105.983 E0.07101
;WIPE_START
G1 F8640.000
G1 X137.050 Y105.334 E-0.17168
G1 X137.053 Y104.969 E-0.09647
G1 X136.850 Y105.726 E-0.20686
;WIPE_END
G1 E-0.02500 F2400.000
G1 Z13.650 F10800.000
G1 X131.860 Y103.767
G1 Z13.250
G1 E0.50000 F2400.000
G1 F1674
G1 X132.321 Y105.490 E0.19473
G1 X137.022 Y104.230 E0.53117
G1 X136.988 Y103.738 E0.05391
G1 X132.796 Y99.546 E0.64702
G1 X134.564 Y97.778 E0.27288
G1 X134.392 Y97.043 F10800.000
;TYPE:Solid infill
;WIDTH:0.796686
G1 F1674
G1 X130.760 Y100.675 E0.67286
;WIPE_START
G1 F8640.000
G1 X132.032 Y99.402 E-0.47500
;WIPE_END
G1 E-0.02500 F2400.000
G1 Z13.650 F10800.000
G1 X120.676 Y110.758
G1 Z13.250
G1 E0.50000 F2400.000
G1 F1674
G1 X117.044 Y114.390 E0.67282
G1 X117.738 Y114.604 F10800.000
;TYPE:Internal infill
;WIDTH:0.68
G1 F1674
G1 X118.454 Y115.121 E0.09644
G1 X118.990 Y115.443 E0.06819
G1 X117.944 Y114.398 E0.16137
G1 X119.900 Y112.442 E0.30189
G1 X122.923 Y111.632 E0.34161
G1 X124.297 Y112.000 E0.15523
G1 X122.990 Y116.878 E0.55116
G1 X122.752 Y116.842 E0.02625
G1 X121.782 Y116.615 E0.10876
G1 X120.940 Y116.350 E0.09633
G1 X120.584 Y116.215 E0.04154
; stop printing object C:/Users/orcas/AppData/Local/Temp/Neutron/Body1.stl id:0 copy 0
;LAYER_CHANGE
;Z:13.7
;HEIGHT:0.45
;BEFORE_LAYER_CHANGE
G92 E0.0
;13.7


;WIPE_START
G1 F8640.000
G1 X120.940 Y116.350 E-0.10044
G1 X121.782 Y116.615 E-0.23288
G1 X122.305 Y116.737 E-0.14168
;WIPE_END
G1 E-0.02500 F2400.000
G1 Z13.650 F10800.000
G1 Z13.700
;AFTER_LAYER_CHANGE
;13.7
; printing object C:/Users/orcas/AppData/Local/Temp/Neutron/Body1.stl id:0 copy 0
G1 Z14.100
G1 X126.945 Y112.257
G1 Z13.700
G1 E0.50000 F2400.000
M204 S800
;TYPE:Perimeter
G1 F1624
G1 X132.258 Y106.944 E0.82012
G1 X130.488 Y100.339 E0.74640
G1 X134.234 Y96.593 E0.57818
G1 X134.809 Y97.265 E0.09653
G1 X135.342 Y97.992 E0.09839
G1 X135.605 Y98.397 E0.05270
G1 X136.105 Y99.276 E0.11035
G1 X136.323 Y99.721 E0.05410
G1 X136.690 Y100.591 E0.10311
G1 X136.869 Y101.104 E0.05930
G1 X137.117 Y101.959 E0.09716
G1 X137.315 Y102.903 E0.10524
G1 X137.440 Y103.857 E0.10510
G1 X137.492 Y104.833 E0.10668
G1 X137.490 Y105.300 E0.05097
G1 X137.421 Y106.332 E0.11288
G1 X137.293 Y107.228 E0.09874
G1 X137.201 Y107.687 E0.05112
G1 X136.935 Y108.686 E0.11288
G1 X136.638 Y109.541 E0.09875
G1 X136.460 Y109.974 E0.05112
G1 X136.266 Y110.399 E0.05097
G1 X135.809 Y111.263 E0.10668
G1 X135.294 Y112.077 E0.10520
G1 X134.710 Y112.860 E0.10658
G1 X134.419 Y113.206 E0.04939
G1 X133.738 Y113.928 E0.10827
G1 X133.409 Y114.238 E0.04939
G1 X132.661 Y114.867 E0.10668
G1 X131.878 Y115.428 E0.10510
G1 X131.042 Y115.934 E0.10668
G1 X130.642 Y116.146 E0.04939
G1 X129.753 Y116.552 E0.10668
G1 X128.836 Y116.889 E0.10668
G1 X128.403 Y117.020 E0.04939
G1 X127.452 Y117.248 E0.10668
G1 X126.487 Y117.403 E0.10668
G1 X126.023 Y117.450 E0.05098
G1 X124.989 Y117.491 E0.11288
G1 X124.085 Y117.458 E0.09875
G1 X123.633 Y117.417 E0.04954
G1 X122.653 Y117.269 E0.10827
G1 X122.210 Y117.176 E0.04939
G1 X121.255 Y116.917 E0.10802
G1 X120.777 Y116.756 E0.05506
G1 X119.917 Y116.410 E0.10120
G1 X119.051 Y115.984 E0.10526
G1 X118.637 Y115.750 E0.05195
G1 X117.823 Y115.223 E0.10584
G1 X117.107 Y114.681 E0.09802
G1 X116.594 Y114.233 E0.07433
G1 X120.340 Y110.487 E0.57833
G1 X126.858 Y112.234 E0.73657
M204 S1000
G1 X126.771 Y111.606 F10800.000
M204 S800
G1 F1624
G1 X131.607 Y106.770 E0.74658
G1 X129.838 Y100.165 E0.74640
G1 X134.242 Y95.760 E0.67989
G1 X134.566 Y96.085 E0.05007
G1 X135.267 Y96.902 E0.11752
G1 X135.822 Y97.660 E0.10260
G1 X136.104 Y98.093 E0.05636
G1 X136.621 Y99.003 E0.11422
G1 X136.854 Y99.479 E0.05786
G1 X137.234 Y100.382 E0.10689
G1 X137.425 Y100.926 E0.06301
G1 X137.684 Y101.818 E0.10128
G1 X137.891 Y102.805 E0.11010
G1 X138.022 Y103.804 E0.11001
G1 X138.076 Y104.819 E0.11098
G1 X138.073 Y105.314 E0.05404
G1 X138.000 Y106.399 E0.11864
G1 X137.868 Y107.326 E0.10225
G1 X137.771 Y107.813 E0.05413
G1 X137.492 Y108.863 E0.11864
G1 X137.184 Y109.748 E0.10225
G1 X136.996 Y110.206 E0.05413
G1 X136.790 Y110.657 E0.05404
G1 X136.314 Y111.555 E0.11098
G1 X135.775 Y112.408 E0.11011
G1 X135.168 Y113.222 E0.11088
G1 X134.855 Y113.595 E0.05307
G1 X134.151 Y114.341 E0.11195
G1 X133.797 Y114.674 E0.05307
G1 X133.019 Y115.328 E0.11098
G1 X132.200 Y115.915 E0.11001
G1 X131.330 Y116.442 E0.11098
G1 X130.900 Y116.669 E0.05307
G1 X129.975 Y117.092 E0.11098
G1 X129.021 Y117.442 E0.11098
G1 X128.556 Y117.583 E0.05307
G1 X127.567 Y117.821 E0.11098
G1 X126.563 Y117.982 E0.11098
G1 X126.071 Y118.032 E0.05404
G1 X124.984 Y118.074 E0.11864
G1 X124.048 Y118.041 E0.10225
G1 X123.563 Y117.996 E0.05316
G1 X122.549 Y117.844 E0.11195
G1 X122.073 Y117.744 E0.05307
G1 X121.085 Y117.475 E0.11180
G1 X120.575 Y117.303 E0.05878
G1 X119.679 Y116.943 E0.10539
G1 X118.778 Y116.500 E0.10952
G1 X118.335 Y116.249 E0.05566
G1 X117.488 Y115.701 E0.11008
G1 X116.742 Y115.136 E0.10220
G1 X116.292 Y114.753 E0.06440
G1 X115.761 Y114.241 E0.08056
G1 X120.166 Y109.836 E0.67993
G1 X126.684 Y111.583 E0.73657
M204 S1000
G1 X126.597 Y110.955 F10800.000
M204 S800
;TYPE:External perimeter
G1 F1624
G1 X130.957 Y106.595 E0.67305
G1 X129.361 Y100.639 E0.67305
G1 X128.712 Y100.465 E0.07335
G1 X134.024 Y95.153 E0.82001
M73 Q59 S8
G1 X133.206 Y94.481 E0.11549
G1 X132.414 Y93.909 E0.10675
G1 X131.859 Y93.557 E0.07173
G1 X131.245 Y93.211 E0.07684
G1 X130.408 Y92.804 E0.10160
G1 X129.810 Y92.557 E0.07071
G1 X130.492 Y92.494 E0.07479
G1 X131.178 Y92.818 E0.08277
G1 X131.735 Y93.116 E0.06897
G1 X132.245 Y93.420 E0.06486
G1 X132.989 Y93.920 E0.09783
G1 X133.458 Y94.273 E0.06413
G1 X134.320 Y95.013 E0.12398
G1 X134.995 Y95.688 E0.10414
M73 P59 R8
G1 X135.724 Y96.539 E0.12239
G1 X136.302 Y97.329 E0.10681
G1 X136.602 Y97.790 E0.06002
G1 X137.137 Y98.730 E0.11810
G1 X137.385 Y99.237 E0.06162
G1 X137.779 Y100.172 E0.11067
G1 X137.981 Y100.749 E0.06672
G1 X138.250 Y101.676 E0.10540
G1 X138.467 Y102.707 E0.11495
G1 X138.603 Y103.751 E0.11492
G1 X138.659 Y104.805 E0.11528
G1 X138.634 Y105.853 E0.11446
G1 X138.580 Y106.466 E0.06706
G1 X138.443 Y107.425 E0.10576
G1 X138.218 Y108.449 E0.11449
G1 X138.048 Y109.039 E0.06706
G1 X137.730 Y109.955 E0.10576
G1 X137.531 Y110.439 E0.05715
G1 X137.313 Y110.915 E0.05711
G1 X136.819 Y111.848 E0.11528
G1 X136.256 Y112.739 E0.11502
G1 X135.625 Y113.585 E0.11517
G1 X135.291 Y113.983 E0.05676
G1 X134.564 Y114.753 E0.11564
G1 X134.186 Y115.110 E0.05676
G1 X133.377 Y115.789 E0.11528
G1 X132.521 Y116.403 E0.11492
G1 X131.618 Y116.950 E0.11528
G1 X131.158 Y117.193 E0.05676
G1 X130.198 Y117.632 E0.11528
G1 X129.206 Y117.996 E0.11528
G1 X128.708 Y118.146 E0.05676
G1 X127.682 Y118.393 E0.11528
G1 X126.639 Y118.561 E0.11528
G1 X125.594 Y118.646 E0.11446
G1 X124.980 Y118.658 E0.06706
G1 X124.011 Y118.623 E0.10576
G1 X123.493 Y118.576 E0.05679
G1 X122.446 Y118.418 E0.11564
G1 X121.937 Y118.311 E0.05676
G1 X120.915 Y118.034 E0.11558
G1 X120.372 Y117.851 E0.06250
G1 X119.441 Y117.476 E0.10957
G1 X118.506 Y117.016 E0.11378
G1 X118.032 Y116.748 E0.05938
G1 X117.153 Y116.179 E0.11432
G1 X116.376 Y115.591 E0.10638
G1 X115.900 Y115.186 E0.06818
G1 X115.147 Y114.459 E0.11425
G1 X114.521 Y113.759 E0.10250
G1 X114.096 Y113.226 E0.07438
G1 X113.578 Y112.489 E0.09840
G1 X113.175 Y111.834 E0.08397
G1 X112.783 Y111.106 E0.09015
G1 X112.495 Y110.485 E0.07477
G1 X112.557 Y109.799 E0.07521
G1 X112.941 Y110.702 E0.10718
G1 X113.295 Y111.396 E0.08501
G1 X113.729 Y112.135 E0.09358
G1 X114.094 Y112.681 E0.07162
G1 X114.484 Y113.207 E0.07148
G1 X115.154 Y114.023 E0.11526
G1 X120.467 Y108.710 E0.82001
G1 X120.641 Y109.359 E0.07335
G1 X126.510 Y110.932 E0.66322
M204 S1000
G1 X127.078 Y111.314 F10800.000
;WIPE_START
G1 F8640.000
G1 X127.798 Y109.675 E-0.47500
;WIPE_END
G1 E-0.02500 F2400.000
G1 Z14.100 F10800.000
G1 X123.099 Y111.679
G1 Z13.700
G1 E0.50000 F2400.000
;TYPE:Internal infill
G1 F1624
G1 X121.664 Y111.295 E0.16223
G1 X121.668 Y111.311 E0.00184
G1 X120.963 Y112.016 E0.10881
G1 X125.962 Y117.015 E0.77168
G1 X126.255 Y116.987 E0.03216
G1 X127.508 Y112.313 E0.52812
G1 X127.076 Y112.745 E0.06661
G1 X126.484 Y112.586 E0.06691
G1 X129.901 Y116.003 E0.52748
G1 X130.177 Y115.877 E0.03308
G1 X132.458 Y107.363 E0.96216
G1 X132.746 Y107.075 E0.04447
G1 X132.641 Y106.681 E0.04447
G1 X134.924 Y98.162 E0.96276
G1 X134.879 Y98.100 E0.00831
G1 X133.339 Y99.639 E0.23761
G1 X136.915 Y103.215 E0.55196
G1 X136.884 Y102.976 E0.02630
G1 X136.692 Y102.065 E0.10160
G1 X136.404 Y101.101 E0.10983
G1 X131.498 Y102.416 E0.55445
G1 X131.620 Y102.870 E0.05133
G1 X136.688 Y107.939 E0.78241
G1 X136.591 Y108.299 E0.04074
G1 X129.666 Y110.155 E0.78257
G1 X129.335 Y110.486 E0.05118
G1 X132.923 Y114.075 E0.55398
G1 X133.429 Y113.618 E0.07436
G1 X134.092 Y112.915 E0.10551
G1 X134.431 Y112.502 E0.05836
G1 X120.593 Y116.210 E1.56381
G1 X121.382 Y116.498 E0.09174
G1 X122.312 Y116.751 E0.10518
G1 X122.674 Y116.827 E0.04037
G1 X123.989 Y111.918 E0.55472
G1 X123.538 Y111.797 E0.05103
G1 X120.320 Y112.659 E0.36369
G1 X120.111 Y112.868 E0.03221
G1 X119.365 Y115.651 E0.31451
G1 X119.921 Y115.925 E0.06767
G1 X118.488 Y114.491 E0.22132
G1 X119.905 Y113.074 E0.21872
;WIPE_START
G1 F8640.000
G1 X118.632 Y114.347 E-0.47500
;WIPE_END
G1 E-0.02500 F2400.000
G1 Z14.100 F10800.000
G1 X120.798 Y111.727
G1 Z13.700
G1 E0.50000 F2400.000
;TYPE:Solid infill
;WIDTH:0.708434
G1 F1624
G1 X120.258 Y111.188 E0.08733
G1 X119.826 Y111.620 E0.07004
G1 X120.180 Y111.974 E0.05728
G1 X119.747 Y112.407 E0.07004
G1 X119.393 Y112.053 E0.05728
G1 X118.960 Y112.485 E0.07004
G1 X119.314 Y112.839 E0.05728
G1 X118.882 Y113.272 E0.07004
G1 X118.528 Y112.918 E0.05728
G1 X118.095 Y113.351 E0.07004
G1 X118.449 Y113.705 E0.05728
G1 X118.016 Y114.137 E0.07004
G1 X117.477 Y113.598 E0.08733
;WIPE_START
G1 F8640.000
G1 X118.016 Y114.137 E-0.20132
G1 X118.449 Y113.705 E-0.16146
G1 X118.148 Y113.404 E-0.11222
;WIPE_END
G1 E-0.02500 F2400.000
G1 Z14.100 F10800.000
G1 X130.042 Y109.779
G1 Z13.700
G1 E0.50000 F2400.000
;TYPE:Internal infill
;WIDTH:0.68
G1 F1624
G1 X131.810 Y108.011 E0.27288
G1 X135.202 Y111.403 E0.52368
G1 X134.859 Y111.929 E0.06856
G1 X137.005 Y103.917 E0.90536
G1 X137.039 Y104.555 E0.06971
G1 X132.404 Y105.797 E0.52381
G1 X131.757 Y103.382 E0.27288
;WIPE_START
G1 F8640.000
G1 X132.223 Y105.121 E-0.47500
;WIPE_END
G1 E-0.02500 F2400.000
G1 Z14.100 F10800.000
G1 X131.003 Y100.072
G1 Z13.700
G1 E0.50000 F2400.000
;TYPE:Solid infill
;WIDTH:0.708144
G1 F1624
G1 X131.542 Y100.611 E0.08729
G1 X131.975 Y100.179 E0.06998
G1 X131.621 Y99.825 E0.05725
G1 X132.053 Y99.393 E0.06998
G1 X132.407 Y99.746 E0.05725
G1 X132.840 Y99.314 E0.06998
G1 X132.486 Y98.960 E0.05725
G1 X132.918 Y98.528 E0.06998
G1 X133.272 Y98.882 E0.05725
G1 X133.705 Y98.449 E0.06997
G1 X133.351 Y98.095 E0.05725
G1 X133.783 Y97.663 E0.06998
G1 X134.323 Y98.202 E0.08729
; stop printing object C:/Users/orcas/AppData/Local/Temp/Neutron/Body1.stl id:0 copy 0
;LAYER_CHANGE
;Z:14.15
;HEIGHT:0.45
;BEFORE_LAYER_CHANGE
G92 E0.0
;14.15


;WIPE_START
G1 F8640.000
G1 X133.783 Y97.663 E-0.20132
G1 X133.351 Y98.095 E-0.16139
G1 X133.652 Y98.396 E-0.11229
;WIPE_END
G1 E-0.02500 F2400.000
G1 Z14.100 F10800.000
G1 Z14.150
;AFTER_LAYER_CHANGE
;14.15
; printing object C:/Users/orcas/AppData/Local/Temp/Neutron/Body1.stl id:0 copy 0
G1 Z14.550
G1 X126.945 Y112.257
G1 Z14.150
G1 E0.50000 F2400.000
M204 S800
;TYPE:Perimeter
;WIDTH:0.68
G1 F1559
G1 X132.258 Y106.944 E0.82012
M73 Q60 S8
G1 X130.623 Y100.841 E0.68968
M73 P60 R8
G1 X134.533 Y96.931 E0.60355
G1 X135.121 Y97.678 E0.10375
G1 X135.616 Y98.414 E0.09682
G1 X135.863 Y98.830 E0.05280
G1 X136.333 Y99.745 E0.11229
G1 X136.691 Y100.595 E0.10073
G1 X136.848 Y101.036 E0.05108
G1 X137.139 Y102.051 E0.11523
G1 X137.318 Y102.915 E0.09636
G1 X137.388 Y103.379 E0.05116
G1 X137.440 Y103.843 E0.05097
G1 X137.491 Y104.819 E0.10668
G1 X137.468 Y105.781 E0.10509
G1 X137.371 Y106.739 E0.10510
G1 X137.198 Y107.701 E0.10668
G1 X137.092 Y108.141 E0.04939
G1 X136.809 Y109.076 E0.10668
G1 X136.454 Y109.987 E0.10668
G1 X136.050 Y110.829 E0.10193
G1 X135.560 Y111.675 E0.10668
G1 X135.006 Y112.480 E0.10668
G1 X134.728 Y112.837 E0.04939
G1 X134.085 Y113.574 E0.10668
G1 X133.398 Y114.248 E0.10510
G1 X132.650 Y114.876 E0.10668
G1 X132.275 Y115.156 E0.05097
G1 X131.891 Y115.420 E0.05098
G1 X131.042 Y115.934 E0.10827
G1 X130.110 Y116.398 E0.11364
G1 X129.293 Y116.731 E0.09636
G1 X128.850 Y116.884 E0.05116
G1 X128.403 Y117.020 E0.05097
G1 X127.452 Y117.248 E0.10668
G1 X126.502 Y117.401 E0.10509
G1 X125.542 Y117.480 E0.10510
G1 X124.565 Y117.484 E0.10668
G1 X124.099 Y117.460 E0.05097
G1 X123.050 Y117.337 E0.11523
G1 X122.183 Y117.170 E0.09636
G1 X121.745 Y117.060 E0.04932
G1 X120.751 Y116.746 E0.11375
G1 X119.904 Y116.405 E0.09973
G1 X119.492 Y116.212 E0.04965
G1 X118.671 Y115.769 E0.10178
G1 X118.196 Y115.476 E0.06095
G1 X117.464 Y114.962 E0.09765
G1 X116.932 Y114.531 E0.07465
G1 X120.842 Y110.621 E0.60357
G1 X126.858 Y112.234 E0.67986
M204 S1000
G1 X126.771 Y111.606 F10800.000
M204 S800
G1 F1559
G1 X131.607 Y106.770 E0.74658
G1 X129.972 Y100.666 E0.68968
G1 X134.560 Y96.078 E0.70825
G1 X134.920 Y96.480 E0.05886
G1 X135.593 Y97.334 E0.11866
G1 X136.109 Y98.102 E0.10099
G1 X136.373 Y98.547 E0.05653
G1 X136.862 Y99.498 E0.11667
G1 X137.235 Y100.384 E0.10496
G1 X137.551 Y101.329 E0.10876
G1 X137.707 Y101.917 E0.06639
G1 X137.893 Y102.812 E0.09982
G1 X138.021 Y103.795 E0.10818
G1 X138.075 Y104.810 E0.11098
G1 X138.051 Y105.818 E0.11001
G1 X137.949 Y106.821 E0.11001
G1 X137.769 Y107.821 E0.11098
G1 X137.655 Y108.294 E0.05307
G1 X137.360 Y109.267 E0.11098
G1 X136.992 Y110.215 E0.11098
G1 X136.786 Y110.665 E0.05404
G1 X136.563 Y111.107 E0.05404
G1 X136.053 Y111.987 E0.11098
G1 X135.477 Y112.824 E0.11098
G1 X135.179 Y113.208 E0.05307
G1 X134.510 Y113.974 E0.11098
G1 X133.791 Y114.680 E0.11001
G1 X133.012 Y115.334 E0.11098
G1 X132.615 Y115.630 E0.05404
G1 X132.207 Y115.910 E0.05404
G1 X131.330 Y116.442 E0.11195
G1 X130.345 Y116.932 E0.12007
G1 X129.498 Y117.278 E0.09982
G1 X129.029 Y117.440 E0.05416
G1 X128.556 Y117.583 E0.05404
G1 X127.567 Y117.821 E0.11098
G1 X126.572 Y117.980 E0.11001
G1 X125.568 Y118.063 E0.11001
G1 X124.551 Y118.068 E0.11098
G1 X124.056 Y118.042 E0.05404
G1 X122.955 Y117.913 E0.12104
G1 X122.057 Y117.740 E0.09982
G1 X121.586 Y117.622 E0.05303
G1 X120.554 Y117.295 E0.11810
G1 X119.671 Y116.940 E0.10393
G1 X119.229 Y116.733 E0.05323
G1 X118.379 Y116.274 E0.10545
G1 X117.875 Y115.963 E0.06469
G1 X117.114 Y115.429 E0.10142
G1 X116.631 Y115.044 E0.06747
G1 X116.083 Y114.555 E0.08012
G1 X120.668 Y109.971 E0.70772
G1 X126.684 Y111.583 E0.67986
M204 S1000
G1 X126.597 Y110.955 F10800.000
M204 S800
;TYPE:External perimeter
G1 F1559
G1 X130.957 Y106.595 E0.67305
G1 X129.361 Y100.639 E0.67305
G1 X129.214 Y100.600 E0.01663
G1 X134.350 Y95.464 E0.79286
G1 X133.465 Y94.688 E0.12846
G1 X132.947 Y94.284 E0.07161
G1 X132.411 Y93.907 E0.07165
G1 X131.642 Y93.430 E0.09876
G1 X130.999 Y93.084 E0.07971
G1 X130.273 Y92.748 E0.08727
G1 X130.928 Y92.696 E0.07173
G1 X131.735 Y93.117 E0.09934
G1 X132.260 Y93.430 E0.06672
G1 X132.970 Y93.907 E0.09340
G1 X133.453 Y94.269 E0.06587
G1 X133.906 Y94.641 E0.06399
G1 X134.331 Y95.023 E0.06238
G1 X134.990 Y95.683 E0.10175
G1 X135.367 Y96.105 E0.06179
G1 X136.065 Y96.990 E0.12306
G1 X136.602 Y97.790 E0.10517
G1 X136.884 Y98.264 E0.06025
G1 X137.391 Y99.251 E0.12105
G1 X137.779 Y100.173 E0.10918
G1 X138.112 Y101.167 E0.11446
G1 X138.275 Y101.783 E0.06953
G1 X138.467 Y102.709 E0.10329
G1 X138.603 Y103.747 E0.11425
G1 X138.659 Y104.802 E0.11528
G1 X138.634 Y105.854 E0.11492
G1 X138.527 Y106.902 E0.11492
G1 X138.340 Y107.941 E0.11528
G1 X138.218 Y108.447 E0.05676
G1 X137.912 Y109.458 E0.11528
G1 X137.529 Y110.442 E0.11528
G1 X137.312 Y110.918 E0.05711
G1 X137.076 Y111.385 E0.05711
G1 X136.547 Y112.299 E0.11528
G1 X135.948 Y113.169 E0.11528
G1 X135.629 Y113.580 E0.05676
G1 X134.935 Y114.375 E0.11528
G1 X134.183 Y115.112 E0.11492
G1 X133.374 Y115.792 E0.11528
G1 X132.524 Y116.401 E0.11421
G1 X131.618 Y116.950 E0.11564
G1 X131.156 Y117.194 E0.05699
G1 X130.580 Y117.466 E0.06953
G1 X129.704 Y117.824 E0.10329
G1 X129.209 Y117.995 E0.05716
G1 X128.708 Y118.146 E0.05711
G1 X127.682 Y118.393 E0.11528
G1 X126.642 Y118.560 E0.11492
G1 X125.593 Y118.646 E0.11492
G1 X124.537 Y118.651 E0.11528
G1 X124.014 Y118.624 E0.05711
G1 X123.491 Y118.576 E0.05735
G1 X122.860 Y118.489 E0.06953
G1 X121.931 Y118.310 E0.10329
G1 X121.427 Y118.183 E0.05674
G1 X120.357 Y117.845 E0.12245
G1 X119.438 Y117.475 E0.10813
G1 X118.967 Y117.254 E0.05681
G1 X118.087 Y116.780 E0.10911
G1 X117.554 Y116.450 E0.06842
G1 X116.765 Y115.897 E0.10518
G1 X116.254 Y115.491 E0.07119
G1 X115.551 Y114.862 E0.10297
G1 X114.832 Y114.119 E0.11284
G1 X114.364 Y113.569 E0.07886
G1 X113.830 Y112.860 E0.09684
G1 X113.272 Y112.000 E0.11191
G1 X112.962 Y111.452 E0.06876
G1 X112.696 Y110.924 E0.06455
G1 X112.745 Y110.244 E0.07432
G1 X112.940 Y110.701 E0.05424
G1 X113.236 Y111.288 E0.07170
G1 X113.558 Y111.858 E0.07147
G1 X113.909 Y112.411 E0.07147
G1 X114.286 Y112.946 E0.07147
G1 X114.689 Y113.463 E0.07161
G1 X115.465 Y114.349 E0.12846
G1 X120.601 Y109.212 E0.79286
G1 X120.641 Y109.359 E0.01663
G1 X126.510 Y110.932 E0.66322
M204 S1000
G1 X127.086 Y111.303 F10800.000
;WIPE_START
G1 F8640.000
G1 X127.798 Y109.675 E-0.47500
;WIPE_END
G1 E-0.02500 F2400.000
G1 Z14.550 F10800.000
G1 X121.680 Y111.027
G1 Z14.150
G1 E0.50000 F2400.000
;TYPE:Solid infill
;WIDTH:0.796686
G1 F1559
G1 X117.755 Y114.952 E0.72706
;WIPE_START
G1 F8640.000
G1 X119.028 Y113.679 E-0.47500
;WIPE_END
G1 E-0.02500 F2400.000
G1 Z14.550 F10800.000
G1 X118.825 Y114.790
G1 Z14.150
G1 E0.50000 F2400.000
;TYPE:Internal infill
;WIDTH:0.68
G1 F1559
G1 X118.479 Y115.136 E0.05334
G1 X119.078 Y115.492 E0.07607
G1 X119.428 Y114.187 E0.14741
G1 X119.031 Y114.584 E0.06129
G1 X120.700 Y116.253 E0.25766
G1 X121.111 Y116.401 E0.04766
G1 X134.068 Y112.929 E1.46412
G1 X134.347 Y112.609 E0.04637
G1 X136.900 Y103.080 E1.07684
G1 X136.820 Y102.670 E0.04551
M73 Q61 S8
G1 X133.883 Y99.733 E0.45350
G1 X134.280 Y99.335 E0.06129
G1 X132.476 Y106.067 E0.76063
M73 P61 R8
G1 X132.486 Y106.104 E0.00429
G1 X137.052 Y104.881 E0.51597
G1 X137.031 Y105.754 E0.09531
G1 X136.937 Y106.678 E0.10141
G1 X136.827 Y107.289 E0.06774
;WIPE_START
G1 F8640.000
G1 X136.937 Y106.678 E-0.16376
G1 X137.031 Y105.754 E-0.24517
G1 X137.037 Y105.504 E-0.06607
;WIPE_END
G1 E-0.02500 F2400.000
G1 Z14.550 F10800.000
G1 X136.393 Y108.938
G1 Z14.150
G1 E0.50000 F2400.000
G1 F1559
G1 X136.053 Y109.813 E0.10247
G1 X135.663 Y110.624 E0.09825
G1 X135.373 Y111.124 E0.06306
G1 X132.035 Y107.786 E0.51528
G1 X132.008 Y107.813 E0.00414
G1 X129.801 Y116.051 E0.93097
G1 X130.208 Y115.860 E0.04910
G1 X127.084 Y112.737 E0.48217
G1 X127.063 Y112.741 E0.00235
G1 X125.920 Y117.010 E0.48231
M73 P61 R7
G1 X126.370 Y116.973 E0.04929
G1 X121.506 Y112.109 E0.75079
M73 Q61 S7
G1 X120.739 Y112.876 E0.11844
G1 X124.153 Y111.962 E0.38576
G1 X123.682 Y111.835 E0.05317
G1 X122.363 Y116.759 E0.55639
G1 X123.117 Y116.904 E0.08382
G1 X124.136 Y117.023 E0.11195
G1 X124.841 Y117.045 E0.07709
;WIPE_START
G1 F8640.000
G1 X124.136 Y117.023 E-0.18636
G1 X123.117 Y116.904 E-0.27065
G1 X123.050 Y116.891 E-0.01798
;WIPE_END
G1 E-0.02500 F2400.000
G1 Z14.550 F10800.000
G1 X131.160 Y115.351
G1 Z14.150
G1 E0.50000 F2400.000
G1 F1559
G1 X131.650 Y115.055 E0.06252
G1 X132.381 Y114.530 E0.09825
G1 X133.163 Y113.865 E0.11209
G1 X129.560 Y110.261 E0.55630
G1 X129.216 Y110.605 E0.05302
G1 X136.478 Y108.659 E0.82059
G1 X136.669 Y108.026 E0.07215
G1 X136.776 Y107.576 E0.05050
G1 X131.455 Y102.255 E0.82133
G1 X131.580 Y102.723 E0.05287
G1 X136.499 Y101.405 E0.55581
G1 X136.283 Y100.754 E0.07493
G1 X135.936 Y99.930 E0.09756
G1 X135.516 Y99.112 E0.10036
;WIPE_START
G1 F8640.000
G1 X135.936 Y99.930 E-0.24262
G1 X136.278 Y100.741 E-0.23238
;WIPE_END
G1 E-0.02500 F2400.000
G1 Z14.550 F10800.000
G1 X134.956 Y97.751
G1 Z14.150
G1 E0.50000 F2400.000
;TYPE:Solid infill
;WIDTH:0.796686
G1 F1559
G1 X131.029 Y101.679 E0.72753
; stop printing object C:/Users/orcas/AppData/Local/Temp/Neutron/Body1.stl id:0 copy 0
;LAYER_CHANGE
;Z:14.6
;HEIGHT:0.450001
;BEFORE_LAYER_CHANGE
G92 E0.0
;14.6


;WIPE_START
G1 F8640.000
G1 X132.301 Y100.406 E-0.47500
;WIPE_END
G1 E-0.02500 F2400.000
G1 Z14.550 F10800.000
G1 Z14.600
;AFTER_LAYER_CHANGE
;14.6
; printing object C:/Users/orcas/AppData/Local/Temp/Neutron/Body1.stl id:0 copy 0
G1 Z15.000
G1 X126.945 Y112.257
G1 Z14.600
G1 E0.50000 F2400.000
M204 S800
;TYPE:Perimeter
;WIDTH:0.68
G1 F1567
G1 X132.258 Y106.944 E0.82012
G1 X130.757 Y101.343 E0.63296
G1 X134.817 Y97.283 E0.62675
G1 X135.374 Y98.040 E0.10257
G1 X135.835 Y98.784 E0.09555
G1 X136.094 Y99.254 E0.05862
G1 X136.512 Y100.147 E0.10762
G1 X136.698 Y100.613 E0.05475
G1 X136.991 Y101.495 E0.10140
G1 X137.228 Y102.438 E0.10616
G1 X137.333 Y103.016 E0.06410
G1 X137.442 Y103.870 E0.09396
G1 X137.491 Y104.933 E0.11622
G1 X137.468 Y105.794 E0.09396
G1 X137.373 Y106.725 E0.10216
G1 X137.200 Y107.687 E0.10668
G1 X136.955 Y108.627 E0.10604
G1 X136.769 Y109.184 E0.06410
G1 X136.460 Y109.972 E0.09237
G1 X136.042 Y110.842 E0.10533
G1 X135.552 Y111.687 E0.10668
G1 X135.303 Y112.066 E0.04950
G1 X134.719 Y112.848 E0.10657
G1 X134.085 Y113.574 E0.10510
G1 X133.388 Y114.258 E0.10668
G1 X133.047 Y114.556 E0.04939
G1 X132.263 Y115.164 E0.10827
G1 X131.891 Y115.420 E0.04939
G1 X131.055 Y115.926 E0.10668
G1 X130.182 Y116.367 E0.10668
G1 X129.767 Y116.547 E0.04939
G1 X128.836 Y116.889 E0.10827
G1 X128.403 Y117.020 E0.04939
G1 X127.452 Y117.248 E0.10668
G1 X126.487 Y117.403 E0.10668
G1 X126.029 Y117.450 E0.05033
G1 X125.428 Y117.483 E0.06569
G1 X124.567 Y117.484 E0.09396
G1 X123.625 Y117.416 E0.10311
G1 X123.029 Y117.333 E0.06569
G1 X122.184 Y117.170 E0.09396
G1 X121.280 Y116.925 E0.10216
G1 X120.348 Y116.593 E0.10797
G1 X119.867 Y116.388 E0.05718
G1 X119.062 Y115.990 E0.09799
G1 X118.558 Y115.701 E0.06335
G1 X117.823 Y115.223 E0.09570
G1 X117.284 Y114.816 E0.07377
G1 X121.344 Y110.756 E0.62670
G1 X126.858 Y112.234 E0.62314
M204 S1000
G1 X126.771 Y111.606 F10800.000
M204 S800
G1 F1567
G1 X131.607 Y106.770 E0.74658
G1 X130.107 Y101.168 E0.63296
G1 X134.857 Y96.418 E0.73326
G1 X135.206 Y96.826 E0.05860
G1 X135.857 Y97.713 E0.12011
G1 X136.339 Y98.489 E0.09974
G1 X136.614 Y98.990 E0.06236
G1 X137.048 Y99.915 E0.11155
G1 X137.246 Y100.413 E0.05848
G1 X137.552 Y101.331 E0.10562
G1 X137.798 Y102.315 E0.11066
G1 X137.910 Y102.926 E0.06788
G1 X138.023 Y103.811 E0.09739
G1 X138.058 Y104.303 E0.05379
G1 X138.075 Y104.934 E0.06885
G1 X138.051 Y105.825 E0.09739
G1 X138.010 Y106.320 E0.05419
G1 X137.951 Y106.812 E0.05404
G1 X137.770 Y107.812 E0.11098
G1 X137.514 Y108.793 E0.11059
G1 X137.318 Y109.383 E0.06788
G1 X136.996 Y110.205 E0.09642
G1 X136.558 Y111.115 E0.11015
G1 X136.049 Y111.994 E0.11098
G1 X135.780 Y112.401 E0.05318
G1 X135.173 Y113.215 E0.11087
G1 X134.510 Y113.974 E0.11001
G1 X133.784 Y114.686 E0.11098
G1 X133.418 Y115.006 E0.05307
G1 X132.608 Y115.635 E0.11195
G1 X132.207 Y115.910 E0.05307
G1 X131.338 Y116.437 E0.11098
G1 X130.430 Y116.895 E0.11098
G1 X129.984 Y117.089 E0.05307
G1 X129.021 Y117.442 E0.11195
G1 X128.556 Y117.583 E0.05307
G1 X127.567 Y117.821 E0.11098
G1 X126.563 Y117.982 E0.11098
G1 X126.074 Y118.032 E0.05365
G1 X125.444 Y118.066 E0.06885
G1 X124.552 Y118.068 E0.09739
G1 X123.558 Y117.996 E0.10879
G1 X122.933 Y117.909 E0.06885
G1 X122.057 Y117.740 E0.09739
G1 X121.100 Y117.480 E0.10821
G1 X120.136 Y117.137 E0.11177
G1 X119.623 Y116.918 E0.06090
G1 X118.787 Y116.505 E0.10171
G1 X118.254 Y116.199 E0.06708
G1 X117.488 Y115.701 E0.09974
G1 X116.772 Y115.160 E0.09792
G1 X116.417 Y114.858 E0.05093
G1 X121.170 Y110.105 E0.73370
G1 X126.684 Y111.583 E0.62314
M204 S1000
G1 X126.597 Y110.955 F10800.000
M204 S800
;TYPE:External perimeter
G1 F1567
G1 X130.957 Y106.595 E0.67305
M73 Q62 S7
G1 X129.456 Y100.994 E0.63296
G1 X134.667 Y95.782 E0.80448
M73 P62 R7
G1 X133.716 Y94.899 E0.14171
G1 X133.208 Y94.483 E0.07169
G1 X132.682 Y94.093 E0.07147
G1 X132.142 Y93.732 E0.07088
G1 X131.574 Y93.391 E0.07228
G1 X130.711 Y92.943 E0.10616
G1 X131.348 Y92.907 E0.06968
G1 X132.065 Y93.310 E0.08973
G1 X132.609 Y93.656 E0.07036
G1 X133.108 Y94.006 E0.06658
G1 X133.787 Y94.541 E0.09433
G1 X134.240 Y94.939 E0.06579
G1 X134.665 Y95.346 E0.06420
G1 X135.062 Y95.761 E0.06273
G1 X135.663 Y96.463 E0.10088
G1 X136.341 Y97.386 E0.12497
G1 X136.843 Y98.195 E0.10393
G1 X137.135 Y98.726 E0.06610
G1 X137.584 Y99.684 E0.11549
G1 X137.794 Y100.213 E0.06221
G1 X138.112 Y101.168 E0.10984
G1 X138.369 Y102.191 E0.11516
G1 X138.486 Y102.837 E0.07165
G1 X138.604 Y103.753 E0.10083
G1 X138.641 Y104.274 E0.05702
G1 X138.658 Y104.934 E0.07201
G1 X138.634 Y105.857 E0.10083
G1 X138.528 Y106.899 E0.11426
G1 X138.341 Y107.938 E0.11528
G1 X138.074 Y108.959 E0.11513
G1 X137.867 Y109.581 E0.07165
G1 X137.531 Y110.438 E0.10047
G1 X137.075 Y111.388 E0.11497
G1 X136.545 Y112.301 E0.11528
G1 X136.258 Y112.736 E0.05687
G1 X135.627 Y113.582 E0.11517
G1 X134.935 Y114.375 E0.11492
G1 X134.181 Y115.115 E0.11528
G1 X133.789 Y115.457 E0.05676
G1 X132.952 Y116.106 E0.11564
G1 X132.524 Y116.401 E0.05676
G1 X131.620 Y116.948 E0.11528
G1 X130.678 Y117.424 E0.11528
G1 X130.201 Y117.631 E0.05676
G1 X129.206 Y117.996 E0.11564
G1 X128.708 Y118.146 E0.05676
G1 X127.682 Y118.393 E0.11528
G1 X126.639 Y118.561 E0.11528
G1 X126.120 Y118.613 E0.05697
G1 X125.461 Y118.650 E0.07201
G1 X124.537 Y118.651 E0.10083
G1 X123.491 Y118.576 E0.11447
G1 X122.838 Y118.485 E0.07201
G1 X121.931 Y118.310 E0.10083
G1 X121.423 Y118.182 E0.05717
G1 X120.921 Y118.036 E0.05711
G1 X119.923 Y117.680 E0.11557
G1 X119.379 Y117.448 E0.06463
G1 X118.513 Y117.020 E0.10543
G1 X117.950 Y116.697 E0.07082
G1 X117.153 Y116.179 E0.10379
G1 X116.407 Y115.616 E0.10198
G1 X115.889 Y115.176 E0.07416
G1 X115.463 Y114.777 E0.06371
G1 X114.839 Y114.127 E0.09833
G1 X114.345 Y113.545 E0.08334
G1 X113.832 Y112.863 E0.09316
G1 X113.278 Y112.010 E0.11110
G1 X112.910 Y111.346 E0.08283
G1 X112.944 Y110.690 E0.07164
G1 X113.081 Y110.990 E0.03601
G1 X113.394 Y111.575 E0.07230
G1 X113.730 Y112.136 E0.07147
G1 X114.094 Y112.681 E0.07147
G1 X114.484 Y113.207 E0.07147
G1 X114.901 Y113.714 E0.07169
G1 X115.784 Y114.666 E0.14171
G1 X120.995 Y109.454 E0.80448
G1 X126.510 Y110.932 E0.62314
M204 S1000
G1 X127.146 Y111.196 F10800.000
;WIPE_START
G1 F8640.000
G1 X127.798 Y109.675 E-0.47500
;WIPE_END
G1 E-0.02500 F2400.000
G1 Z15.000 F10800.000
G1 X121.821 Y111.977
G1 Z14.600
G1 E0.50000 F2400.000
;TYPE:Solid infill
;WIDTH:0.690436
G1 F1567
G1 X121.281 Y111.437 E0.08476
G1 X120.861 Y111.857 E0.06598
G1 X121.215 Y112.211 E0.05559
G1 X120.795 Y112.631 E0.06598
G1 X120.441 Y112.277 E0.05559
G1 X120.022 Y112.697 E0.06598
G1 X120.375 Y113.051 E0.05559
G1 X119.955 Y113.471 E0.06598
G1 X119.602 Y113.117 E0.05559
G1 X119.182 Y113.537 E0.06598
G1 X119.536 Y113.891 E0.05559
G1 X119.116 Y114.311 E0.06598
G1 X118.762 Y113.957 E0.05559
G1 X118.342 Y114.377 E0.06598
G1 X118.881 Y114.916 E0.08476
;WIPE_START
G1 F8640.000
G1 X118.342 Y114.377 E-0.20132
G1 X118.762 Y113.957 E-0.15671
G1 X119.075 Y114.270 E-0.11696
;WIPE_END
G1 E-0.02500 F2400.000
G1 Z15.000 F10800.000
G1 X120.218 Y116.062
G1 Z14.600
G1 E0.50000 F2400.000
;TYPE:Internal infill
;WIDTH:0.68
G1 F1567
G1 X119.268 Y115.604 E0.11519
G1 X118.874 Y115.378 E0.04957
G1 X119.574 Y114.677 E0.10810
G1 X121.400 Y116.503 E0.28184
G1 X121.675 Y116.579 E0.03116
G1 X133.675 Y113.364 E1.35599
G1 X133.767 Y113.273 E0.01413
G1 X133.872 Y113.153 E0.01739
G1 X136.760 Y102.373 E1.21814
G1 X136.689 Y102.089 E0.03200
G1 X134.426 Y99.826 E0.34936
G1 X133.597 Y100.655 E0.12798
G1 X132.311 Y105.452 E0.54208
G1 X132.569 Y106.412 E0.10848
G1 X137.046 Y105.212 E0.50596
G1 X137.031 Y105.766 E0.06045
G1 X136.940 Y106.664 E0.09854
G1 X136.896 Y106.908 E0.02703
;WIPE_START
G1 F8640.000
G1 X136.940 Y106.664 E-0.06536
G1 X137.031 Y105.766 E-0.23824
G1 X137.046 Y105.212 E-0.14614
G1 X136.953 Y105.237 E-0.02526
;WIPE_END
G1 E-0.02500 F2400.000
G1 Z15.000 F10800.000
G1 X136.257 Y109.291
G1 Z14.600
G1 E0.50000 F2400.000
G1 F1567
G1 X136.059 Y109.797 E0.05932
G1 X135.655 Y110.637 E0.10171
G1 X135.538 Y110.839 E0.02553
G1 X132.260 Y107.561 E0.50603
G1 X131.558 Y108.263 E0.10833
G1 X129.430 Y116.204 E0.89743
G1 X129.996 Y115.970 E0.06686
G1 X130.509 Y115.711 E0.06273
G1 X127.309 Y112.512 E0.49396
G1 X127.076 Y112.745 E0.03601
G1 X126.756 Y112.659 E0.03616
G1 X125.584 Y117.032 E0.49417
G1 X126.436 Y116.968 E0.09326
G1 X126.763 Y116.916 E0.03611
G1 X122.049 Y112.202 E0.72763
G1 X121.158 Y113.093 E0.13757
G1 X124.767 Y112.126 E0.40784
G1 X123.375 Y111.753 E0.15736
G1 X122.054 Y116.682 E0.55695
G1 X122.282 Y116.744 E0.02582
G1 X123.100 Y116.902 E0.09092
G1 X123.671 Y116.981 E0.06286
G1 X124.523 Y117.043 E0.09327
;WIPE_START
G1 F8640.000
G1 X123.671 Y116.981 E-0.22550
G1 X123.100 Y116.902 E-0.15198
G1 X122.737 Y116.831 E-0.09752
;WIPE_END
G1 E-0.02500 F2400.000
G1 Z15.000 F10800.000
G1 X131.432 Y115.186
G1 Z14.600
G1 E0.50000 F2400.000
G1 F1567
G1 X132.005 Y114.810 E0.07482
G1 X132.769 Y114.218 E0.10551
G1 X133.391 Y113.642 E0.09248
G1 X129.785 Y110.036 E0.55663
G1 X128.766 Y111.055 E0.15721
G1 X136.363 Y109.019 E0.85849
G1 X136.535 Y108.502 E0.05945
G1 X136.773 Y107.593 E0.10263
G1 X136.844 Y107.195 E0.04412
G1 X131.950 Y102.301 E0.75543
G1 X131.581 Y102.670 E0.05701
G1 X131.565 Y102.666 E0.00184
G1 X131.663 Y103.031 E0.04119
G1 X136.594 Y101.709 E0.55724
G1 X136.286 Y100.763 E0.10857
G1 X136.111 Y100.321 E0.05196
G1 X135.670 Y99.391 E0.11231
G1 X134.916 Y98.881 F10800.000
;TYPE:Solid infill
;WIDTH:0.690244
G1 F1567
G1 X134.377 Y98.342 E0.08474
G1 X133.957 Y98.762 E0.06594
G1 X134.311 Y99.115 E0.05557
G1 X133.891 Y99.535 E0.06594
G1 X133.537 Y99.181 E0.05557
G1 X133.118 Y99.601 E0.06594
G1 X133.471 Y99.955 E0.05557
G1 X133.052 Y100.375 E0.06594
G1 X132.698 Y100.021 E0.05557
G1 X132.278 Y100.441 E0.06594
G1 X132.632 Y100.795 E0.05558
G1 X132.212 Y101.214 E0.06594
G1 X131.858 Y100.861 E0.05558
G1 X131.438 Y101.280 E0.06594
G1 X131.978 Y101.820 E0.08474
; stop printing object C:/Users/orcas/AppData/Local/Temp/Neutron/Body1.stl id:0 copy 0
;LAYER_CHANGE
;Z:15.05
;HEIGHT:0.45
;BEFORE_LAYER_CHANGE
G92 E0.0
;15.05


;WIPE_START
G1 F8640.000
G1 X131.438 Y101.280 E-0.20132
G1 X131.858 Y100.861 E-0.15666
G1 X132.172 Y101.174 E-0.11701
;WIPE_END
M73 Q63 S7
G1 E-0.02500 F2400.000
G1 Z15.000 F10800.000
G1 Z15.050
;AFTER_LAYER_CHANGE
;15.05
; printing object C:/Users/orcas/AppData/Local/Temp/Neutron/Body1.stl id:0 copy 0
G1 Z15.450
G1 X126.945 Y112.257
G1 Z15.050
M73 P63 R7
G1 E0.50000 F2400.000
M204 S800
;TYPE:Perimeter
;WIDTH:0.68
G1 F1509
G1 X132.258 Y106.944 E0.82012
G1 X130.892 Y101.845 E0.57625
G1 X135.090 Y97.647 E0.64802
G1 X135.597 Y98.384 E0.09769
G1 X136.099 Y99.265 E0.11072
G1 X136.512 Y100.147 E0.10625
G1 X136.700 Y100.621 E0.05564
G1 X136.991 Y101.494 E0.10052
G1 X137.227 Y102.437 E0.10609
G1 X137.336 Y103.037 E0.06654
G1 X137.440 Y103.855 E0.08997
G1 X137.492 Y104.833 E0.10696
G1 X137.469 Y105.775 E0.10279
G1 X137.413 Y106.396 E0.06813
G1 X137.293 Y107.227 E0.09156
G1 X137.202 Y107.680 E0.05053
G1 X137.051 Y108.286 E0.06813
G1 X136.810 Y109.074 E0.08997
G1 X136.454 Y109.987 E0.10696
G1 X136.266 Y110.399 E0.04939
G1 X135.809 Y111.263 E0.10668
G1 X135.294 Y112.077 E0.10521
G1 X134.710 Y112.860 E0.10657
G1 X134.096 Y113.563 E0.10193
G1 X133.398 Y114.248 E0.10668
G1 X132.661 Y114.867 E0.10509
G1 X131.866 Y115.436 E0.10668
G1 X131.484 Y115.678 E0.04939
G1 X130.629 Y116.152 E0.10668
G1 X129.753 Y116.552 E0.10509
G1 X128.836 Y116.889 E0.10668
G1 X128.389 Y117.024 E0.05098
G1 X127.929 Y117.144 E0.05184
G1 X127.319 Y117.273 E0.06813
G1 X126.490 Y117.403 E0.09156
G1 X126.037 Y117.449 E0.04966
G1 X125.046 Y117.492 E0.10827
G1 X124.594 Y117.485 E0.04939
G1 X123.619 Y117.415 E0.10668
G1 X122.667 Y117.271 E0.10510
G1 X121.715 Y117.052 E0.10668
G1 X120.742 Y116.743 E0.11141
G1 X119.920 Y116.411 E0.09676
G1 X118.989 Y115.949 E0.11346
G1 X118.248 Y115.509 E0.09401
G1 X117.646 Y115.090 E0.08006
G1 X121.846 Y110.890 E0.64825
G1 X126.858 Y112.234 E0.56642
M204 S1000
G1 X126.771 Y111.606 F10800.000
M204 S800
G1 F1509
G1 X131.607 Y106.770 E0.74658
G1 X130.241 Y101.670 E0.57625
G1 X135.151 Y96.761 E0.75788
G1 X135.800 Y97.629 E0.11835
G1 X136.095 Y98.080 E0.05881
G1 X136.617 Y98.997 E0.11519
G1 X137.048 Y99.915 E0.11071
G1 X137.249 Y100.421 E0.05938
G1 X137.552 Y101.331 E0.10473
G1 X137.798 Y102.314 E0.11062
G1 X137.913 Y102.948 E0.07033
G1 X138.022 Y103.802 E0.09399
G1 X138.076 Y104.819 E0.11115
G1 X138.073 Y105.314 E0.05404
G1 X138.052 Y105.814 E0.05457
G1 X137.992 Y106.464 E0.07131
G1 X137.868 Y107.326 E0.09496
G1 X137.772 Y107.809 E0.05377
G1 X137.613 Y108.442 E0.07131
G1 X137.361 Y109.266 E0.09399
G1 X136.992 Y110.215 E0.11115
G1 X136.790 Y110.657 E0.05307
G1 X136.314 Y111.555 E0.11098
G1 X135.775 Y112.408 E0.11012
G1 X135.168 Y113.222 E0.11087
G1 X134.516 Y113.968 E0.10807
G1 X133.791 Y114.680 E0.11098
G1 X133.019 Y115.328 E0.11001
G1 X132.192 Y115.920 E0.11098
G1 X131.781 Y116.180 E0.05307
G1 X130.892 Y116.673 E0.11098
G1 X129.975 Y117.092 E0.11001
G1 X129.021 Y117.442 E0.11098
G1 X128.547 Y117.586 E0.05404
G1 X128.063 Y117.712 E0.05457
G1 X127.424 Y117.847 E0.07131
G1 X126.565 Y117.982 E0.09496
G1 X126.079 Y118.031 E0.05324
G1 X125.055 Y118.075 E0.11195
G1 X124.569 Y118.068 E0.05307
G1 X123.555 Y117.995 E0.11098
G1 X122.558 Y117.845 E0.11001
G1 X121.567 Y117.617 E0.11098
G1 X121.094 Y117.479 E0.05379
G1 X120.539 Y117.290 E0.06401
G1 X119.681 Y116.944 E0.10100
G1 X118.710 Y116.462 E0.11833
G1 X117.936 Y116.003 E0.09816
G1 X117.493 Y115.705 E0.05830
G1 X116.761 Y115.150 E0.10025
G1 X121.672 Y110.240 E0.75797
G1 X126.684 Y111.583 E0.56642
M204 S1000
G1 X126.597 Y110.955 F10800.000
M204 S800
;TYPE:External perimeter
G1 F1509
G1 X130.957 Y106.595 E0.67305
G1 X129.590 Y101.496 E0.57625
G1 X134.970 Y96.117 E0.83039
G1 X134.200 Y95.338 E0.11947
G1 X133.712 Y94.897 E0.07180
G1 X132.949 Y94.286 E0.10674
G1 X132.412 Y93.907 E0.07170
G1 X131.859 Y93.557 E0.07149
G1 X131.123 Y93.150 E0.09176
G1 X131.761 Y93.133 E0.06970
G1 X132.290 Y93.449 E0.06717
G1 X132.933 Y93.880 E0.08452
G1 X133.442 Y94.260 E0.06936
G1 X133.913 Y94.648 E0.06660
G1 X134.352 Y95.043 E0.06447
G1 X134.975 Y95.667 E0.09622
G1 X135.367 Y96.105 E0.06419
G1 X135.733 Y96.551 E0.06301
G1 X136.280 Y97.297 E0.10089
G1 X136.593 Y97.776 E0.06245
G1 X137.136 Y98.728 E0.11967
G1 X137.584 Y99.683 E0.11518
G1 X137.797 Y100.221 E0.06312
G1 X138.112 Y101.168 E0.10894
G1 X138.369 Y102.191 E0.11514
G1 X138.490 Y102.859 E0.07412
G1 X138.603 Y103.750 E0.09800
G1 X138.659 Y104.805 E0.11534
G1 X138.634 Y105.853 E0.11440
G1 X138.572 Y106.532 E0.07448
G1 X138.444 Y107.424 E0.09836
G1 X138.341 Y107.937 E0.05701
G1 X138.176 Y108.599 E0.07448
G1 X137.913 Y109.457 E0.09800
G1 X137.529 Y110.442 E0.11534
G1 X137.313 Y110.915 E0.05676
G1 X136.819 Y111.848 E0.11528
G1 X136.256 Y112.739 E0.11503
G1 X135.625 Y113.585 E0.11516
G1 X134.937 Y114.373 E0.11421
G1 X134.183 Y115.112 E0.11528
G1 X133.377 Y115.789 E0.11492
G1 X132.518 Y116.404 E0.11528
G1 X132.079 Y116.682 E0.05676
G1 X131.155 Y117.194 E0.11528
G1 X130.198 Y117.632 E0.11492
G1 X129.206 Y117.996 E0.11528
G1 X128.197 Y118.280 E0.11440
G1 X127.530 Y118.421 E0.07448
G1 X126.639 Y118.561 E0.09836
G1 X126.122 Y118.613 E0.05682
G1 X125.063 Y118.659 E0.11564
G1 X124.543 Y118.652 E0.05676
G1 X123.490 Y118.575 E0.11528
G1 X122.449 Y118.419 E0.11492
G1 X121.420 Y118.181 E0.11528
G1 X120.336 Y117.837 E0.12414
G1 X119.442 Y117.477 E0.10523
G1 X118.431 Y116.975 E0.12321
G1 X117.625 Y116.496 E0.10231
G1 X117.154 Y116.180 E0.06184
G1 X116.423 Y115.628 E0.10004
G1 X115.885 Y115.172 E0.07700
G1 X115.452 Y114.766 E0.06481
G1 X114.846 Y114.135 E0.09546
G1 X114.326 Y113.521 E0.08775
G1 X113.832 Y112.864 E0.08973
G1 X113.476 Y112.332 E0.06995
G1 X113.133 Y111.757 E0.07306
G1 X113.150 Y111.107 E0.07090
G1 X113.368 Y111.530 E0.05187
G1 X113.730 Y112.136 E0.07708
G1 X114.094 Y112.681 E0.07151
G1 X114.484 Y113.207 E0.07147
G1 X114.899 Y113.713 E0.07147
G1 X115.340 Y114.199 E0.07157
G1 X116.118 Y114.968 E0.11947
G1 X121.497 Y109.589 E0.83039
G1 X126.510 Y110.932 E0.56642
M204 S1000
G1 X127.149 Y111.190 F10800.000
;WIPE_START
G1 F8640.000
G1 X127.798 Y109.675 E-0.47500
;WIPE_END
G1 E-0.02500 F2400.000
G1 Z15.450 F10800.000
G1 X122.684 Y111.296
G1 Z15.050
G1 E0.50000 F2400.000
;TYPE:Solid infill
;WIDTH:0.796686
G1 F1509
G1 X118.516 Y115.465 E0.77215
;WIPE_START
G1 F8640.000
G1 X119.788 Y114.192 E-0.47500
;WIPE_END
G1 E-0.02500 F2400.000
G1 Z15.450 F10800.000
G1 X120.324 Y114.564
G1 Z15.050
G1 E0.50000 F2400.000
;TYPE:Internal infill
;WIDTH:0.68
G1 F1509
G1 X121.578 Y113.310 E0.19357
G1 X125.382 Y112.291 E0.42992
G1 X126.449 Y112.577 E0.12054
G1 X125.251 Y117.045 E0.50492
G1 X126.006 Y117.012 E0.08240
G1 X126.434 Y116.969 E0.04698
G1 X127.153 Y116.856 E0.07946
G1 X122.593 Y112.295 E0.70399
M73 Q64 S7
G1 X123.013 Y111.875 E0.06484
G1 X121.746 Y116.603 E0.53422
G1 X122.020 Y116.673 E0.03090
G1 X120.117 Y114.771 E0.29372
M73 P64 R7
G1 X119.282 Y115.606 E0.12896
G1 X120.099 Y116.012 E0.09959
G1 X120.476 Y116.164 E0.04433
;WIPE_START
G1 F8640.000
G1 X120.099 Y116.012 E-0.10716
G1 X119.282 Y115.606 E-0.24078
G1 X119.622 Y115.266 E-0.12706
;WIPE_END
G1 E-0.02500 F2400.000
G1 Z15.450 F10800.000
G1 X122.423 Y116.766
G1 Z15.050
G1 E0.50000 F2400.000
G1 F1509
G1 X122.306 Y116.739 E0.01310
G1 X133.213 Y113.817 E1.23249
G1 X132.392 Y114.521 E0.11801
G1 X131.622 Y115.073 E0.10346
G1 X131.223 Y115.322 E0.05137
;WIPE_START
G1 F8640.000
G1 X131.622 Y115.073 E-0.12418
G1 X132.392 Y114.521 E-0.25012
G1 X132.682 Y114.273 E-0.10069
;WIPE_END
G1 E-0.02500 F2400.000
G1 Z15.450 F10800.000
G1 X137.035 Y104.486
G1 Z15.050
G1 E0.50000 F2400.000
G1 F1509
G1 X137.004 Y103.894 E0.06465
G1 X136.903 Y103.104 E0.08696
G1 X136.799 Y102.530 E0.06370
G1 X136.671 Y102.018 E0.05758
G1 X131.745 Y103.338 E0.55668
G1 X132.147 Y104.837 E0.16942
G1 X132.914 Y101.974 E0.32350
G1 X132.494 Y102.394 E0.06483
G1 X136.911 Y106.811 E0.68186
G1 X136.978 Y106.345 E0.05140
G1 X137.037 Y105.544 E0.08771
G1 X132.651 Y106.719 E0.49567
G1 X132.746 Y107.075 E0.04018
G1 X132.485 Y107.336 E0.04033
G1 X135.694 Y110.545 E0.49534
G1 X136.051 Y109.817 E0.08852
G1 X136.218 Y109.387 E0.05030
G1 X128.316 Y111.505 E0.89295
G1 X127.534 Y112.287 E0.12069
G1 X130.803 Y115.555 E0.50454
G1 X130.432 Y115.761 E0.04631
G1 X129.587 Y116.147 E0.10141
G1 X129.065 Y116.339 E0.06069
G1 X131.108 Y108.713 E0.86173
G1 X130.010 Y109.811 E0.16957
G1 X133.618 Y113.419 E0.55697
G1 X133.419 Y113.615 E0.03043
G1 X136.601 Y101.738 E1.34207
G1 X136.523 Y101.473 E0.03025
G1 X134.969 Y99.919 E0.23979
G1 X135.605 Y99.283 E0.09820
G1 X135.710 Y99.467 E0.02312
G1 X136.110 Y100.321 E0.10290
G1 X136.275 Y100.735 E0.04866
;WIPE_START
G1 F8640.000
G1 X136.110 Y100.321 E-0.11765
G1 X135.710 Y99.467 E-0.24878
G1 X135.605 Y99.283 E-0.05589
G1 X135.464 Y99.424 E-0.05268
;WIPE_END
G1 E-0.02500 F2400.000
G1 Z15.450 F10800.000
G1 X135.468 Y98.512
G1 Z15.050
G1 E0.50000 F2400.000
;TYPE:Solid infill
;WIDTH:0.796686
G1 F1509
G1 X131.298 Y102.683 E0.77257
; stop printing object C:/Users/orcas/AppData/Local/Temp/Neutron/Body1.stl id:0 copy 0
;LAYER_CHANGE
;Z:15.5
;HEIGHT:0.45
;BEFORE_LAYER_CHANGE
G92 E0.0
;15.5


;WIPE_START
G1 F8640.000
G1 X132.570 Y101.410 E-0.47500
;WIPE_END
G1 E-0.02500 F2400.000
G1 Z15.450 F10800.000
G1 Z15.500
;AFTER_LAYER_CHANGE
;15.5
; printing object C:/Users/orcas/AppData/Local/Temp/Neutron/Body1.stl id:0 copy 0
G1 Z15.900
G1 X126.945 Y112.257
G1 Z15.500
G1 E0.50000 F2400.000
M204 S800
;TYPE:Perimeter
;WIDTH:0.68
G1 F1502
G1 X132.258 Y106.944 E0.82012
G1 X131.026 Y102.347 E0.51953
G1 X135.357 Y98.016 E0.66853
G1 X135.652 Y98.474 E0.05943
G1 X136.105 Y99.276 E0.10056
G1 X136.304 Y99.680 E0.04926
G1 X136.708 Y100.642 E0.11382
G1 X136.996 Y101.508 E0.09961
G1 X137.118 Y101.960 E0.05113
G1 X137.225 Y102.422 E0.05176
G1 X137.339 Y103.059 E0.07057
G1 X137.442 Y103.869 E0.08915
G1 X137.475 Y104.323 E0.04971
G1 X137.489 Y105.307 E0.10747
G1 X137.456 Y105.939 E0.06898
G1 X137.371 Y106.743 E0.08835
G1 X137.264 Y107.369 E0.06930
G1 X137.088 Y108.152 E0.08756
G1 X136.809 Y109.076 E0.10542
G1 X136.454 Y109.987 E0.10668
G1 X136.266 Y110.399 E0.04939
G1 X135.809 Y111.263 E0.10668
G1 X135.294 Y112.077 E0.10521
G1 X134.710 Y112.860 E0.10657
G1 X134.415 Y113.212 E0.05018
G1 X133.975 Y113.686 E0.07057
G1 X133.390 Y114.256 E0.08915
G1 X133.042 Y114.560 E0.05050
G1 X132.535 Y114.962 E0.07057
G1 X131.869 Y115.435 E0.08915
G1 X131.478 Y115.682 E0.05050
G1 X130.915 Y116.000 E0.07057
G1 X130.185 Y116.366 E0.08915
G1 X129.767 Y116.547 E0.04971
G1 X128.849 Y116.884 E0.10668
G1 X127.909 Y117.149 E0.10668
G1 X127.460 Y117.248 E0.05017
G1 X126.822 Y117.356 E0.07057
G1 X126.011 Y117.451 E0.08915
G1 X125.557 Y117.480 E0.04971
G1 X124.579 Y117.484 E0.10668
G1 X123.605 Y117.414 E0.10668
G1 X122.681 Y117.275 E0.10193
G1 X121.729 Y117.055 E0.10668
G1 X120.798 Y116.764 E0.10649
G1 X120.328 Y116.585 E0.05488
G1 X119.542 Y116.235 E0.09393
G1 X118.605 Y115.730 E0.11618
G1 X118.020 Y115.353 E0.07596
G1 X122.348 Y111.025 E0.66808
G1 X126.858 Y112.234 E0.50970
M204 S1000
G1 X126.771 Y111.606 F10800.000
M204 S800
G1 F1502
G1 X131.607 Y106.770 E0.74658
G1 X130.375 Y102.172 E0.51953
G1 X135.430 Y97.118 E0.78024
G1 X135.859 Y97.715 E0.08027
G1 X136.152 Y98.173 E0.05929
G1 X136.621 Y99.003 E0.10412
G1 X136.836 Y99.439 E0.05299
G1 X137.254 Y100.437 E0.11818
G1 X137.554 Y101.340 E0.10382
G1 X137.796 Y102.305 E0.10864
G1 X137.916 Y102.970 E0.07376
G1 X138.023 Y103.811 E0.09252
G1 X138.058 Y104.298 E0.05327
G1 X138.073 Y105.319 E0.11146
G1 X138.037 Y105.985 E0.07279
G1 X137.949 Y106.823 E0.09203
G1 X137.837 Y107.482 E0.07299
G1 X137.653 Y108.301 E0.09155
G1 X137.360 Y109.267 E0.11021
G1 X136.992 Y110.215 E0.11098
G1 X136.790 Y110.657 E0.05307
G1 X136.314 Y111.555 E0.11098
G1 X135.775 Y112.408 E0.11012
G1 X135.168 Y113.222 E0.11086
G1 X134.852 Y113.598 E0.05355
G1 X134.393 Y114.094 E0.07376
G1 X133.786 Y114.685 E0.09252
G1 X133.415 Y115.009 E0.05375
G1 X132.885 Y115.428 E0.07376
G1 X132.194 Y115.919 E0.09252
G1 X131.778 Y116.182 E0.05375
G1 X131.190 Y116.516 E0.07376
G1 X130.431 Y116.895 E0.09252
G1 X129.984 Y117.089 E0.05327
G1 X129.029 Y117.439 E0.11098
G1 X128.051 Y117.715 E0.11098
G1 X127.572 Y117.820 E0.05355
G1 X126.905 Y117.934 E0.07376
G1 X126.063 Y118.032 E0.09252
G1 X125.576 Y118.063 E0.05327
G1 X124.560 Y118.068 E0.11098
G1 X123.546 Y117.994 E0.11098
G1 X122.567 Y117.847 E0.10807
G1 X121.576 Y117.619 E0.11098
G1 X120.607 Y117.315 E0.11086
G1 X120.105 Y117.124 E0.05855
G1 X119.284 Y116.759 E0.09808
G1 X118.311 Y116.235 E0.12063
G1 X117.853 Y115.949 E0.05900
G1 X117.117 Y115.430 E0.09823
G1 X122.173 Y110.374 E0.78051
M73 Q65 S7
G1 X126.684 Y111.583 E0.50970
M204 S1000
G1 X126.597 Y110.955 F10800.000
M204 S800
;TYPE:External perimeter
G1 F1502
G1 X130.957 Y106.595 E0.67305
M73 P65 R7
G1 X129.725 Y101.998 E0.51953
G1 X135.265 Y96.457 E0.85523
G1 X134.435 Y95.568 E0.13284
G1 X133.959 Y95.115 E0.07166
G1 X133.464 Y94.687 E0.07147
G1 X132.947 Y94.284 E0.07147
G1 X132.410 Y93.906 E0.07167
G1 X131.551 Y93.380 E0.11000
G1 X132.158 Y93.370 E0.06630
G1 X132.602 Y93.651 E0.05729
G1 X133.125 Y94.019 E0.06989
G1 X133.608 Y94.393 E0.06664
G1 X134.228 Y94.927 E0.08927
G1 X134.667 Y95.347 E0.06633
G1 X135.075 Y95.776 E0.06460
G1 X135.650 Y96.447 E0.09649
G1 X136.009 Y96.914 E0.06432
G1 X136.652 Y97.872 E0.12584
G1 X137.137 Y98.730 E0.10767
G1 X137.367 Y99.197 E0.05673
G1 X137.801 Y100.232 E0.12254
G1 X138.113 Y101.171 E0.10803
G1 X138.368 Y102.188 E0.11442
G1 X138.493 Y102.882 E0.07695
G1 X138.604 Y103.753 E0.09590
G1 X138.641 Y104.272 E0.05683
G1 X138.656 Y105.330 E0.11545
G1 X138.619 Y106.031 E0.07660
G1 X138.527 Y106.903 E0.09571
G1 X138.409 Y107.595 E0.07667
G1 X138.218 Y108.449 E0.09554
G1 X137.912 Y109.458 E0.11499
G1 X137.529 Y110.442 E0.11528
G1 X137.313 Y110.915 E0.05676
G1 X136.819 Y111.848 E0.11528
G1 X136.256 Y112.739 E0.11504
G1 X135.625 Y113.585 E0.11516
G1 X135.290 Y113.984 E0.05693
G1 X134.811 Y114.501 E0.07695
G1 X134.181 Y115.114 E0.09590
G1 X133.788 Y115.458 E0.05701
G1 X133.235 Y115.895 E0.07695
G1 X132.519 Y116.404 E0.09590
G1 X132.078 Y116.683 E0.05701
G1 X131.464 Y117.031 E0.07695
G1 X130.678 Y117.423 E0.09590
G1 X130.201 Y117.631 E0.05683
G1 X129.209 Y117.995 E0.11528
G1 X128.193 Y118.281 E0.11528
G1 X127.683 Y118.393 E0.05693
G1 X126.988 Y118.511 E0.07695
G1 X126.116 Y118.614 E0.09590
G1 X125.596 Y118.646 E0.05683
G1 X124.540 Y118.651 E0.11528
G1 X123.487 Y118.575 E0.11528
G1 X122.452 Y118.419 E0.11421
G1 X121.423 Y118.182 E0.11528
G1 X120.415 Y117.867 E0.11523
G1 X119.883 Y117.664 E0.06221
G1 X119.027 Y117.283 E0.10224
G1 X118.018 Y116.740 E0.12508
G1 X117.531 Y116.435 E0.06275
G1 X116.787 Y115.913 E0.09916
G1 X116.331 Y115.555 E0.06333
G1 X115.881 Y115.169 E0.06468
G1 X115.440 Y114.755 E0.06603
G1 X114.853 Y114.143 E0.09259
G1 X114.308 Y113.498 E0.09217
G1 X113.836 Y112.869 E0.08583
G1 X113.369 Y112.154 E0.09313
G1 X113.374 Y111.523 E0.06895
G1 X113.557 Y111.856 E0.04150
G1 X113.909 Y112.411 E0.07170
G1 X114.286 Y112.946 E0.07147
G1 X114.689 Y113.462 E0.07147
G1 X115.116 Y113.958 E0.07147
G1 X115.569 Y114.433 E0.07166
G1 X116.459 Y115.264 E0.13284
G1 X121.999 Y109.723 E0.85523
G1 X126.510 Y110.932 E0.50970
M204 S1000
G1 X127.152 Y111.183 F10800.000
;WIPE_START
G1 F8640.000
G1 X127.798 Y109.675 E-0.47500
;WIPE_END
G1 E-0.02500 F2400.000
G1 Z15.900 F10800.000
G1 X125.332 Y112.278
G1 Z15.500
G1 E0.50000 F2400.000
;TYPE:Internal infill
G1 F1502
G1 X123.671 Y111.833 E0.18772
G1 X123.676 Y111.849 E0.00184
G1 X123.136 Y112.389 E0.08332
G1 X127.531 Y116.784 E0.67849
G1 X128.700 Y116.471 E0.13206
G1 X130.658 Y109.163 E0.82588
G1 X130.235 Y109.586 E0.06537
G1 X133.838 Y113.190 E0.55630
G1 X134.367 Y112.588 E0.08744
G1 X134.933 Y111.829 E0.10334
G1 X135.335 Y111.194 E0.08208
;WIPE_START
G1 F8640.000
G1 X134.933 Y111.829 E-0.19843
G1 X134.367 Y112.588 E-0.24984
G1 X134.300 Y112.664 E-0.02672
;WIPE_END
G1 E-0.02500 F2400.000
G1 Z15.900 F10800.000
G1 X137.044 Y104.803
G1 Z15.500
G1 E0.50000 F2400.000
G1 F1502
G1 X137.038 Y104.342 E0.05034
G1 X137.006 Y103.912 E0.04704
G1 X136.907 Y103.125 E0.08662
G1 X136.753 Y102.325 E0.08886
G1 X131.898 Y103.626 E0.54867
G1 X132.231 Y103.294 E0.05137
G1 X131.982 Y104.222 E0.10497
G1 X132.629 Y106.637 E0.27288
;WIPE_START
G1 F8640.000
G1 X132.163 Y104.899 E-0.47500
;WIPE_END
G1 E-0.02500 F2400.000
G1 Z15.900 F10800.000
G1 X132.286 Y102.784
G1 Z15.500
G1 E0.50000 F2400.000
;TYPE:Solid infill
;WIDTH:0.727513
G1 F1502
G1 X131.747 Y102.245 E0.09006
G1 X132.193 Y101.798 E0.07448
G1 X132.547 Y102.152 E0.05907
G1 X132.993 Y101.706 E0.07448
G1 X132.639 Y101.352 E0.05907
G1 X133.085 Y100.906 E0.07448
G1 X133.439 Y101.260 E0.05907
G1 X133.885 Y100.814 E0.07448
G1 X133.532 Y100.460 E0.05907
G1 X133.978 Y100.014 E0.07448
G1 X134.331 Y100.368 E0.05907
G1 X134.778 Y99.922 E0.07448
G1 X134.424 Y99.568 E0.05907
G1 X134.870 Y99.122 E0.07448
G1 X135.409 Y99.661 E0.09006
;WIPE_START
G1 F8640.000
G1 X134.870 Y99.122 E-0.20133
G1 X134.424 Y99.568 E-0.16650
G1 X134.711 Y99.855 E-0.10717
;WIPE_END
G1 E-0.02500 F2400.000
G1 Z15.900 F10800.000
G1 X128.974 Y116.372
G1 Z15.500
G1 E0.50000 F2400.000
;TYPE:Internal infill
;WIDTH:0.68
G1 F1502
G1 X129.604 Y116.141 E0.07329
G1 X130.000 Y115.969 E0.04704
G1 X130.710 Y115.614 E0.08662
G1 X131.094 Y115.396 E0.04824
G1 X127.759 Y112.062 E0.51476
G1 X127.866 Y111.955 E0.01649
G1 X136.075 Y109.755 E0.92763
G1 X136.051 Y109.817 E0.00723
G1 X135.849 Y110.251 E0.05220
G1 X132.710 Y107.111 E0.48464
G1 X132.746 Y107.075 E0.00560
G1 X132.733 Y107.027 E0.00545
G1 X137.021 Y105.878 E0.48449
G1 X136.965 Y106.416 E0.05904
G1 X133.037 Y102.487 E0.60641
G1 X135.512 Y100.012 E0.38210
G1 X136.299 Y100.799 E0.12139
G1 X136.423 Y101.173 E0.04308
G1 X132.976 Y114.036 E1.45359
G1 X132.679 Y114.289 E0.04260
G1 X123.006 Y116.881 E1.09310
G1 X122.605 Y116.808 E0.04451
G1 X120.660 Y114.864 E0.30012
G1 X119.701 Y115.824 E0.14816
G1 X120.495 Y116.180 E0.09501
G1 X120.941 Y116.350 E0.05214
G1 X121.442 Y116.507 E0.05730
G1 X122.330 Y113.195 E0.37430
G1 X121.997 Y113.527 E0.05137
G1 X125.997 Y112.456 E0.45200
G1 X126.141 Y112.494 E0.01634
G1 X124.922 Y117.045 E0.51424
G1 X125.542 Y117.042 E0.06767
G1 X125.972 Y117.015 E0.04704
G1 X126.760 Y116.923 E0.08662
G1 X127.245 Y116.840 E0.05366
;WIPE_START
G1 F8640.000
G1 X126.760 Y116.923 E-0.12974
G1 X125.972 Y117.015 E-0.20941
G1 X125.542 Y117.042 E-0.11373
G1 X125.458 Y117.042 E-0.02212
;WIPE_END
G1 E-0.02500 F2400.000
G1 Z15.900 F10800.000
G1 X122.786 Y112.285
M73 Q66 S7
G1 Z15.500
G1 E0.50000 F2400.000
;TYPE:Solid infill
;WIDTH:0.727033
G1 F1502
G1 X122.246 Y111.745 E0.08999
G1 X121.801 Y112.191 E0.07436
G1 X122.154 Y112.545 E0.05902
G1 X121.709 Y112.991 E0.07436
G1 X121.355 Y112.637 E0.05902
G1 X120.909 Y113.083 E0.07436
G1 X121.263 Y113.436 E0.05902
G1 X120.817 Y113.882 E0.07436
M73 P66 R7
G1 X120.463 Y113.528 E0.05902
G1 X120.017 Y113.974 E0.07436
G1 X120.371 Y114.328 E0.05902
G1 X119.925 Y114.774 E0.07436
G1 X119.572 Y114.420 E0.05902
G1 X119.126 Y114.866 E0.07436
G1 X119.665 Y115.405 E0.08999
; stop printing object C:/Users/orcas/AppData/Local/Temp/Neutron/Body1.stl id:0 copy 0
;LAYER_CHANGE
;Z:15.95
;HEIGHT:0.45
;BEFORE_LAYER_CHANGE
G92 E0.0
;15.95


;WIPE_START
G1 F8640.000
G1 X119.126 Y114.866 E-0.20133
G1 X119.572 Y114.420 E-0.16637
G1 X119.859 Y114.708 E-0.10729
;WIPE_END
G1 E-0.02500 F2400.000
G1 Z15.900 F10800.000
G1 Z15.950
;AFTER_LAYER_CHANGE
;15.95
; printing object C:/Users/orcas/AppData/Local/Temp/Neutron/Body1.stl id:0 copy 0
G1 Z16.350
G1 X126.945 Y112.257
G1 Z15.950
G1 E0.50000 F2400.000
M204 S800
;TYPE:Perimeter
;WIDTH:0.68
G1 F1387
G1 X132.258 Y106.944 E0.82012
G1 X131.161 Y102.848 E0.46281
G1 X135.606 Y98.404 E0.68613
G1 X135.954 Y98.997 E0.07515
G1 X136.316 Y99.706 E0.08683
G1 X136.507 Y100.133 E0.05106
G1 X136.706 Y100.635 E0.05901
G1 X136.995 Y101.508 E0.10035
G1 X137.116 Y101.952 E0.05028
G1 X137.259 Y102.606 E0.07300
G1 X137.389 Y103.390 E0.08674
G1 X137.440 Y103.843 E0.04976
G1 X137.492 Y104.833 E0.10827
G1 X137.470 Y105.767 E0.10193
G1 X137.371 Y106.739 E0.10668
G1 X137.198 Y107.701 E0.10668
G1 X137.092 Y108.141 E0.04939
G1 X136.809 Y109.076 E0.10668
G1 X136.454 Y109.987 E0.10668
G1 X136.266 Y110.399 E0.04939
G1 X135.809 Y111.263 E0.10668
G1 X135.294 Y112.077 E0.10521
G1 X134.710 Y112.860 E0.10656
G1 X134.096 Y113.563 E0.10193
G1 X133.388 Y114.258 E0.10827
G1 X133.042 Y114.560 E0.05010
G1 X132.517 Y114.975 E0.07300
G1 X131.869 Y115.434 E0.08674
G1 X131.068 Y115.920 E0.10230
G1 X130.189 Y116.363 E0.10739
G1 X129.586 Y116.617 E0.07141
G1 X128.853 Y116.883 E0.08515
G1 X127.909 Y117.149 E0.10706
G1 X127.460 Y117.248 E0.05010
G1 X126.801 Y117.359 E0.07300
G1 X126.012 Y117.451 E0.08674
G1 X125.557 Y117.480 E0.04976
G1 X124.579 Y117.484 E0.10668
G1 X123.605 Y117.414 E0.10668
G1 X122.681 Y117.275 E0.10193
G1 X121.729 Y117.055 E0.10668
G1 X120.798 Y116.764 E0.10646
G1 X120.322 Y116.582 E0.05557
G1 X119.535 Y116.232 E0.09403
G1 X119.050 Y115.984 E0.05947
G1 X118.404 Y115.605 E0.08176
G1 X122.850 Y111.159 E0.68622
G1 X126.858 Y112.234 E0.45299
M204 S1000
G1 X126.771 Y111.606 F10800.000
M204 S800
G1 F1387
G1 X131.607 Y106.770 E0.74658
M73 P66 R6
G1 X130.510 Y102.674 E0.46281
M73 Q66 S6
G1 X135.697 Y97.487 E0.80066
G1 X136.160 Y98.186 E0.09152
G1 X136.467 Y98.719 E0.06708
G1 X136.843 Y99.454 E0.09014
G1 X137.254 Y100.436 E0.11622
G1 X137.554 Y101.339 E0.10392
G1 X137.683 Y101.813 E0.05362
G1 X137.832 Y102.496 E0.07621
G1 X137.967 Y103.310 E0.09008
G1 X138.021 Y103.795 E0.05330
G1 X138.076 Y104.819 E0.11195
G1 X138.052 Y105.809 E0.10807
G1 X137.949 Y106.821 E0.11098
G1 X137.769 Y107.821 E0.11098
G1 X137.655 Y108.294 E0.05307
G1 X137.360 Y109.267 E0.11098
G1 X136.992 Y110.215 E0.11098
G1 X136.790 Y110.657 E0.05307
G1 X136.314 Y111.555 E0.11098
G1 X135.775 Y112.408 E0.11013
G1 X135.168 Y113.222 E0.11086
G1 X134.516 Y113.968 E0.10807
G1 X133.784 Y114.686 E0.11195
G1 X133.415 Y115.009 E0.05351
G1 X132.867 Y115.442 E0.07621
G1 X132.194 Y115.919 E0.09008
G1 X131.774 Y116.185 E0.05427
G1 X131.345 Y116.433 E0.05404
G1 X130.434 Y116.893 E0.11142
G1 X129.799 Y117.161 E0.07524
G1 X129.031 Y117.439 E0.08911
G1 X128.051 Y117.715 E0.11121
G1 X127.572 Y117.820 E0.05351
G1 X126.884 Y117.937 E0.07621
G1 X126.064 Y118.032 E0.09008
G1 X125.576 Y118.063 E0.05330
G1 X124.560 Y118.068 E0.11098
G1 X123.546 Y117.994 E0.11098
G1 X122.567 Y117.847 E0.10807
G1 X121.576 Y117.619 E0.11098
G1 X120.607 Y117.315 E0.11085
G1 X120.100 Y117.122 E0.05923
G1 X119.283 Y116.759 E0.09751
G1 X118.318 Y116.239 E0.11966
G1 X117.845 Y115.943 E0.06088
G1 X117.490 Y115.694 E0.04738
G1 X122.675 Y110.509 E0.80043
G1 X126.684 Y111.583 E0.45299
M204 S1000
G1 X126.597 Y110.955 F10800.000
M204 S800
;TYPE:External perimeter
G1 F1387
G1 X130.957 Y106.595 E0.67305
G1 X129.859 Y102.500 E0.46281
G1 X135.547 Y96.812 E0.87795
G1 X134.885 Y96.041 E0.11089
G1 X134.432 Y95.565 E0.07176
G1 X133.716 Y94.899 E0.10674
G1 X133.208 Y94.483 E0.07170
G1 X132.682 Y94.093 E0.07147
G1 X131.930 Y93.605 E0.09786
G1 X132.544 Y93.615 E0.06699
G1 X132.846 Y93.819 E0.03978
G1 X133.626 Y94.408 E0.10669
G1 X134.220 Y94.920 E0.08558
G1 X134.797 Y95.482 E0.08795
G1 X135.366 Y96.104 E0.09201
G1 X135.741 Y96.561 E0.06452
G1 X136.264 Y97.274 E0.09659
G1 X136.658 Y97.882 E0.07898
G1 X136.980 Y98.440 E0.07036
G1 X137.369 Y99.202 E0.09345
G1 X137.803 Y100.236 E0.12239
G1 X138.113 Y101.171 E0.10749
G1 X138.250 Y101.675 E0.05696
G1 X138.406 Y102.385 E0.07943
G1 X138.545 Y103.230 E0.09343
G1 X138.603 Y103.747 E0.05684
G1 X138.659 Y104.805 E0.11564
G1 X138.657 Y105.328 E0.05711
G1 X138.634 Y105.851 E0.05711
G1 X138.527 Y106.902 E0.11528
G1 X138.340 Y107.941 E0.11528
G1 X138.218 Y108.447 E0.05676
G1 X137.912 Y109.458 E0.11528
G1 X137.529 Y110.442 E0.11528
G1 X137.313 Y110.915 E0.05676
G1 X136.819 Y111.848 E0.11528
G1 X136.256 Y112.739 E0.11504
G1 X135.625 Y113.585 E0.11516
G1 X134.937 Y114.373 E0.11421
G1 X134.181 Y115.115 E0.11564
G1 X133.788 Y115.458 E0.05692
G1 X133.217 Y115.909 E0.07943
G1 X132.519 Y116.404 E0.09343
G1 X131.623 Y116.946 E0.11429
G1 X130.679 Y117.423 E0.11544
G1 X130.012 Y117.704 E0.07907
G1 X129.210 Y117.994 E0.09307
G1 X128.193 Y118.281 E0.11536
G1 X127.683 Y118.393 E0.05692
G1 X126.966 Y118.515 E0.07943
G1 X126.116 Y118.614 E0.09343
G1 X125.596 Y118.646 E0.05684
G1 X124.540 Y118.651 E0.11528
G1 X123.487 Y118.575 E0.11528
G1 X122.452 Y118.419 E0.11421
G1 X121.423 Y118.182 E0.11528
G1 X120.415 Y117.867 E0.11523
G1 X119.877 Y117.662 E0.06289
G1 X119.032 Y117.286 E0.10099
G1 X118.019 Y116.740 E0.12551
G1 X117.523 Y116.430 E0.06392
G1 X116.795 Y115.919 E0.09710
G1 X116.333 Y115.556 E0.06411
G1 X115.877 Y115.165 E0.06558
G1 X115.429 Y114.743 E0.06714
G1 X114.860 Y114.150 E0.08972
G1 X114.289 Y113.474 E0.09658
G1 X113.836 Y112.870 E0.08243
G1 X113.615 Y112.543 E0.04307
G1 X113.603 Y111.923 E0.06762
G1 X114.094 Y112.681 E0.09855
G1 X114.485 Y113.208 E0.07170
G1 X115.115 Y113.957 E0.10674
G1 X115.568 Y114.432 E0.07170
G1 X116.042 Y114.884 E0.07152
G1 X116.814 Y115.545 E0.11090
G1 X122.501 Y109.858 E0.87795
G1 X126.510 Y110.932 E0.45299
M204 S1000
G1 X127.154 Y111.176 F10800.000
;WIPE_START
G1 F8640.000
G1 X127.798 Y109.675 E-0.47500
;WIPE_END
G1 E-0.02500 F2400.000
G1 Z16.350 F10800.000
G1 X123.688 Y111.565
G1 Z15.950
G1 E0.50000 F2400.000
;TYPE:Solid infill
;WIDTH:0.796686
G1 F1387
G1 X119.325 Y115.928 E0.80818
;WIPE_START
M73 Q67 S6
G1 F8640.000
G1 X120.598 Y114.655 E-0.47500
;WIPE_END
G1 E-0.02500 F2400.000
G1 Z16.350 F10800.000
G1 X120.997 Y115.163
G1 Z15.950
G1 E0.50000 F2400.000
;TYPE:Internal infill
;WIDTH:0.68
G1 F1387
G1 X120.139 Y116.022 E0.13255
G1 X120.489 Y116.178 E0.04186
G1 X121.138 Y116.412 E0.07531
M73 P67 R6
G1 X121.647 Y114.514 E0.21445
G1 X121.204 Y114.957 E0.06839
G1 X123.149 Y116.903 E0.30034
G1 X123.825 Y116.991 E0.07442
G1 X132.010 Y114.798 E0.92491
G1 X132.552 Y114.389 E0.07411
G1 X136.235 Y100.645 E1.55317
G1 X136.576 Y101.634 E0.11426
G1 X136.818 Y102.637 E0.11263
G1 X132.317 Y103.843 E0.50863
G1 X133.580 Y102.581 E0.19492
G1 X137.006 Y106.006 E0.52877
G1 X136.984 Y106.217 E0.02313
G1 X132.367 Y107.454 E0.52178
G1 X132.746 Y107.075 E0.05857
G1 X132.608 Y106.559 E0.05827
G1 X135.993 Y109.944 E0.52251
G1 X135.908 Y110.129 E0.02224
G1 X127.416 Y112.405 E0.95963
G1 X127.984 Y111.837 E0.08770
G1 X131.372 Y115.224 E0.52291
G1 X131.772 Y114.967 E0.05196
;WIPE_START
G1 F8640.000
G1 X131.372 Y115.224 E-0.12562
G1 X130.436 Y114.288 E-0.34938
;WIPE_END
G1 E-0.02500 F2400.000
G1 Z16.350 F10800.000
G1 X135.496 Y110.919
G1 Z15.950
G1 E0.50000 F2400.000
G1 F1387
G1 X134.933 Y111.829 E0.11687
G1 X134.370 Y112.585 E0.10288
G1 X134.050 Y112.951 E0.05310
G1 X130.460 Y109.361 E0.55416
G1 X130.208 Y109.613 E0.03883
G1 X128.343 Y116.572 E0.78637
G1 X127.895 Y116.698 E0.05084
G1 X123.679 Y112.482 E0.65084
G1 X122.416 Y113.744 E0.19492
G1 X126.611 Y112.620 E0.47407
G1 X125.834 Y112.412 E0.08786
G1 X124.592 Y117.046 E0.52371
G1 X124.116 Y117.012 E0.05208
;WIPE_START
G1 F8640.000
G1 X124.592 Y117.046 E-0.12591
G1 X124.935 Y115.769 E-0.34909
;WIPE_END
G1 E-0.02500 F2400.000
G1 Z16.350 F10800.000
G1 X131.566 Y103.687
G1 Z15.950
G1 E0.50000 F2400.000
;TYPE:Solid infill
;WIDTH:0.796686
G1 F1387
G1 X135.926 Y99.327 E0.80758
; stop printing object C:/Users/orcas/AppData/Local/Temp/Neutron/Body1.stl id:0 copy 0
;LAYER_CHANGE
;Z:16.4
;HEIGHT:0.45
;BEFORE_LAYER_CHANGE
G92 E0.0
;16.4


;WIPE_START
G1 F8640.000
G1 X134.653 Y100.600 E-0.47500
;WIPE_END
G1 E-0.02500 F2400.000
G1 Z16.350 F10800.000
G1 Z16.400
;AFTER_LAYER_CHANGE
;16.4
; printing object C:/Users/orcas/AppData/Local/Temp/Neutron/Body1.stl id:0 copy 0
G1 Z16.800
G1 X126.945 Y112.257
G1 Z16.400
G1 E0.50000 F2400.000
M204 S800
;TYPE:Perimeter
;WIDTH:0.68
G1 F1415
G1 X132.258 Y106.944 E0.82012
G1 X131.295 Y103.350 E0.40609
G1 X135.842 Y98.803 E0.70188
G1 X136.316 Y99.705 E0.11118
G1 X136.708 Y100.643 E0.11096
G1 X136.995 Y101.508 E0.09946
G1 X137.116 Y101.952 E0.05023
G1 X137.263 Y102.627 E0.07543
G1 X137.389 Y103.389 E0.08432
G1 X137.440 Y103.843 E0.04981
G1 X137.492 Y104.833 E0.10827
G1 X137.470 Y105.767 E0.10193
G1 X137.369 Y106.754 E0.10827
G1 X137.297 Y107.206 E0.05003
G1 X137.153 Y107.882 E0.07543
G1 X136.954 Y108.629 E0.08432
G1 X136.814 Y109.063 E0.04981
G1 X136.454 Y109.987 E0.10827
G1 X136.266 Y110.399 E0.04939
G1 X135.809 Y111.263 E0.10668
G1 X135.294 Y112.077 E0.10522
G1 X134.710 Y112.860 E0.10656
G1 X134.096 Y113.563 E0.10193
G1 X133.398 Y114.248 E0.10668
G1 X132.661 Y114.867 E0.10509
G1 X131.866 Y115.436 E0.10668
G1 X131.484 Y115.678 E0.04939
G1 X130.624 Y116.154 E0.10733
G1 X130.011 Y116.441 E0.07385
G1 X129.295 Y116.731 E0.08432
G1 X128.863 Y116.880 E0.04981
G1 X127.923 Y117.145 E0.10668
G1 X126.964 Y117.337 E0.10668
G1 X126.516 Y117.400 E0.04939
G1 X125.542 Y117.480 E0.10668
G1 X124.579 Y117.484 E0.10510
G1 X123.605 Y117.414 E0.10668
G1 X123.150 Y117.354 E0.05003
G1 X122.470 Y117.230 E0.07543
G1 X121.732 Y117.056 E0.08274
G1 X120.798 Y116.764 E0.10687
G1 X120.317 Y116.580 E0.05626
G1 X119.543 Y116.236 E0.09244
G1 X118.802 Y115.843 E0.09149
G1 X123.352 Y111.294 E0.70225
G1 X126.858 Y112.234 E0.39627
M204 S1000
G1 X126.771 Y111.606 F10800.000
M204 S800
G1 F1415
G1 X131.607 Y106.770 E0.74658
G1 X130.644 Y103.176 E0.40609
G1 X135.953 Y97.868 E0.81943
G1 X136.164 Y98.194 E0.04243
G1 X136.477 Y98.738 E0.06853
G1 X136.843 Y99.454 E0.08771
G1 X137.044 Y99.906 E0.05411
G1 X137.257 Y100.443 E0.06305
G1 X137.554 Y101.339 E0.10302
G1 X137.683 Y101.813 E0.05359
G1 X137.837 Y102.517 E0.07867
G1 X137.967 Y103.309 E0.08764
G1 X138.021 Y103.795 E0.05333
G1 X138.076 Y104.819 E0.11195
G1 X138.052 Y105.809 E0.10807
G1 X137.948 Y106.829 E0.11195
G1 X137.871 Y107.313 E0.05347
G1 X137.721 Y108.018 E0.07867
G1 X137.514 Y108.794 E0.08764
G1 X137.364 Y109.259 E0.05333
G1 X136.992 Y110.215 E0.11195
G1 X136.790 Y110.657 E0.05307
G1 X136.314 Y111.555 E0.11098
G1 X135.775 Y112.408 E0.11013
G1 X135.168 Y113.222 E0.11086
G1 X134.516 Y113.968 E0.10807
G1 X133.791 Y114.680 E0.11098
G1 X133.019 Y115.328 E0.11001
G1 X132.192 Y115.920 E0.11098
G1 X131.781 Y116.180 E0.05307
G1 X130.889 Y116.675 E0.11137
G1 X130.244 Y116.976 E0.07769
G1 X129.500 Y117.277 E0.08764
G1 X129.038 Y117.437 E0.05333
G1 X128.059 Y117.712 E0.11098
G1 X127.062 Y117.912 E0.11098
G1 X126.581 Y117.980 E0.05307
G1 X125.568 Y118.063 E0.11098
G1 X124.560 Y118.068 E0.11001
G1 X123.546 Y117.994 E0.11098
G1 X123.060 Y117.931 E0.05347
M73 Q68 S6
G1 X122.351 Y117.802 E0.07867
G1 X121.578 Y117.619 E0.08667
G1 X120.607 Y117.315 E0.11109
G1 X120.094 Y117.120 E0.05991
G1 X119.291 Y116.763 E0.09590
G1 X118.773 Y116.497 E0.06354
G1 X117.865 Y115.955 E0.11542
G1 X123.177 Y110.643 E0.82003
M73 P68 R6
G1 X126.684 Y111.583 E0.39627
M204 S1000
G1 X126.597 Y110.955 F10800.000
M204 S800
;TYPE:External perimeter
G1 F1415
G1 X130.957 Y106.595 E0.67305
G1 X129.994 Y103.002 E0.40609
G1 X135.820 Y97.176 E0.89933
G1 X135.103 Y96.287 E0.12461
G1 X134.662 Y95.801 E0.07163
G1 X134.199 Y95.338 E0.07148
G1 X133.712 Y94.897 E0.07170
G1 X132.949 Y94.286 E0.10674
G1 X132.323 Y93.851 E0.08317
G1 X132.917 Y93.872 E0.06489
G1 X133.423 Y94.246 E0.06868
G1 X134.214 Y94.915 E0.11302
G1 X134.813 Y95.498 E0.09123
G1 X135.365 Y96.102 E0.08938
G1 X135.745 Y96.566 E0.06538
G1 X136.257 Y97.264 E0.09448
G1 X136.662 Y97.889 E0.08141
G1 X136.990 Y98.460 E0.07182
G1 X137.369 Y99.202 E0.09098
G1 X137.582 Y99.680 E0.05714
G1 X137.806 Y100.244 E0.06619
G1 X138.113 Y101.171 E0.10658
G1 X138.250 Y101.674 E0.05695
G1 X138.410 Y102.407 E0.08190
G1 X138.545 Y103.230 E0.09096
G1 X138.603 Y103.747 E0.05685
G1 X138.659 Y104.805 E0.11564
G1 X138.657 Y105.328 E0.05711
G1 X138.634 Y105.851 E0.05711
G1 X138.527 Y106.905 E0.11564
G1 X138.444 Y107.420 E0.05690
G1 X138.289 Y108.154 E0.08190
G1 X138.074 Y108.959 E0.09096
G1 X137.914 Y109.455 E0.05685
G1 X137.529 Y110.442 E0.11564
G1 X137.313 Y110.915 E0.05676
G1 X136.819 Y111.848 E0.11528
G1 X136.256 Y112.739 E0.11504
G1 X135.625 Y113.585 E0.11515
G1 X134.937 Y114.373 E0.11421
G1 X134.183 Y115.112 E0.11528
G1 X133.377 Y115.789 E0.11492
G1 X132.518 Y116.404 E0.11528
G1 X132.079 Y116.682 E0.05676
G1 X131.154 Y117.195 E0.11542
G1 X130.477 Y117.511 E0.08154
G1 X129.705 Y117.824 E0.09096
G1 X129.212 Y117.994 E0.05685
G1 X128.196 Y118.280 E0.11528
G1 X127.160 Y118.487 E0.11528
G1 X126.645 Y118.560 E0.05676
G1 X125.593 Y118.646 E0.11528
G1 X124.540 Y118.651 E0.11492
G1 X123.487 Y118.575 E0.11528
G1 X122.970 Y118.507 E0.05690
G1 X122.232 Y118.373 E0.08190
G1 X121.424 Y118.182 E0.09060
G1 X120.416 Y117.867 E0.11532
G1 X119.871 Y117.659 E0.06357
G1 X119.040 Y117.289 E0.09937
G1 X118.496 Y117.011 E0.06667
G1 X117.515 Y116.425 E0.12472
G1 X116.802 Y115.924 E0.09504
G1 X116.335 Y115.557 E0.06489
G1 X115.873 Y115.161 E0.06648
G1 X115.417 Y114.732 E0.06826
G1 X114.865 Y114.156 E0.08706
G1 X114.453 Y113.679 E0.06890
G1 X113.872 Y112.919 E0.10436
G1 X113.849 Y112.304 E0.06715
G1 X114.093 Y112.679 E0.04886
G1 X114.484 Y113.207 E0.07169
G1 X114.899 Y113.713 E0.07147
G1 X115.339 Y114.198 E0.07147
G1 X115.802 Y114.661 E0.07148
G1 X116.288 Y115.101 E0.07160
G1 X117.177 Y115.818 E0.12464
G1 X123.003 Y109.992 E0.89933
G1 X126.510 Y110.932 E0.39627
M204 S1000
G1 X127.157 Y111.169 F10800.000
;WIPE_START
G1 F8640.000
G1 X127.798 Y109.675 E-0.47500
;WIPE_END
G1 E-0.02500 F2400.000
G1 Z16.800 F10800.000
G1 X124.016 Y112.781
G1 Z16.400
G1 E0.50000 F2400.000
;TYPE:Internal infill
G1 F1415
G1 X122.836 Y113.962 E0.18220
G1 X135.711 Y110.511 E1.45503
G1 X135.873 Y110.205 E0.03780
G1 X136.125 Y109.626 E0.06892
G1 X132.443 Y105.944 E0.56836
G1 X132.746 Y107.075 E0.12773
G1 X131.917 Y107.904 E0.12803
G1 X136.950 Y106.556 E0.56875
G1 X137.039 Y105.590 E0.10586
G1 X134.123 Y102.674 E0.45014
G1 X132.737 Y104.060 E0.21405
G1 X136.874 Y102.952 E0.46748
G1 X136.691 Y102.056 E0.09982
G1 X136.576 Y101.634 E0.04772
G1 X136.214 Y100.583 E0.12135
G1 X135.815 Y100.982 E0.06154
G1 X132.139 Y114.703 E1.55053
G1 X132.392 Y114.521 E0.03403
G1 X133.104 Y113.924 E0.10141
G1 X133.777 Y113.263 E0.10300
G1 X134.259 Y112.711 E0.07997
G1 X130.685 Y109.136 E0.55181
G1 X129.758 Y110.063 E0.14302
G1 X127.987 Y116.672 E0.74686
G1 X128.246 Y116.599 F10800.000
G1 F1415
G1 X124.222 Y112.575 E0.62118
G1 X124.679 Y112.118 E0.07057
G1 X124.675 Y112.101 E0.00184
G1 X125.527 Y112.330 E0.09624
G1 X124.269 Y117.023 E0.53037
G1 X124.852 Y117.045 E0.06364
G1 X131.167 Y115.353 E0.71369
G1 X131.650 Y115.053 E0.06210
G1 X128.209 Y111.612 E0.53118
G1 X129.552 Y110.269 E0.20723
;WIPE_START
G1 F8640.000
G1 X128.279 Y111.542 E-0.47500
;WIPE_END
G1 E-0.02500 F2400.000
G1 Z16.800 F10800.000
G1 X123.823 Y112.521
G1 Z16.400
G1 E0.50000 F2400.000
;TYPE:Solid infill
;WIDTH:0.695832
G1 F1415
G1 X123.283 Y111.981 E0.08553
G1 X122.860 Y112.405 E0.06719
G1 X123.213 Y112.759 E0.05610
G1 X122.790 Y113.182 E0.06719
G1 X122.436 Y112.829 E0.05610
G1 X122.012 Y113.252 E0.06719
G1 X122.366 Y113.606 E0.05610
G1 X121.942 Y114.030 E0.06719
G1 X121.588 Y113.676 E0.05610
G1 X121.165 Y114.100 E0.06719
G1 X121.518 Y114.454 E0.05610
G1 X121.095 Y114.877 E0.06719
G1 X120.741 Y114.524 E0.05610
G1 X120.317 Y114.947 E0.06719
G1 X120.671 Y115.301 E0.05610
G1 X120.247 Y115.725 E0.06719
G1 X119.708 Y115.185 E0.08553
;WIPE_START
G1 F8640.000
G1 X120.247 Y115.725 E-0.20132
G1 X120.671 Y115.301 E-0.15814
G1 X120.361 Y114.991 E-0.11554
;WIPE_END
G1 E-0.02500 F2400.000
G1 Z16.800 F10800.000
G1 X120.758 Y116.040
G1 Z16.400
G1 E0.50000 F2400.000
;TYPE:Internal infill
;WIDTH:0.68
G1 F1415
G1 X120.583 Y116.214 E0.02687
G1 X120.836 Y116.310 E0.02951
G1 X120.964 Y115.833 E0.05387
G1 X121.747 Y115.050 E0.12088
G1 X123.677 Y116.980 E0.29793
G1 X123.218 Y116.922 E0.05052
G1 X122.560 Y116.802 E0.07301
G1 X121.848 Y116.634 E0.07979
G1 X121.240 Y116.444 E0.06956
;WIPE_START
G1 F8640.000
G1 X121.848 Y116.634 E-0.16817
G1 X122.560 Y116.802 E-0.19289
G1 X122.984 Y116.879 E-0.11394
;WIPE_END
G1 E-0.02500 F2400.000
G1 Z16.800 F10800.000
G1 X131.797 Y103.096
G1 Z16.400
G1 E0.50000 F2400.000
;TYPE:Solid infill
;WIDTH:0.696164
M73 Q69 S6
G1 F1415
G1 X132.336 Y103.635 E0.08558
G1 X132.760 Y103.212 E0.06726
G1 X132.407 Y102.858 E0.05613
G1 X132.831 Y102.434 E0.06726
G1 X133.184 Y102.788 E0.05613
G1 X133.608 Y102.364 E0.06726
G1 X133.255 Y102.010 E0.05613
G1 X133.679 Y101.586 E0.06726
G1 X134.032 Y101.940 E0.05613
G1 X134.456 Y101.516 E0.06726
G1 X134.103 Y101.162 E0.05613
G1 X134.527 Y100.738 E0.06726
G1 X134.880 Y101.092 E0.05613
M73 P69 R6
G1 X135.304 Y100.668 E0.06726
G1 X134.951 Y100.314 E0.05613
G1 X135.374 Y99.890 E0.06726
G1 X135.914 Y100.429 E0.08558
; stop printing object C:/Users/orcas/AppData/Local/Temp/Neutron/Body1.stl id:0 copy 0
;LAYER_CHANGE
;Z:16.85
;HEIGHT:0.450001
;BEFORE_LAYER_CHANGE
G92 E0.0
;16.85


;WIPE_START
G1 F8640.000
G1 X135.374 Y99.890 E-0.20132
G1 X134.951 Y100.314 E-0.15823
G1 X135.260 Y100.623 E-0.11546
;WIPE_END
G1 E-0.02500 F2400.000
G1 Z16.800 F10800.000
G1 Z16.850
;AFTER_LAYER_CHANGE
;16.85
; printing object C:/Users/orcas/AppData/Local/Temp/Neutron/Body1.stl id:0 copy 0
G1 Z17.250
G1 X126.945 Y112.257
G1 Z16.850
G1 E0.50000 F2400.000
M204 S800
;TYPE:Perimeter
;WIDTH:0.68
G1 F1281
G1 X132.258 Y106.944 E0.82012
G1 X131.430 Y103.852 E0.34938
G1 X136.071 Y99.211 E0.71638
G1 X136.512 Y100.146 E0.11279
G1 X136.711 Y100.650 E0.05920
G1 X136.991 Y101.494 E0.09699
G1 X137.226 Y102.430 E0.10532
G1 X137.390 Y103.393 E0.10668
G1 X137.440 Y103.843 E0.04939
G1 X137.492 Y104.833 E0.10827
G1 X137.469 Y105.772 E0.10251
G1 X137.402 Y106.482 E0.07786
G1 X137.294 Y107.225 E0.08190
G1 X137.203 Y107.678 E0.05045
G1 X137.027 Y108.369 E0.07786
G1 X136.806 Y109.086 E0.08190
G1 X136.647 Y109.520 E0.05045
G1 X136.367 Y110.176 E0.07786
G1 X136.038 Y110.851 E0.08190
G1 X135.817 Y111.250 E0.04987
G1 X135.294 Y112.077 E0.10681
G1 X134.710 Y112.860 E0.10655
G1 X134.096 Y113.563 E0.10193
G1 X133.398 Y114.248 E0.10668
G1 X132.661 Y114.867 E0.10509
G1 X131.866 Y115.436 E0.10668
G1 X131.484 Y115.678 E0.04939
G1 X130.629 Y116.152 E0.10668
G1 X129.740 Y116.558 E0.10668
G1 X128.863 Y116.880 E0.10193
G1 X127.923 Y117.145 E0.10668
G1 X126.964 Y117.337 E0.10668
G1 X126.516 Y117.400 E0.04939
G1 X125.528 Y117.481 E0.10827
G1 X125.070 Y117.492 E0.04997
G1 X124.357 Y117.473 E0.07786
G1 X123.609 Y117.414 E0.08190
G1 X123.151 Y117.354 E0.05045
G1 X122.449 Y117.226 E0.07786
G1 X121.733 Y117.057 E0.08032
G1 X120.798 Y116.764 E0.10690
G1 X120.311 Y116.578 E0.05694
G1 X119.550 Y116.240 E0.09085
G1 X119.214 Y116.068 E0.04122
G1 X123.854 Y111.428 E0.71616
G1 X126.858 Y112.234 E0.33955
M204 S1000
G1 X126.771 Y111.606 F10800.000
M204 S800
G1 F1281
G1 X131.607 Y106.770 E0.74658
G1 X130.779 Y103.678 E0.34938
G1 X136.197 Y98.260 E0.83630
G1 X136.613 Y98.989 E0.09160
G1 X137.048 Y99.915 E0.11163
G1 X137.260 Y100.451 E0.06297
G1 X137.551 Y101.331 E0.10116
G1 X137.797 Y102.309 E0.11014
G1 X137.968 Y103.312 E0.11098
G1 X138.021 Y103.795 E0.05307
G1 X138.076 Y104.819 E0.11195
G1 X138.052 Y105.812 E0.10842
G1 X137.982 Y106.552 E0.08112
G1 X137.869 Y107.324 E0.08520
G1 X137.772 Y107.807 E0.05372
G1 X137.589 Y108.527 E0.08112
G1 X137.359 Y109.273 E0.08520
G1 X137.189 Y109.735 E0.05372
G1 X136.898 Y110.419 E0.08112
G1 X136.556 Y111.120 E0.08520
G1 X136.319 Y111.548 E0.05336
G1 X135.775 Y112.408 E0.11111
G1 X135.168 Y113.222 E0.11085
G1 X134.516 Y113.968 E0.10807
G1 X133.791 Y114.680 E0.11098
G1 X133.019 Y115.328 E0.11001
G1 X132.192 Y115.920 E0.11098
G1 X131.781 Y116.180 E0.05307
G1 X130.892 Y116.673 E0.11098
G1 X129.967 Y117.096 E0.11098
G1 X129.038 Y117.437 E0.10807
G1 X128.059 Y117.712 E0.11098
G1 X127.062 Y117.912 E0.11098
G1 X126.581 Y117.980 E0.05307
G1 X125.559 Y118.064 E0.11195
G1 X125.069 Y118.075 E0.05343
G1 X124.326 Y118.056 E0.08112
G1 X123.548 Y117.995 E0.08520
G1 X123.060 Y117.931 E0.05372
G1 X122.329 Y117.797 E0.08112
G1 X121.578 Y117.620 E0.08422
G1 X120.607 Y117.315 E0.11111
G1 X120.088 Y117.117 E0.06060
G1 X119.299 Y116.766 E0.09430
G1 X118.773 Y116.497 E0.06449
G1 X118.256 Y116.200 E0.06503
G1 X123.679 Y110.778 E0.83709
G1 X126.684 Y111.583 E0.33955
M204 S1000
G1 X126.597 Y110.955 F10800.000
M204 S800
;TYPE:External perimeter
G1 F1281
G1 X130.957 Y106.595 E0.67305
G1 X130.128 Y103.504 E0.34938
G1 X136.080 Y97.551 E0.91880
G1 X135.517 Y96.792 E0.10317
G1 X135.102 Y96.286 E0.07147
G1 X134.662 Y95.801 E0.07148
G1 X134.199 Y95.338 E0.07148
G1 X133.712 Y94.897 E0.07170
G1 X132.949 Y94.286 E0.10674
G1 X132.706 Y94.114 E0.03247
G1 X133.283 Y94.141 E0.06303
G1 X133.701 Y94.470 E0.05812
G1 X134.207 Y94.908 E0.07301
G1 X134.669 Y95.350 E0.06983
G1 X135.095 Y95.797 E0.06741
G1 X135.627 Y96.419 E0.08932
G1 X136.001 Y96.904 E0.06687
G1 X136.437 Y97.535 E0.08371
G1 X136.888 Y98.273 E0.09440
G1 X137.134 Y98.725 E0.05618
G1 X137.584 Y99.683 E0.11552
G1 X137.808 Y100.252 E0.06674
G1 X138.112 Y101.168 E0.10532
G1 X138.368 Y102.189 E0.11497
G1 X138.546 Y103.231 E0.11528
G1 X138.603 Y103.747 E0.05676
G1 X138.659 Y104.805 E0.11564
G1 X138.657 Y105.328 E0.05711
G1 X138.634 Y105.852 E0.05724
G1 X138.561 Y106.622 E0.08437
G1 X138.444 Y107.424 E0.08849
G1 X138.341 Y107.936 E0.05699
G1 X138.151 Y108.685 E0.08437
G1 X137.912 Y109.460 E0.08849
G1 X137.732 Y109.950 E0.05699
G1 X137.429 Y110.661 E0.08437
G1 X137.074 Y111.390 E0.08849
G1 X136.821 Y111.845 E0.05686
G1 X136.256 Y112.739 E0.11541
G1 X135.625 Y113.585 E0.11515
G1 X134.937 Y114.373 E0.11421
G1 X134.183 Y115.112 E0.11528
G1 X133.377 Y115.789 E0.11492
G1 X132.518 Y116.404 E0.11528
G1 X132.079 Y116.682 E0.05676
G1 X131.155 Y117.194 E0.11528
G1 X130.195 Y117.633 E0.11528
G1 X129.212 Y117.994 E0.11421
G1 X128.196 Y118.280 E0.11528
G1 X127.160 Y118.487 E0.11528
G1 X126.645 Y118.560 E0.05676
G1 X125.590 Y118.647 E0.11564
G1 X125.069 Y118.659 E0.05689
G1 X124.296 Y118.638 E0.08437
G1 X123.488 Y118.575 E0.08849
G1 X122.970 Y118.507 E0.05699
G1 X122.210 Y118.368 E0.08437
G1 X121.424 Y118.183 E0.08813
G1 X120.416 Y117.867 E0.11533
G1 X119.866 Y117.657 E0.06425
G1 X119.047 Y117.293 E0.09774
G1 X118.496 Y117.011 E0.06763
G1 X117.507 Y116.420 E0.12574
G1 X116.810 Y115.930 E0.09298
G1 X116.337 Y115.559 E0.06566
G1 X115.868 Y115.157 E0.06739
G1 X115.406 Y114.721 E0.06937
G1 X114.872 Y114.164 E0.08421
G1 X114.452 Y113.678 E0.07011
G1 X114.140 Y113.280 E0.05515
G1 X114.106 Y112.691 E0.06445
G1 X114.689 Y113.462 E0.10550
G1 X115.118 Y113.960 E0.07170
G1 X115.801 Y114.660 E0.10676
G1 X116.287 Y115.100 E0.07166
G1 X116.793 Y115.516 E0.07147
G1 X117.553 Y116.079 E0.10320
G1 X123.505 Y110.127 E0.91880
G1 X126.510 Y110.932 E0.33955
M204 S1000
G1 X127.160 Y111.162 F10800.000
;WIPE_START
G1 F8640.000
G1 X127.798 Y109.675 E-0.47500
;WIPE_END
G1 E-0.02500 F2400.000
G1 Z17.250 F10800.000
G1 X124.692 Y111.834
G1 Z16.850
G1 E0.50000 F2400.000
;TYPE:Solid infill
;WIDTH:0.796686
G1 F1281
G1 X120.192 Y116.334 E0.83346
;WIPE_START
M73 Q70 S6
G1 F8640.000
G1 X121.465 Y115.061 E-0.47500
;WIPE_END
G1 E-0.02500 F2400.000
G1 Z17.250 F10800.000
M73 P70 R6
G1 X132.718 Y114.247
G1 Z16.850
G1 E0.50000 F2400.000
;TYPE:Internal infill
;WIDTH:0.68
G1 F1281
G1 X133.104 Y113.924 E0.05497
G1 X133.777 Y113.263 E0.10300
G1 X134.461 Y112.462 E0.11487
G1 X130.910 Y108.911 E0.54818
G1 X131.467 Y108.354 E0.08600
G1 X136.899 Y106.899 E0.61387
G1 X136.968 Y106.430 E0.05169
G1 X137.032 Y105.746 E0.07496
G1 X137.047 Y105.147 E0.06539
G1 X134.666 Y102.767 E0.36745
G1 X135.133 Y102.301 E0.07195
G1 X131.731 Y114.995 E1.43444
G1 X131.913 Y114.865 E0.02435
G1 X128.434 Y111.387 E0.53692
G1 X129.308 Y110.513 E0.13488
G1 X127.635 Y116.756 E0.70551
G1 X128.597 Y116.500 E0.10867
G1 X124.765 Y112.668 E0.59153
G1 X125.181 Y112.252 E0.06420
G1 X125.177 Y112.236 E0.00184
G1 X125.219 Y112.247 E0.00479
G1 X123.945 Y117.002 E0.53726
G1 X124.166 Y117.019 E0.02411
G1 X122.290 Y115.143 E0.28951
G1 X123.255 Y114.179 E0.14893
G1 X135.514 Y110.894 E1.38534
G1 X135.969 Y109.995 E0.10998
G1 X136.258 Y109.309 E0.08121
G1 X132.279 Y105.330 E0.61429
G1 X132.237 Y105.176 E0.01742
G1 X132.254 Y105.180 E0.00184
G1 X133.156 Y104.277 E0.13930
G1 X136.924 Y103.268 E0.42584
G1 X136.797 Y102.520 E0.08283
G1 X136.570 Y101.616 E0.10170
G1 X136.383 Y101.051 E0.06502
G1 X136.232 Y101.202 E0.02334
;WIPE_START
G1 F8640.000
G1 X136.383 Y101.051 E-0.05642
G1 X136.570 Y101.616 E-0.15719
G1 X136.797 Y102.520 E-0.24586
G1 X136.807 Y102.578 E-0.01553
;WIPE_END
G1 E-0.02500 F2400.000
G1 Z17.250 F10800.000
G1 X136.338 Y100.188
G1 Z16.850
G1 E0.50000 F2400.000
;TYPE:Solid infill
;WIDTH:0.796686
G1 F1281
G1 X131.835 Y104.690 E0.83406
; stop printing object C:/Users/orcas/AppData/Local/Temp/Neutron/Body1.stl id:0 copy 0
;LAYER_CHANGE
;Z:17.3
;HEIGHT:0.449999
;BEFORE_LAYER_CHANGE
G92 E0.0
;17.3


;WIPE_START
G1 F8640.000
G1 X133.108 Y103.418 E-0.47500
;WIPE_END
G1 E-0.02500 F2400.000
G1 Z17.250 F10800.000
G1 Z17.300
;AFTER_LAYER_CHANGE
;17.3
; printing object C:/Users/orcas/AppData/Local/Temp/Neutron/Body1.stl id:0 copy 0
G1 Z17.700
G1 X126.945 Y112.257
G1 Z17.300
G1 E0.50000 F2400.000
M204 S800
;TYPE:Perimeter
;WIDTH:0.68
G1 F1268
G1 X132.258 Y106.944 E0.82012
G1 X131.564 Y104.354 E0.29266
G1 X136.281 Y99.637 E0.72818
G1 X136.502 Y100.122 E0.05815
G1 X136.847 Y101.036 E0.10668
G1 X137.121 Y101.974 E0.10668
G1 X137.223 Y102.415 E0.04939
G1 X137.390 Y103.393 E0.10827
G1 X137.475 Y104.328 E0.10245
G1 X137.491 Y105.063 E0.08029
G1 X137.468 Y105.791 E0.07948
G1 X137.373 Y106.725 E0.10247
G1 X137.200 Y107.687 E0.10668
G1 X136.953 Y108.632 E0.10668
G1 X136.814 Y109.063 E0.04939
G1 X136.454 Y109.987 E0.10827
G1 X136.266 Y110.399 E0.04939
G1 X135.809 Y111.263 E0.10668
G1 X135.294 Y112.078 E0.10523
G1 X134.710 Y112.860 E0.10655
G1 X134.419 Y113.206 E0.04939
G1 X133.738 Y113.928 E0.10827
G1 X133.409 Y114.238 E0.04939
G1 X132.661 Y114.867 E0.10668
G1 X131.878 Y115.428 E0.10510
G1 X131.042 Y115.934 E0.10668
G1 X130.642 Y116.146 E0.04939
G1 X129.753 Y116.552 E0.10668
G1 X128.836 Y116.889 E0.10668
G1 X128.403 Y117.020 E0.04939
G1 X127.452 Y117.248 E0.10668
G1 X126.502 Y117.401 E0.10509
G1 X125.528 Y117.481 E0.10668
G1 X125.061 Y117.492 E0.05097
G1 X124.589 Y117.485 E0.05149
G1 X123.855 Y117.437 E0.08029
G1 X123.132 Y117.351 E0.07948
G1 X122.205 Y117.175 E0.10299
G1 X121.494 Y116.987 E0.08029
G1 X120.801 Y116.765 E0.07948
G1 X120.364 Y116.600 E0.05098
G1 X119.641 Y116.278 E0.08641
G1 X124.355 Y111.563 E0.72781
G1 X126.858 Y112.234 E0.28283
M204 S1000
G1 X126.771 Y111.606 F10800.000
M204 S800
G1 F1268
G1 X131.607 Y106.770 E0.74658
G1 X130.913 Y104.180 E0.29266
G1 X136.431 Y98.662 E0.85179
G1 X136.842 Y99.453 E0.09732
G1 X137.042 Y99.900 E0.05340
G1 X137.401 Y100.851 E0.11098
G1 X137.686 Y101.827 E0.11098
G1 X137.795 Y102.301 E0.05307
G1 X137.968 Y103.312 E0.11195
G1 X138.058 Y104.301 E0.10839
G1 X138.074 Y105.066 E0.08356
G1 X138.051 Y105.824 E0.08275
G1 X137.951 Y106.812 E0.10840
G1 X137.770 Y107.812 E0.11098
G1 X137.514 Y108.796 E0.11098
G1 X137.364 Y109.259 E0.05307
G1 X136.992 Y110.215 E0.11195
G1 X136.790 Y110.657 E0.05307
G1 X136.314 Y111.555 E0.11098
G1 X135.775 Y112.408 E0.11014
G1 X135.168 Y113.222 E0.11085
G1 X134.855 Y113.595 E0.05307
G1 X134.151 Y114.341 E0.11195
G1 X133.797 Y114.674 E0.05307
G1 X133.019 Y115.328 E0.11098
G1 X132.200 Y115.915 E0.11001
G1 X131.330 Y116.442 E0.11098
G1 X130.900 Y116.669 E0.05307
G1 X129.975 Y117.092 E0.11098
G1 X129.021 Y117.442 E0.11098
G1 X128.556 Y117.583 E0.05307
G1 X127.567 Y117.821 E0.11098
G1 X126.572 Y117.980 E0.11001
G1 X125.559 Y118.064 E0.11098
G1 X124.566 Y118.068 E0.10839
G1 X123.802 Y118.018 E0.08356
G1 X123.049 Y117.929 E0.08275
G1 X122.558 Y117.846 E0.05437
G1 X122.070 Y117.743 E0.05436
G1 X121.330 Y117.547 E0.08356
G1 X120.608 Y117.316 E0.08275
G1 X120.145 Y117.141 E0.05405
G1 X119.559 Y116.888 E0.06967
G1 X118.660 Y116.433 E0.10996
G1 X124.181 Y110.912 E0.85219
M73 Q71 S6
G1 X126.684 Y111.583 E0.28283
M204 S1000
M73 P71 R6
G1 X126.597 Y110.955 F10800.000
M204 S800
;TYPE:External perimeter
G1 F1268
G1 X130.957 Y106.595 E0.67305
G1 X130.263 Y104.005 E0.29266
G1 X136.330 Y97.938 E0.93660
G1 X135.716 Y97.054 E0.11749
G1 X135.313 Y96.537 E0.07159
G1 X134.885 Y96.041 E0.07148
G1 X134.432 Y95.565 E0.07165
G1 X133.806 Y94.979 E0.09366
G1 X133.065 Y94.377 E0.10420
G1 X133.632 Y94.418 E0.06205
G1 X134.201 Y94.903 E0.08158
G1 X134.669 Y95.350 E0.07071
G1 X135.204 Y95.920 E0.08524
G1 X135.753 Y96.577 E0.09350
G1 X136.242 Y97.243 E0.09019
G1 X136.578 Y97.753 E0.06664
G1 X137.012 Y98.500 E0.09438
G1 X137.369 Y99.202 E0.08593
G1 X137.581 Y99.678 E0.05688
G1 X137.955 Y100.666 E0.11528
G1 X138.251 Y101.679 E0.11528
G1 X138.368 Y102.186 E0.05676
G1 X138.546 Y103.231 E0.11564
G1 X138.641 Y104.273 E0.11432
G1 X138.658 Y105.069 E0.08684
G1 X138.634 Y105.857 E0.08602
G1 X138.528 Y106.899 E0.11433
G1 X138.341 Y107.938 E0.11528
G1 X138.074 Y108.960 E0.11528
G1 X137.914 Y109.455 E0.05676
G1 X137.529 Y110.442 E0.11564
G1 X137.313 Y110.915 E0.05676
G1 X136.819 Y111.848 E0.11528
G1 X136.256 Y112.739 E0.11505
G1 X135.625 Y113.585 E0.11514
G1 X135.291 Y113.983 E0.05676
G1 X134.564 Y114.753 E0.11564
G1 X134.186 Y115.110 E0.05676
G1 X133.377 Y115.789 E0.11528
G1 X132.521 Y116.403 E0.11492
G1 X131.618 Y116.950 E0.11528
G1 X131.158 Y117.193 E0.05676
G1 X130.198 Y117.632 E0.11528
G1 X129.206 Y117.996 E0.11528
G1 X128.708 Y118.146 E0.05676
G1 X127.682 Y118.393 E0.11528
G1 X126.642 Y118.560 E0.11492
G1 X125.590 Y118.647 E0.11528
G1 X124.542 Y118.652 E0.11432
G1 X123.748 Y118.599 E0.08684
G1 X122.966 Y118.507 E0.08602
G1 X121.936 Y118.311 E0.11444
G1 X121.167 Y118.107 E0.08684
G1 X120.416 Y117.867 E0.08602
G1 X119.927 Y117.682 E0.05711
G1 X119.314 Y117.418 E0.07283
G1 X118.531 Y117.030 E0.09544
G1 X118.013 Y116.736 E0.06494
G1 X117.500 Y116.415 E0.06601
G1 X116.656 Y115.813 E0.11323
G1 X115.864 Y115.152 E0.11256
G1 X115.126 Y114.437 E0.11222
G1 X114.418 Y113.633 E0.11691
G1 X114.373 Y113.058 E0.06288
G1 X114.689 Y113.462 E0.05592
G1 X115.116 Y113.958 E0.07147
G1 X115.568 Y114.432 E0.07147
G1 X116.042 Y114.884 E0.07145
G1 X116.538 Y115.311 E0.07146
G1 X117.055 Y115.715 E0.07160
G1 X117.939 Y116.329 E0.11753
G1 X124.007 Y110.261 E0.93660
G1 X126.510 Y110.932 E0.28283
M204 S1000
G1 X127.163 Y111.155 F10800.000
;WIPE_START
G1 F8640.000
G1 X127.798 Y109.675 E-0.47500
;WIPE_END
G1 E-0.02500 F2400.000
G1 Z17.700 F10800.000
G1 X124.807 Y112.809
G1 Z17.300
G1 E0.50000 F2400.000
;TYPE:Solid infill
;WIDTH:0.714595
G1 F1268
G1 X124.267 Y112.270 E0.08821
G1 X123.830 Y112.707 E0.07146
G1 X124.184 Y113.061 E0.05786
G1 X123.747 Y113.498 E0.07146
G1 X123.393 Y113.144 E0.05786
G1 X122.956 Y113.581 E0.07146
G1 X123.310 Y113.935 E0.05786
G1 X122.873 Y114.372 E0.07146
G1 X122.519 Y114.018 E0.05786
G1 X122.082 Y114.455 E0.07146
G1 X122.436 Y114.809 E0.05786
G1 X121.999 Y115.246 E0.07146
G1 X121.645 Y114.892 E0.05786
G1 X121.208 Y115.329 E0.07146
G1 X121.562 Y115.683 E0.05786
G1 X121.125 Y116.120 E0.07146
G1 X120.585 Y115.580 E0.08821
;WIPE_START
G1 F8640.000
G1 X121.125 Y116.120 E-0.20133
G1 X121.562 Y115.683 E-0.16309
G1 X121.266 Y115.387 E-0.11058
;WIPE_END
G1 E-0.02500 F2400.000
G1 Z17.700 F10800.000
G1 X135.432 Y111.040
G1 Z17.300
G1 E0.50000 F2400.000
;TYPE:Internal infill
;WIDTH:0.68
G1 F1268
G1 X135.873 Y110.205 E0.10310
G1 X136.051 Y109.817 E0.04663
G1 X136.377 Y108.978 E0.09821
M73 P71 R5
G1 X132.734 Y105.335 E0.56233
M73 Q71 S5
G1 X133.575 Y104.495 E0.12981
G1 X136.971 Y103.585 E0.38368
G1 X137.038 Y104.348 E0.08364
G1 X137.045 Y104.696 E0.03796
G1 X135.210 Y102.860 E0.28335
G1 X134.450 Y103.620 E0.11733
G1 X131.335 Y115.245 E1.31366
G1 X131.637 Y115.062 E0.03859
G1 X132.175 Y114.677 E0.07219
G1 X128.659 Y111.162 E0.54266
G1 X128.858 Y110.963 E0.03068
G1 X127.285 Y116.832 E0.66324
G1 X128.288 Y116.597 E0.11240
G1 X128.934 Y116.387 E0.07414
G1 X125.309 Y112.761 E0.55962
G1 X124.548 Y113.521 E0.11733
G1 X123.625 Y116.969 E0.38959
G1 X124.645 Y117.048 E0.11172
G1 X122.833 Y115.237 E0.27969
G1 X123.674 Y114.396 E0.12981
G1 X135.276 Y111.287 E1.31104
G1 X134.933 Y111.829 E0.07005
G1 X134.653 Y112.205 E0.05111
G1 X131.135 Y108.686 E0.54313
G1 X131.017 Y108.804 E0.01820
G1 X136.835 Y107.245 E0.65750
G1 X136.940 Y106.664 E0.06446
G1 X137.031 Y105.762 E0.09894
G1 X137.051 Y104.987 E0.08459
;WIPE_START
G1 F8640.000
G1 X137.031 Y105.762 E-0.20450
G1 X136.940 Y106.664 E-0.23920
G1 X136.919 Y106.781 E-0.03130
;WIPE_END
G1 E-0.02500 F2400.000
G1 Z17.700 F10800.000
G1 X136.309 Y101.307
G1 Z17.300
G1 E0.50000 F2400.000
;TYPE:Solid infill
;WIDTH:0.714963
G1 F1268
G1 X135.770 Y100.767 E0.08827
G1 X135.332 Y101.205 E0.07154
G1 X135.686 Y101.558 E0.05789
G1 X135.249 Y101.996 E0.07154
G1 X134.895 Y101.642 E0.05789
G1 X134.458 Y102.079 E0.07154
G1 X134.812 Y102.433 E0.05789
G1 X134.374 Y102.870 E0.07154
G1 X134.021 Y102.516 E0.05789
G1 X133.583 Y102.954 E0.07154
G1 X133.937 Y103.308 E0.05789
G1 X133.500 Y103.745 E0.07154
G1 X133.146 Y103.391 E0.05789
G1 X132.709 Y103.828 E0.07154
G1 X133.063 Y104.182 E0.05789
G1 X132.625 Y104.619 E0.07154
G1 X132.086 Y104.080 E0.08826
; stop printing object C:/Users/orcas/AppData/Local/Temp/Neutron/Body1.stl id:0 copy 0
;LAYER_CHANGE
;Z:17.75
;HEIGHT:0.450001
;BEFORE_LAYER_CHANGE
G92 E0.0
;17.75


;WIPE_START
G1 F8640.000
G1 X132.625 Y104.619 E-0.20133
G1 X133.063 Y104.182 E-0.16319
G1 X132.767 Y103.886 E-0.11049
;WIPE_END
G1 E-0.02500 F2400.000
G1 Z17.700 F10800.000
G1 Z17.750
;AFTER_LAYER_CHANGE
;17.75
; printing object C:/Users/orcas/AppData/Local/Temp/Neutron/Body1.stl id:0 copy 0
G1 Z18.150
G1 X126.945 Y112.257
M73 Q72 S5
G1 Z17.750
G1 E0.50000 F2400.000
M204 S800
;TYPE:Perimeter
;WIDTH:0.68
G1 F1209
G1 X132.258 Y106.944 E0.82012
M73 P72 R5
G1 X131.699 Y104.856 E0.23594
G1 X136.480 Y100.074 E0.73815
G1 X136.849 Y101.040 E0.11284
G1 X137.061 Y101.752 E0.08112
G1 X137.225 Y102.424 E0.07547
G1 X137.390 Y103.393 E0.10728
G1 X137.440 Y103.843 E0.04939
G1 X137.492 Y104.833 E0.10827
G1 X137.490 Y105.300 E0.05097
G1 X137.470 Y105.767 E0.05097
G1 X137.371 Y106.739 E0.10668
G1 X137.200 Y107.687 E0.10510
G1 X136.953 Y108.632 E0.10668
G1 X136.814 Y109.063 E0.04939
G1 X136.454 Y109.987 E0.10827
G1 X136.266 Y110.399 E0.04939
G1 X135.809 Y111.263 E0.10668
G1 X135.294 Y112.078 E0.10523
G1 X134.710 Y112.860 E0.10655
G1 X134.096 Y113.563 E0.10193
G1 X133.398 Y114.248 E0.10668
G1 X132.661 Y114.867 E0.10509
G1 X131.866 Y115.436 E0.10668
G1 X131.484 Y115.678 E0.04939
G1 X130.629 Y116.152 E0.10668
G1 X129.740 Y116.558 E0.10668
G1 X129.318 Y116.722 E0.04939
G1 X128.389 Y117.023 E0.10668
G1 X127.438 Y117.252 E0.10668
G1 X126.516 Y117.400 E0.10193
G1 X125.542 Y117.480 E0.10668
G1 X124.579 Y117.484 E0.10510
G1 X123.619 Y117.415 E0.10509
G1 X122.653 Y117.269 E0.10668
G1 X122.210 Y117.176 E0.04939
G1 X121.259 Y116.918 E0.10759
G1 X120.672 Y116.716 E0.06771
G1 X120.079 Y116.476 E0.06986
G1 X124.857 Y111.697 E0.73765
G1 X126.858 Y112.234 E0.22612
M204 S1000
G1 X126.771 Y111.606 F10800.000
M204 S800
G1 F1209
G1 X131.607 Y106.770 E0.74658
G1 X131.048 Y104.682 E0.23594
G1 X136.656 Y99.074 E0.86567
G1 X137.042 Y99.900 E0.09952
G1 X137.402 Y100.853 E0.11126
G1 X137.625 Y101.600 E0.08504
G1 X137.796 Y102.306 E0.07933
G1 X137.968 Y103.312 E0.11135
G1 X138.021 Y103.795 E0.05307
G1 X138.076 Y104.819 E0.11195
G1 X138.073 Y105.314 E0.05404
G1 X138.052 Y105.809 E0.05404
G1 X137.949 Y106.821 E0.11098
G1 X137.770 Y107.812 E0.11001
G1 X137.514 Y108.796 E0.11098
G1 X137.364 Y109.259 E0.05307
G1 X136.992 Y110.215 E0.11195
G1 X136.790 Y110.657 E0.05307
G1 X136.314 Y111.555 E0.11098
G1 X135.775 Y112.408 E0.11014
G1 X135.168 Y113.222 E0.11084
G1 X134.516 Y113.968 E0.10807
G1 X133.791 Y114.680 E0.11098
G1 X133.019 Y115.328 E0.11001
G1 X132.192 Y115.920 E0.11098
G1 X131.781 Y116.180 E0.05307
G1 X130.892 Y116.673 E0.11098
G1 X129.967 Y117.096 E0.11098
G1 X129.514 Y117.272 E0.05307
G1 X128.547 Y117.585 E0.11098
G1 X127.558 Y117.823 E0.11098
G1 X127.071 Y117.911 E0.05404
G1 X126.581 Y117.980 E0.05404
G1 X125.568 Y118.063 E0.11098
G1 X124.560 Y118.068 E0.11001
G1 X123.555 Y117.995 E0.11001
G1 X122.549 Y117.844 E0.11098
G1 X122.073 Y117.744 E0.05307
G1 X121.087 Y117.476 E0.11153
G1 X120.467 Y117.263 E0.07154
G1 X119.673 Y116.941 E0.09356
G1 X119.077 Y116.653 E0.07229
G1 X124.683 Y111.047 E0.86543
G1 X126.684 Y111.583 E0.22612
M204 S1000
G1 X126.597 Y110.955 F10800.000
M204 S800
;TYPE:External perimeter
G1 F1209
G1 X130.957 Y106.595 E0.67305
G1 X130.397 Y104.507 E0.23594
G1 X136.570 Y98.335 E0.95287
G1 X135.909 Y97.320 E0.13221
G1 X135.517 Y96.792 E0.07168
G1 X135.102 Y96.286 E0.07147
G1 X134.662 Y95.801 E0.07148
G1 X134.199 Y95.338 E0.07148
G1 X133.417 Y94.654 E0.11345
G1 X133.975 Y94.705 E0.06118
G1 X134.416 Y95.103 E0.06488
G1 X134.930 Y95.619 E0.07954
G1 X135.361 Y96.098 E0.07026
G1 X135.756 Y96.580 E0.06807
G1 X136.234 Y97.231 E0.08813
G1 X136.676 Y97.912 E0.08859
G1 X137.137 Y98.730 E0.10255
G1 X137.368 Y99.200 E0.05715
G1 X137.581 Y99.678 E0.05711
G1 X137.955 Y100.667 E0.11538
G1 X138.188 Y101.448 E0.08895
G1 X138.368 Y102.188 E0.08319
G1 X138.546 Y103.231 E0.11541
G1 X138.603 Y103.747 E0.05676
G1 X138.659 Y104.805 E0.11564
G1 X138.634 Y105.851 E0.11420
G1 X138.527 Y106.902 E0.11528
G1 X138.341 Y107.938 E0.11492
G1 X138.074 Y108.960 E0.11528
G1 X137.914 Y109.455 E0.05676
G1 X137.529 Y110.442 E0.11564
G1 X137.313 Y110.915 E0.05676
G1 X136.819 Y111.848 E0.11528
G1 X136.256 Y112.739 E0.11506
G1 X135.625 Y113.585 E0.11514
G1 X134.937 Y114.373 E0.11421
G1 X134.183 Y115.112 E0.11528
G1 X133.377 Y115.789 E0.11492
G1 X132.518 Y116.404 E0.11528
G1 X132.079 Y116.682 E0.05676
G1 X131.155 Y117.194 E0.11528
G1 X130.195 Y117.633 E0.11528
G1 X129.710 Y117.822 E0.05676
G1 X128.705 Y118.147 E0.11528
G1 X127.678 Y118.394 E0.11528
G1 X127.164 Y118.487 E0.05711
G1 X126.645 Y118.560 E0.05711
G1 X125.593 Y118.646 E0.11528
G1 X124.540 Y118.651 E0.11492
G1 X123.490 Y118.575 E0.11492
G1 X122.446 Y118.418 E0.11528
G1 X121.937 Y118.311 E0.05676
G1 X120.916 Y118.034 E0.11548
G1 X120.263 Y117.810 E0.07536
G1 X119.439 Y117.476 E0.09705
G1 X118.914 Y117.228 E0.06327
G1 X118.168 Y116.827 E0.09252
G1 X117.658 Y116.517 E0.06517
G1 X117.152 Y116.179 E0.06637
G1 X116.517 Y115.703 E0.08668
G1 X115.860 Y115.149 E0.09376
G1 X115.124 Y114.434 E0.11201
G1 X114.705 Y113.972 E0.06805
G1 X114.651 Y113.410 E0.06168
G1 X115.339 Y114.198 E0.11422
G1 X115.802 Y114.661 E0.07149
G1 X116.287 Y115.100 E0.07142
G1 X116.793 Y115.516 E0.07146
G1 X117.321 Y115.907 E0.07169
G1 X118.336 Y116.569 E0.13227
G1 X124.509 Y110.396 E0.95287
G1 X126.510 Y110.932 E0.22612
M204 S1000
G1 X127.165 Y111.147 F10800.000
;WIPE_START
G1 F8640.000
G1 X127.798 Y109.675 E-0.47500
;WIPE_END
G1 E-0.02500 F2400.000
G1 Z18.150 F10800.000
G1 X125.695 Y112.103
G1 Z17.750
G1 E0.50000 F2400.000
;TYPE:Solid infill
;WIDTH:0.796686
G1 F1209
G1 X121.115 Y116.684 E0.84849
;WIPE_START
G1 F8640.000
G1 X122.388 Y115.411 E-0.47500
;WIPE_END
G1 E-0.02500 F2400.000
G1 Z18.150 F10800.000
G1 X122.613 Y116.814
G1 Z17.750
G1 E0.50000 F2400.000
;TYPE:Internal infill
;WIDTH:0.68
G1 F1209
G1 X122.032 Y116.674 E0.06528
G1 X123.376 Y115.330 E0.20757
G1 X125.091 Y117.044 E0.26465
G1 X124.594 Y117.047 E0.05422
G1 X123.668 Y116.980 E0.10141
G1 X123.307 Y116.925 E0.03980
G1 X123.866 Y114.841 E0.23556
M73 Q73 S5
G1 X124.094 Y114.613 E0.03519
G1 X135.025 Y111.684 E1.23532
M73 P73 R5
G1 X134.845 Y111.947 E0.03482
G1 X131.360 Y108.461 E0.53807
G1 X130.567 Y109.254 E0.12239
G1 X136.773 Y107.591 E0.70130
G1 X136.490 Y108.642 E0.11871
G1 X133.278 Y105.429 E0.49595
G1 X132.523 Y106.184 E0.11655
G1 X132.506 Y106.179 E0.00184
G1 X132.729 Y107.010 E0.09384
;WIPE_START
G1 F8640.000
G1 X132.506 Y106.179 E-0.22686
G1 X132.523 Y106.184 E-0.00445
G1 X133.176 Y105.531 E-0.24370
;WIPE_END
G1 E-0.02500 F2400.000
G1 Z18.150 F10800.000
G1 X132.104 Y105.694
G1 Z17.750
G1 E0.50000 F2400.000
;TYPE:Solid infill
;WIDTH:0.796686
G1 F1209
G1 X136.687 Y101.111 E0.84894
;WIPE_START
G1 F8640.000
G1 X135.415 Y102.384 E-0.47500
;WIPE_END
G1 E-0.02500 F2400.000
G1 Z18.150 F10800.000
G1 X136.912 Y103.196
G1 Z17.750
G1 E0.50000 F2400.000
;TYPE:Internal infill
;WIDTH:0.68
G1 F1209
G1 X136.796 Y102.513 E0.07565
G1 X136.678 Y102.028 E0.05442
G1 X135.753 Y102.953 E0.14282
G1 X137.022 Y104.222 E0.19584
G1 X137.005 Y103.905 E0.03465
G1 X133.995 Y104.712 E0.34015
G1 X133.767 Y104.940 E0.03519
G1 X130.943 Y115.477 E1.19080
G1 X131.622 Y115.073 E0.08623
G1 X132.434 Y114.486 E0.10937
G1 X128.884 Y110.937 E0.54794
G1 X128.408 Y111.413 E0.07351
G1 X126.941 Y116.888 E0.61876
G1 X127.352 Y116.822 E0.04549
G1 X128.270 Y116.602 E0.10300
G1 X129.269 Y116.272 E0.11485
G1 X125.852 Y112.855 E0.52750
G1 X126.185 Y112.521 E0.05145
G1 X126.181 Y112.505 E0.00184
G1 X127.076 Y112.745 E0.10118
G1 X127.843 Y111.978 E0.11841
; stop printing object C:/Users/orcas/AppData/Local/Temp/Neutron/Body1.stl id:0 copy 0
;LAYER_CHANGE
;Z:18.2
;HEIGHT:0.450001
;BEFORE_LAYER_CHANGE
G92 E0.0
;18.2


;WIPE_START
G1 F8640.000
G1 X127.076 Y112.745 E-0.28627
G1 X126.385 Y112.560 E-0.18873
;WIPE_END
G1 E-0.02500 F2400.000
G1 Z18.150 F10800.000
G1 Z18.200
;AFTER_LAYER_CHANGE
;18.2
; printing object C:/Users/orcas/AppData/Local/Temp/Neutron/Body1.stl id:0 copy 0
G1 X126.945 Y112.257
G1 E0.50000 F2400.000
M204 S800
;TYPE:Perimeter
G1 F1242
G1 X132.258 Y106.944 E0.82012
G1 X131.833 Y105.358 E0.17922
G1 X136.663 Y100.529 E0.74550
G1 X136.995 Y101.507 E0.11280
G1 X137.114 Y101.946 E0.04968
G1 X137.316 Y102.906 E0.10709
G1 X137.419 Y103.665 E0.08354
G1 X137.476 Y104.346 E0.07462
G1 X137.492 Y104.808 E0.05046
G1 X137.477 Y105.588 E0.08513
G1 X137.429 Y106.270 E0.07462
G1 X137.373 Y106.725 E0.05005
G1 X137.198 Y107.701 E0.10827
G1 X137.092 Y108.141 E0.04939
G1 X136.809 Y109.076 E0.10668
G1 X136.454 Y109.987 E0.10668
G1 X136.050 Y110.829 E0.10193
G1 X135.560 Y111.675 E0.10668
G1 X135.006 Y112.480 E0.10668
G1 X134.728 Y112.837 E0.04939
G1 X134.085 Y113.574 E0.10668
G1 X133.398 Y114.248 E0.10510
G1 X132.658 Y114.869 E0.10550
G1 X132.038 Y115.318 E0.08354
G1 X131.464 Y115.690 E0.07462
G1 X131.064 Y115.922 E0.05046
G1 X130.370 Y116.277 E0.08513
G1 X129.746 Y116.556 E0.07462
G1 X129.318 Y116.722 E0.05006
G1 X128.389 Y117.023 E0.10668
G1 X127.438 Y117.252 E0.10668
G1 X126.516 Y117.400 E0.10193
G1 X125.542 Y117.480 E0.10668
G1 X124.565 Y117.484 E0.10668
G1 X124.109 Y117.460 E0.04980
G1 X123.334 Y117.378 E0.08513
G1 X122.659 Y117.271 E0.07462
G1 X122.206 Y117.175 E0.05046
G1 X121.452 Y116.975 E0.08513
G1 X120.529 Y116.662 E0.10643
G1 X125.359 Y111.832 E0.74563
G1 X126.858 Y112.234 E0.16940
M204 S1000
G1 X126.771 Y111.606 F10800.000
M204 S800
G1 F1242
G1 X131.607 Y106.770 E0.74658
G1 X131.182 Y105.184 E0.17922
G1 X136.857 Y99.509 E0.87601
G1 X137.047 Y99.914 E0.04888
G1 X137.268 Y100.474 E0.06566
G1 X137.554 Y101.339 E0.09945
G1 X137.682 Y101.810 E0.05325
G1 X137.892 Y102.807 E0.11123
G1 X137.999 Y103.601 E0.08748
G1 X138.059 Y104.312 E0.07785
G1 X138.075 Y104.804 E0.05373
G1 X138.060 Y105.614 E0.08845
G1 X138.010 Y106.325 E0.07785
G1 X137.951 Y106.812 E0.05348
G1 X137.769 Y107.821 E0.11195
G1 X137.655 Y108.294 E0.05307
G1 X137.360 Y109.267 E0.11098
G1 X136.992 Y110.215 E0.11098
G1 X136.786 Y110.665 E0.05404
G1 X136.563 Y111.107 E0.05404
G1 X136.053 Y111.987 E0.11098
G1 X135.477 Y112.824 E0.11098
G1 X135.179 Y113.208 E0.05307
G1 X134.510 Y113.974 E0.11098
G1 X133.791 Y114.680 E0.11001
G1 X133.017 Y115.330 E0.11026
G1 X132.368 Y115.800 E0.08748
G1 X131.769 Y116.187 E0.07785
G1 X131.343 Y116.434 E0.05373
G1 X130.622 Y116.803 E0.08845
G1 X129.971 Y117.094 E0.07785
G1 X129.514 Y117.272 E0.05348
G1 X128.547 Y117.585 E0.11098
G1 X127.558 Y117.823 E0.11098
G1 X126.581 Y117.980 E0.10807
G1 X125.568 Y118.063 E0.11098
G1 X124.551 Y118.068 E0.11098
G1 X124.063 Y118.042 E0.05332
G1 X123.257 Y117.956 E0.08845
G1 X122.553 Y117.844 E0.07785
G1 X122.071 Y117.743 E0.05373
G1 X121.288 Y117.535 E0.08845
G1 X120.609 Y117.316 E0.07785
G1 X120.146 Y117.141 E0.05408
G1 X119.504 Y116.862 E0.07636
G1 X125.185 Y111.181 E0.87693
G1 X126.684 Y111.583 E0.16940
M204 S1000
G1 X126.597 Y110.955 F10800.000
M204 S800
;TYPE:External perimeter
G1 F1242
G1 X130.957 Y106.595 E0.67305
G1 X130.532 Y105.009 E0.17922
G1 X136.794 Y98.747 E0.96674
G1 X136.271 Y97.862 E0.11219
G1 X135.908 Y97.318 E0.07138
M73 Q74 S5
G1 X135.518 Y96.792 E0.07147
G1 X135.102 Y96.286 E0.07148
G1 X134.662 Y95.801 E0.07149
G1 X134.198 Y95.336 E0.07171
G1 X133.752 Y94.942 E0.06490
G1 X134.306 Y95.002 E0.06075
G1 X134.672 Y95.353 E0.05530
G1 X135.115 Y95.819 E0.07024
G1 X135.604 Y96.391 E0.08215
G1 X135.994 Y96.895 E0.06955
G1 X136.467 Y97.581 E0.09095
M73 P74 R5
G1 X136.889 Y98.274 E0.08860
G1 X137.134 Y98.725 E0.05603
G1 X137.584 Y99.683 E0.11549
G1 X137.817 Y100.275 E0.06946
G1 X138.113 Y101.171 E0.10296
G1 X138.249 Y101.673 E0.05682
G1 X138.467 Y102.707 E0.11537
G1 X138.580 Y103.537 E0.09142
G1 X138.641 Y104.278 E0.08108
G1 X138.659 Y104.799 E0.05700
G1 X138.643 Y105.640 E0.09178
G1 X138.590 Y106.381 E0.08108
G1 X138.528 Y106.899 E0.05691
G1 X138.340 Y107.941 E0.11564
G1 X138.218 Y108.447 E0.05676
G1 X137.912 Y109.458 E0.11528
G1 X137.529 Y110.442 E0.11528
G1 X137.312 Y110.918 E0.05711
G1 X137.076 Y111.385 E0.05711
G1 X136.547 Y112.299 E0.11528
G1 X135.948 Y113.169 E0.11528
G1 X135.629 Y113.580 E0.05676
G1 X134.935 Y114.375 E0.11528
G1 X134.183 Y115.112 E0.11492
G1 X133.376 Y115.790 E0.11501
G1 X132.698 Y116.281 E0.09142
G1 X132.074 Y116.685 E0.08108
G1 X131.623 Y116.947 E0.05700
G1 X130.874 Y117.329 E0.09178
G1 X130.196 Y117.633 E0.08108
G1 X129.710 Y117.822 E0.05691
G1 X128.705 Y118.147 E0.11528
G1 X127.678 Y118.394 E0.11528
G1 X127.164 Y118.487 E0.05711
G1 X126.645 Y118.560 E0.05711
G1 X125.593 Y118.646 E0.11528
G1 X124.537 Y118.651 E0.11528
G1 X124.017 Y118.624 E0.05685
G1 X123.181 Y118.535 E0.09178
G1 X122.447 Y118.418 E0.08108
G1 X121.936 Y118.311 E0.05700
G1 X121.123 Y118.095 E0.09178
G1 X120.416 Y117.867 E0.08108
G1 X119.927 Y117.682 E0.05713
G1 X119.292 Y117.408 E0.07544
G1 X118.537 Y117.033 E0.09207
G1 X118.009 Y116.734 E0.06625
G1 X117.484 Y116.404 E0.06765
G1 X116.833 Y115.947 E0.08681
G1 X116.342 Y115.563 E0.06799
G1 X115.855 Y115.145 E0.07010
G1 X115.371 Y114.687 E0.07272
G1 X115.003 Y114.303 E0.05812
G1 X114.939 Y113.752 E0.06047
G1 X115.568 Y114.432 E0.10111
G1 X116.043 Y114.885 E0.07167
G1 X116.791 Y115.514 E0.10672
G1 X117.319 Y115.906 E0.07170
G1 X117.864 Y116.270 E0.07159
G1 X118.748 Y116.793 E0.11207
G1 X125.011 Y110.530 E0.96674
G1 X126.510 Y110.932 E0.16940
M204 S1000
G1 X127.168 Y111.139 F10800.000
;WIPE_START
G1 F8640.000
G1 X127.798 Y109.675 E-0.47500
;WIPE_END
G1 E-0.02500 F2400.000
G1 Z18.600 F10800.000
G1 X125.799 Y113.090
G1 Z18.200
G1 E0.50000 F2400.000
;TYPE:Solid infill
;WIDTH:0.725113
G1 F1242
G1 X125.260 Y112.550 E0.08971
G1 X124.815 Y112.995 E0.07391
G1 X125.169 Y113.348 E0.05884
G1 X124.725 Y113.793 E0.07391
G1 X124.371 Y113.439 E0.05884
G1 X123.927 Y113.883 E0.07391
G1 X124.280 Y114.237 E0.05884
G1 X123.836 Y114.682 E0.07391
G1 X123.482 Y114.328 E0.05884
G1 X123.038 Y114.772 E0.07391
G1 X123.391 Y115.126 E0.05884
G1 X122.947 Y115.571 E0.07391
G1 X122.593 Y115.217 E0.05884
G1 X122.149 Y115.661 E0.07391
G1 X122.503 Y116.015 E0.05884
G1 X122.058 Y116.459 E0.07391
G1 X121.519 Y115.920 E0.08971
;WIPE_START
G1 F8640.000
G1 X122.058 Y116.459 E-0.20132
G1 X122.503 Y116.015 E-0.16587
G1 X122.214 Y115.726 E-0.10781
;WIPE_END
G1 E-0.02500 F2400.000
G1 Z18.600 F10800.000
G1 X122.702 Y116.833
G1 Z18.200
G1 E0.50000 F2400.000
;TYPE:Internal infill
;WIDTH:0.68
G1 F1242
G1 X122.543 Y116.799 E0.01768
G1 X123.183 Y116.160 E0.09867
G1 X122.990 Y116.880 E0.08137
G1 X123.391 Y116.944 E0.04438
G1 X124.144 Y117.024 E0.08263
G1 X124.575 Y117.047 E0.04715
G1 X125.246 Y117.043 E0.07319
;WIPE_START
G1 F8640.000
G1 X124.575 Y117.047 E-0.17695
G1 X124.144 Y117.024 E-0.11400
G1 X123.450 Y116.950 E-0.18405
;WIPE_END
G1 E-0.02500 F2400.000
G1 Z18.600 F10800.000
G1 X135.903 Y110.123
G1 Z18.200
G1 E0.50000 F2400.000
G1 F1242
G1 X135.663 Y110.624 E0.06064
G1 X135.431 Y111.024 E0.05041
G1 X137.051 Y104.978 E0.68316
G1 X137.040 Y105.568 E0.06439
G1 X137.009 Y105.994 E0.04660
;WIPE_START
G1 F8640.000
G1 X137.040 Y105.568 E-0.11267
G1 X137.051 Y104.978 E-0.15568
G1 X136.848 Y105.735 E-0.20666
;WIPE_END
G1 E-0.02500 F2400.000
G1 Z18.600 F10800.000
G1 X134.620 Y104.722
G1 Z18.200
G1 E0.50000 F2400.000
G1 F1242
G1 X136.296 Y103.047 E0.25869
G1 X136.986 Y103.737 E0.10654
G1 X137.027 Y104.228 E0.05386
G1 X134.414 Y104.929 E0.29532
G1 X133.821 Y105.522 E0.09157
G1 X136.589 Y108.290 E0.42737
G1 X136.689 Y107.943 F10800.000
G1 F1242
G1 X130.117 Y109.704 E0.74272
G1 X129.109 Y110.712 E0.15551
G1 X132.679 Y114.281 E0.55096
G1 X133.104 Y113.924 E0.06062
G1 X133.767 Y113.273 E0.10141
G1 X134.432 Y112.506 E0.11084
;WIPE_START
G1 F8640.000
G1 X133.767 Y113.273 E-0.26797
G1 X133.207 Y113.822 E-0.20703
;WIPE_END
G1 E-0.02500 F2400.000
G1 Z18.600 F10800.000
G1 X130.323 Y109.498
G1 Z18.200
G1 E0.50000 F2400.000
G1 F1242
G1 X131.585 Y108.236 E0.19475
G1 X135.026 Y111.678 E0.53127
G1 X134.744 Y112.088 E0.05436
G1 X124.513 Y114.830 E1.15617
G1 X123.920 Y115.423 E0.09157
G1 X125.538 Y117.041 E0.24976
G1 X126.597 Y116.944 E0.11609
G1 X127.958 Y111.863 E0.57415
G1 X127.076 Y112.745 E0.13616
G1 X126.683 Y112.639 E0.04446
G1 X126.687 Y112.656 E0.00184
G1 X126.395 Y112.948 E0.04508
G1 X129.592 Y116.145 E0.49356
G1 X130.181 Y115.882 E0.07037
G1 X130.557 Y115.690 E0.04608
G1 X133.084 Y106.259 E1.06571
G1 X132.657 Y106.686 E0.06587
G1 X132.641 Y106.681 E0.00184
G1 X132.746 Y107.075 E0.04446
G1 X132.651 Y107.170 E0.01468
;WIPE_START
G1 F8640.000
G1 X132.746 Y107.075 E-0.03548
G1 X132.641 Y106.681 E-0.10749
G1 X132.657 Y106.686 E-0.00445
G1 X133.084 Y106.259 E-0.15925
G1 X132.919 Y106.875 E-0.16833
;WIPE_END
G1 E-0.02500 F2400.000
G1 Z18.600 F10800.000
G1 X132.366 Y105.073
G1 Z18.200
G1 E0.50000 F2400.000
;TYPE:Solid infill
;WIDTH:0.725494
G1 F1242
G1 X132.906 Y105.612 E0.08977
G1 X133.350 Y105.167 E0.07400
G1 X132.996 Y104.813 E0.05888
G1 X133.441 Y104.369 E0.07400
G1 X133.795 Y104.723 E0.05888
G1 X134.240 Y104.278 E0.07400
G1 X133.886 Y103.924 E0.05888
G1 X134.331 Y103.479 E0.07400
G1 X134.684 Y103.833 E0.05888
G1 X135.129 Y103.388 E0.07400
G1 X134.775 Y103.035 E0.05888
G1 X135.220 Y102.590 E0.07400
G1 X135.574 Y102.944 E0.05888
G1 X136.019 Y102.499 E0.07400
G1 X135.665 Y102.145 E0.05888
G1 X136.109 Y101.700 E0.07400
G1 X136.649 Y102.240 E0.08977
; stop printing object C:/Users/orcas/AppData/Local/Temp/Neutron/Body1.stl id:0 copy 0
;LAYER_CHANGE
;Z:18.65
;HEIGHT:0.449999
;BEFORE_LAYER_CHANGE
G92 E0.0
;18.65


;WIPE_START
G1 F8640.000
G1 X136.109 Y101.700 E-0.20132
G1 X135.665 Y102.145 E-0.16597
G1 X135.953 Y102.434 E-0.10771
;WIPE_END
G1 E-0.02500 F2400.000
G1 Z18.600 F10800.000
G1 Z18.650
;AFTER_LAYER_CHANGE
;18.65
; printing object C:/Users/orcas/AppData/Local/Temp/Neutron/Body1.stl id:0 copy 0
G1 Z19.050
G1 X126.945 Y112.257
G1 Z18.650
G1 E0.50000 F2400.000
M204 S800
;TYPE:Perimeter
;WIDTH:0.68
G1 F1135
G1 X132.258 Y106.944 E0.82012
M73 P75 R5
M73 Q75 S5
G1 X131.968 Y105.860 E0.12251
G1 X136.828 Y101.000 E0.75023
G1 X136.995 Y101.507 E0.05827
G1 X137.223 Y102.415 E0.10224
G1 X137.390 Y103.393 E0.10827
G1 X137.440 Y103.843 E0.04939
G1 X137.491 Y104.819 E0.10668
G1 X137.468 Y105.781 E0.10509
G1 X137.369 Y106.754 E0.10668
G1 X137.204 Y107.673 E0.10193
G1 X136.953 Y108.632 E0.10827
G1 X136.814 Y109.063 E0.04939
G1 X136.460 Y109.974 E0.10668
G1 X136.042 Y110.842 E0.10509
G1 X135.552 Y111.687 E0.10668
G1 X135.302 Y112.066 E0.04953
G1 X134.719 Y112.848 E0.10654
G1 X134.085 Y113.574 E0.10510
G1 X133.388 Y114.258 E0.10668
G1 X133.047 Y114.556 E0.04939
G1 X132.272 Y115.157 E0.10704
G1 X131.617 Y115.593 E0.08596
G1 X131.061 Y115.923 E0.07060
G1 X130.182 Y116.367 E0.10742
G1 X129.767 Y116.547 E0.04939
G1 X128.836 Y116.889 E0.10827
G1 X128.403 Y117.020 E0.04939
G1 X127.452 Y117.248 E0.10668
G1 X126.502 Y117.401 E0.10509
G1 X125.542 Y117.480 E0.10510
G1 X124.565 Y117.484 E0.10668
G1 X123.630 Y117.417 E0.10229
G1 X122.837 Y117.301 E0.08754
G1 X122.188 Y117.171 E0.07219
G1 X121.729 Y117.056 E0.05171
G1 X121.002 Y116.826 E0.08323
G1 X125.861 Y111.966 E0.75015
G1 X126.858 Y112.234 E0.11268
M204 S1000
G1 X126.771 Y111.606 F10800.000
M204 S800
G1 F1135
G1 X131.607 Y106.770 E0.74658
G1 X131.317 Y105.686 E0.12251
G1 X137.059 Y99.943 E0.88638
G1 X137.271 Y100.481 E0.06311
G1 X137.554 Y101.339 E0.09855
G1 X137.684 Y101.818 E0.05424
G1 X137.795 Y102.301 E0.05404
G1 X137.968 Y103.312 E0.11195
G1 X138.021 Y103.795 E0.05307
G1 X138.075 Y104.810 E0.11098
G1 X138.051 Y105.818 E0.11001
G1 X137.948 Y106.829 E0.11098
G1 X137.870 Y107.318 E0.05404
G1 X137.773 Y107.804 E0.05404
G1 X137.514 Y108.796 E0.11195
G1 X137.364 Y109.259 E0.05307
G1 X136.995 Y110.206 E0.11098
G1 X136.558 Y111.115 E0.11001
G1 X136.049 Y111.994 E0.11098
G1 X135.780 Y112.401 E0.05321
G1 X135.173 Y113.215 E0.11084
G1 X134.510 Y113.974 E0.11001
G1 X133.784 Y114.686 E0.11098
G1 X133.418 Y115.006 E0.05307
G1 X132.613 Y115.631 E0.11120
G1 X131.928 Y116.087 E0.08992
G1 X131.341 Y116.435 E0.07442
G1 X130.430 Y116.895 E0.11143
G1 X129.984 Y117.089 E0.05307
G1 X129.021 Y117.442 E0.11195
G1 X128.556 Y117.583 E0.05307
G1 X127.567 Y117.821 E0.11098
G1 X126.572 Y117.980 E0.11001
G1 X125.568 Y118.063 E0.11001
G1 X124.551 Y118.068 E0.11098
G1 X123.561 Y117.996 E0.10829
G1 X122.737 Y117.876 E0.09090
G1 X122.060 Y117.741 E0.07540
G1 X121.576 Y117.619 E0.05449
G1 X121.100 Y117.480 E0.05404
G1 X120.144 Y117.140 E0.11085
G1 X119.950 Y117.053 E0.02321
G1 X125.687 Y111.316 E0.88561
G1 X126.684 Y111.583 E0.11268
M204 S1000
G1 X126.597 Y110.955 F10800.000
M204 S800
;TYPE:External perimeter
G1 F1135
G1 X130.957 Y106.595 E0.67305
G1 X130.666 Y105.511 E0.12251
G1 X137.010 Y99.168 E0.97920
G1 X136.461 Y98.172 E0.12405
G1 X136.093 Y97.589 E0.07533
G1 X135.716 Y97.053 E0.07150
G1 X135.313 Y96.537 E0.07148
G1 X134.885 Y96.041 E0.07149
G1 X134.434 Y95.566 E0.07150
G1 X134.085 Y95.234 E0.05259
G1 X134.621 Y95.308 E0.05915
G1 X135.122 Y95.828 E0.07875
G1 X135.596 Y96.380 E0.07943
G1 X136.136 Y97.091 E0.09748
G1 X136.569 Y97.739 E0.08501
G1 X137.045 Y98.560 E0.10357
G1 X137.369 Y99.202 E0.07850
G1 X137.582 Y99.680 E0.05718
G1 X137.820 Y100.283 E0.07072
G1 X138.113 Y101.171 E0.10206
G1 X138.368 Y102.186 E0.11428
G1 X138.546 Y103.231 E0.11564
G1 X138.603 Y103.747 E0.05676
G1 X138.659 Y104.802 E0.11528
G1 X138.634 Y105.854 E0.11492
G1 X138.527 Y106.905 E0.11528
G1 X138.341 Y107.935 E0.11421
G1 X138.074 Y108.960 E0.11564
G1 X137.914 Y109.455 E0.05676
G1 X137.531 Y110.439 E0.11528
G1 X137.075 Y111.388 E0.11492
G1 X136.545 Y112.301 E0.11528
G1 X136.258 Y112.737 E0.05690
G1 X135.627 Y113.582 E0.11513
G1 X134.935 Y114.375 E0.11492
G1 X134.181 Y115.115 E0.11528
G1 X133.789 Y115.457 E0.05676
G1 X132.954 Y116.105 E0.11536
G1 X132.238 Y116.581 E0.09389
G1 X131.622 Y116.947 E0.07825
G1 X130.678 Y117.424 E0.11544
G1 X130.201 Y117.631 E0.05676
G1 X129.206 Y117.996 E0.11564
G1 X128.708 Y118.146 E0.05676
G1 X127.682 Y118.393 E0.11528
G1 X126.642 Y118.560 E0.11492
G1 X125.593 Y118.646 E0.11492
G1 X124.537 Y118.651 E0.11528
G1 X124.014 Y118.624 E0.05711
G1 X123.492 Y118.576 E0.05719
G1 X122.638 Y118.451 E0.09425
G1 X121.932 Y118.310 E0.07860
G1 X121.423 Y118.182 E0.05728
G1 X120.921 Y118.036 E0.05711
G1 X119.926 Y117.682 E0.11523
G1 X118.902 Y117.222 E0.12247
G1 X118.359 Y116.935 E0.06709
G1 X117.668 Y116.524 E0.08772
G1 X116.947 Y116.030 E0.09547
G1 X116.343 Y115.564 E0.08319
G1 X115.852 Y115.141 E0.07076
G1 X115.309 Y114.619 E0.08227
G1 X115.232 Y114.079 E0.05951
G1 X115.568 Y114.432 E0.05321
G1 X116.042 Y114.884 E0.07144
G1 X116.537 Y115.311 E0.07145
G1 X117.054 Y115.714 E0.07147
G1 X117.600 Y116.099 E0.07297
G1 X118.144 Y116.442 E0.07019
G1 X119.169 Y117.008 E0.12781
G1 X125.512 Y110.665 E0.97923
G1 X126.510 Y110.932 E0.11268
M204 S1000
G1 X127.171 Y111.130 F10800.000
;WIPE_START
G1 F8640.000
G1 X127.798 Y109.675 E-0.47500
;WIPE_END
G1 E-0.02500 F2400.000
G1 Z19.050 F10800.000
G1 X126.699 Y112.372
G1 Z18.650
G1 E0.50000 F2400.000
;TYPE:Solid infill
;WIDTH:0.796686
G1 F1135
G1 X122.102 Y116.969 E0.85159
;WIPE_START
G1 F8640.000
G1 X123.375 Y115.697 E-0.47500
;WIPE_END
G1 E-0.02500 F2400.000
G1 Z19.050 F10800.000
G1 X130.887 Y115.517
G1 Z18.650
G1 E0.50000 F2400.000
;TYPE:Internal infill
;WIDTH:0.68
G1 F1135
G1 X131.384 Y115.223 E0.06302
G1 X132.017 Y114.801 E0.08298
G1 X132.927 Y114.079 E0.12685
G1 X129.334 Y110.487 E0.55460
M73 Q76 S5
G1 X129.667 Y110.154 E0.05131
G1 X136.588 Y108.300 E0.78212
M73 P76 R5
G1 X136.683 Y107.934 E0.04120
G1 X134.364 Y105.615 E0.35802
G1 X134.833 Y105.146 E0.07245
G1 X137.039 Y104.555 E0.24927
G1 X137.005 Y103.919 E0.06952
G1 X134.859 Y111.928 E0.90512
G1 X135.208 Y111.409 E0.06824
G1 X131.810 Y108.011 E0.52453
G1 X132.459 Y107.362 E0.10019
G1 X130.176 Y115.879 E0.96247
G1 X129.907 Y116.009 E0.03270
G1 X126.938 Y113.041 E0.45822
G1 X127.189 Y112.790 E0.03871
G1 X127.155 Y112.665 E0.01409
G1 X127.508 Y112.313 E0.05444
G1 X126.257 Y116.982 E0.52762
G1 X125.953 Y117.007 E0.03324
G1 X124.463 Y115.516 E0.23010
G1 X124.932 Y115.047 E0.07245
G1 X134.432 Y112.501 E1.07348
G1 X133.767 Y113.273 E0.11116
G1 X133.144 Y113.884 E0.09528
;WIPE_START
G1 F8640.000
G1 X133.767 Y113.273 E-0.23036
G1 X134.372 Y112.571 E-0.24464
;WIPE_END
G1 E-0.02500 F2400.000
G1 Z19.050 F10800.000
G1 X132.373 Y106.698
G1 Z18.650
G1 E0.50000 F2400.000
;TYPE:Solid infill
;WIDTH:0.796686
G1 F1135
G1 X136.965 Y102.106 E0.85056
;WIPE_START
G1 F8640.000
G1 X135.692 Y103.379 E-0.47500
;WIPE_END
G1 E-0.02500 F2400.000
G1 Z19.050 F10800.000
G1 X136.975 Y103.629
G1 Z18.650
G1 E0.50000 F2400.000
;TYPE:Internal infill
;WIDTH:0.68
G1 F1135
G1 X136.916 Y103.216 E0.04549
G1 X136.839 Y103.140 E0.01178
G1 X135.071 Y104.908 E0.27288
; stop printing object C:/Users/orcas/AppData/Local/Temp/Neutron/Body1.stl id:0 copy 0
;LAYER_CHANGE
;Z:19.1
;HEIGHT:0.450001
;BEFORE_LAYER_CHANGE
G92 E0.0
;19.1


;WIPE_START
G1 F8640.000
G1 X136.344 Y103.635 E-0.47500
;WIPE_END
G1 E-0.02500 F2400.000
G1 Z19.050 F10800.000
G1 Z19.100
;AFTER_LAYER_CHANGE
;19.1
; printing object C:/Users/orcas/AppData/Local/Temp/Neutron/Body1.stl id:0 copy 0
G1 Z19.500
G1 X126.945 Y112.257
G1 Z19.100
G1 E0.50000 F2400.000
M204 S800
;TYPE:Perimeter
G1 F1120
G1 X132.258 Y106.944 E0.82012
G1 X132.102 Y106.362 E0.06579
G1 X136.979 Y101.485 E0.75276
G1 X137.121 Y101.974 E0.05561
G1 X137.224 Y102.418 E0.04970
G1 X137.365 Y103.230 E0.08995
G1 X137.442 Y103.864 E0.06975
G1 X137.475 Y104.326 E0.05051
G1 X137.490 Y105.150 E0.08995
G1 X137.468 Y105.788 E0.06975
G1 X137.373 Y106.725 E0.10274
G1 X137.200 Y107.687 E0.10668
G1 X136.953 Y108.632 E0.10668
G1 X136.814 Y109.063 E0.04939
G1 X136.460 Y109.974 E0.10668
G1 X136.042 Y110.842 E0.10509
G1 X135.552 Y111.687 E0.10668
G1 X135.302 Y112.066 E0.04953
G1 X134.710 Y112.860 E0.10812
G1 X134.096 Y113.563 E0.10193
G1 X133.398 Y114.248 E0.10668
G1 X132.661 Y114.867 E0.10509
G1 X131.866 Y115.436 E0.10668
G1 X131.484 Y115.678 E0.04939
G1 X130.629 Y116.152 E0.10668
G1 X129.751 Y116.553 E0.10540
G1 X128.992 Y116.835 E0.08837
G1 X128.382 Y117.026 E0.06975
G1 X127.934 Y117.143 E0.05051
G1 X127.127 Y117.307 E0.08995
G1 X126.495 Y117.402 E0.06975
G1 X125.554 Y117.480 E0.10305
G1 X124.730 Y117.487 E0.08995
G1 X124.091 Y117.459 E0.06975
G1 X123.633 Y117.417 E0.05020
G1 X122.664 Y117.271 E0.10699
G1 X121.875 Y117.092 E0.08837
G1 X121.482 Y116.982 E0.04449
G1 X126.363 Y112.101 E0.75342
G1 X126.858 Y112.234 E0.05596
M204 S1000
G1 X126.771 Y111.606 F10800.000
M204 S800
G1 F1120
G1 X131.607 Y106.770 E0.74658
M73 P76 R4
M73 Q76 S4
G1 X131.451 Y106.187 E0.06579
G1 X137.233 Y100.406 E0.89246
G1 X137.401 Y100.851 E0.05193
G1 X137.686 Y101.827 E0.11098
G1 X137.796 Y102.302 E0.05326
G1 X137.942 Y103.145 E0.09334
G1 X138.023 Y103.808 E0.07294
G1 X138.058 Y104.299 E0.05376
G1 X138.074 Y105.154 E0.09334
G1 X138.051 Y105.822 E0.07294
G1 X137.951 Y106.812 E0.10856
G1 X137.770 Y107.812 E0.11098
G1 X137.514 Y108.796 E0.11098
G1 X137.364 Y109.259 E0.05307
G1 X136.995 Y110.206 E0.11098
G1 X136.558 Y111.115 E0.11001
G1 X136.049 Y111.994 E0.11098
G1 X135.780 Y112.401 E0.05322
G1 X135.168 Y113.222 E0.11181
G1 X134.516 Y113.968 E0.10807
G1 X133.791 Y114.680 E0.11098
G1 X133.019 Y115.328 E0.11001
G1 X132.192 Y115.920 E0.11098
G1 X131.781 Y116.180 E0.05307
G1 X130.892 Y116.673 E0.11098
G1 X129.974 Y117.093 E0.11020
G1 X129.181 Y117.387 E0.09236
G1 X128.543 Y117.587 E0.07294
G1 X128.066 Y117.711 E0.05376
G1 X127.229 Y117.882 E0.09334
G1 X126.568 Y117.981 E0.07294
G1 X126.071 Y118.032 E0.05454
G1 X125.575 Y118.063 E0.05423
G1 X124.720 Y118.070 E0.09333
G1 X124.052 Y118.041 E0.07294
G1 X123.563 Y117.996 E0.05357
G1 X122.556 Y117.845 E0.11117
G1 X121.731 Y117.658 E0.09236
G1 X121.092 Y117.478 E0.07246
G1 X120.401 Y117.237 E0.07982
G1 X126.189 Y111.450 E0.89336
G1 X126.684 Y111.583 E0.05596
M204 S1000
G1 X126.597 Y110.955 F10800.000
M204 S800
;TYPE:External perimeter
G1 F1120
G1 X130.957 Y106.595 E0.67305
G1 X130.801 Y106.013 E0.06579
G1 X137.209 Y99.604 E0.98929
M73 Q77 S4
G1 X136.772 Y98.722 E0.10747
G1 X136.443 Y98.142 E0.07283
M73 P77 R4
G1 X136.093 Y97.588 E0.07147
G1 X135.715 Y97.052 E0.07163
G1 X135.186 Y96.385 E0.09293
G1 X134.663 Y95.802 E0.08550
G1 X134.406 Y95.544 E0.03975
G1 X134.931 Y95.625 E0.05802
G1 X135.358 Y96.095 E0.06928
G1 X135.767 Y96.595 E0.07053
G1 X136.212 Y97.200 E0.08195
G1 X136.565 Y97.733 E0.06983
G1 X137.055 Y98.580 E0.10677
G1 X137.369 Y99.201 E0.07602
G1 X137.581 Y99.678 E0.05694
G1 X137.955 Y100.666 E0.11528
G1 X138.251 Y101.679 E0.11528
G1 X138.368 Y102.187 E0.05682
G1 X138.520 Y103.060 E0.09672
G1 X138.603 Y103.752 E0.07613
G1 X138.641 Y104.273 E0.05701
G1 X138.657 Y105.159 E0.09672
G1 X138.634 Y105.856 E0.07613
G1 X138.591 Y106.379 E0.05730
G1 X138.528 Y106.899 E0.05711
G1 X138.341 Y107.938 E0.11528
G1 X138.074 Y108.960 E0.11528
G1 X137.914 Y109.455 E0.05676
G1 X137.531 Y110.439 E0.11528
G1 X137.075 Y111.388 E0.11492
G1 X136.545 Y112.301 E0.11528
G1 X136.258 Y112.737 E0.05690
G1 X135.625 Y113.585 E0.11549
G1 X134.937 Y114.373 E0.11421
G1 X134.183 Y115.112 E0.11528
G1 X133.377 Y115.789 E0.11492
G1 X132.518 Y116.404 E0.11528
G1 X132.079 Y116.682 E0.05676
G1 X131.155 Y117.194 E0.11528
G1 X130.197 Y117.632 E0.11499
G1 X129.369 Y117.939 E0.09636
G1 X128.704 Y118.148 E0.07613
G1 X128.198 Y118.280 E0.05701
G1 X127.330 Y118.457 E0.09672
G1 X126.641 Y118.560 E0.07613
G1 X125.595 Y118.646 E0.11446
G1 X124.709 Y118.654 E0.09672
G1 X124.013 Y118.623 E0.07613
G1 X123.493 Y118.576 E0.05694
G1 X122.448 Y118.419 E0.11535
G1 X121.587 Y118.224 E0.09636
G1 X120.918 Y118.035 E0.07595
G1 X120.226 Y117.796 E0.07983
G1 X119.439 Y117.476 E0.09276
G1 X118.901 Y117.222 E0.06489
G1 X118.350 Y116.930 E0.06814
G1 X117.672 Y116.526 E0.08606
G1 X117.151 Y116.178 E0.06848
G1 X116.632 Y115.794 E0.07040
G1 X116.077 Y115.340 E0.07829
G1 X115.625 Y114.928 E0.06669
G1 X115.539 Y114.398 E0.05868
G1 X116.287 Y115.100 E0.11202
G1 X116.793 Y115.516 E0.07145
G1 X117.320 Y115.907 E0.07168
G1 X118.125 Y116.431 E0.10476
G1 X118.713 Y116.764 E0.07380
G1 X119.606 Y117.208 E0.10884
G1 X126.014 Y110.799 E0.98930
G1 X126.510 Y110.932 E0.05596
M204 S1000
G1 X127.173 Y111.121 F10800.000
;WIPE_START
G1 F8640.000
G1 X127.798 Y109.675 E-0.47500
;WIPE_END
G1 E-0.02500 F2400.000
G1 Z19.500 F10800.000
G1 X126.922 Y113.240
G1 Z19.100
G1 E0.50000 F2400.000
;TYPE:Solid infill
;WIDTH:0.683749
G1 F1120
G1 X126.383 Y112.700 E0.08381
G1 X125.967 Y113.115 E0.06450
G1 X126.321 Y113.469 E0.05497
G1 X125.906 Y113.884 E0.06450
G1 X125.552 Y113.531 E0.05497
G1 X125.137 Y113.946 E0.06450
G1 X125.491 Y114.300 E0.05497
G1 X125.076 Y114.715 E0.06450
G1 X124.722 Y114.361 E0.05497
G1 X124.307 Y114.776 E0.06450
G1 X124.660 Y115.130 E0.05497
G1 X124.245 Y115.545 E0.06450
G1 X123.891 Y115.191 E0.05497
G1 X123.476 Y115.607 E0.06450
G1 X123.830 Y115.960 E0.05497
G1 X123.415 Y116.376 E0.06450
G1 X123.061 Y116.022 E0.05497
G1 X122.646 Y116.437 E0.06450
G1 X123.185 Y116.976 E0.08381
;WIPE_START
G1 F8640.000
G1 X122.646 Y116.437 E-0.20133
G1 X123.061 Y116.022 E-0.15495
G1 X123.379 Y116.340 E-0.11872
;WIPE_END
G1 E-0.02500 F2400.000
G1 Z19.500 F10800.000
G1 X131.162 Y115.356
G1 Z19.100
G1 E0.50000 F2400.000
;TYPE:Internal infill
;WIDTH:0.68
G1 F1120
G1 X131.622 Y115.073 E0.05892
G1 X132.392 Y114.521 E0.10346
G1 X133.163 Y113.865 E0.11046
G1 X129.559 Y110.262 E0.55630
G1 X129.217 Y110.604 E0.05289
G1 X136.486 Y108.657 E0.82140
G1 X136.775 Y107.577 E0.12205
G1 X134.907 Y105.708 E0.28839
G1 X135.253 Y105.363 E0.05333
G1 X137.048 Y104.882 E0.20284
G1 X137.038 Y104.346 E0.05854
G1 X136.974 Y103.641 E0.07718
G1 X136.668 Y103.947 E0.04718
G1 X134.346 Y112.613 E0.97925
G1 X134.085 Y112.924 E0.04434
G1 X125.352 Y115.264 E0.98693
G1 X125.006 Y115.609 E0.05333
G1 X126.370 Y116.974 E0.21058
G1 X125.920 Y117.011 E0.04932
G1 X126.767 Y113.848 E0.35737
G1 X127.481 Y113.134 E0.11022
G1 X130.209 Y115.862 E0.42113
G1 X129.802 Y116.049 E0.04894
G1 X132.009 Y107.812 E0.93074
G1 X132.035 Y107.786 E0.00401
G1 X135.373 Y111.124 E0.51529
G1 X135.655 Y110.637 E0.06152
G1 X136.058 Y109.799 E0.10141
G1 X136.395 Y108.934 E0.10140
;WIPE_START
G1 F8640.000
G1 X136.058 Y109.799 E-0.24514
G1 X135.680 Y110.584 E-0.22986
;WIPE_END
G1 E-0.02500 F2400.000
G1 Z19.500 F10800.000
G1 X133.241 Y106.920
G1 Z19.100
G1 E0.50000 F2400.000
;TYPE:Solid infill
;WIDTH:0.684284
G1 F1120
G1 X132.702 Y106.381 E0.08389
G1 X133.118 Y105.965 E0.06462
G1 X133.471 Y106.319 E0.05502
G1 X133.887 Y105.903 E0.06462
G1 X133.533 Y105.550 E0.05502
G1 X133.949 Y105.134 E0.06462
G1 X134.303 Y105.488 E0.05502
G1 X134.718 Y105.072 E0.06462
G1 X134.364 Y104.718 E0.05502
G1 X134.780 Y104.303 E0.06462
G1 X135.134 Y104.657 E0.05502
G1 X135.549 Y104.241 E0.06462
G1 X135.195 Y103.887 E0.05502
G1 X135.611 Y103.472 E0.06462
G1 X135.965 Y103.826 E0.05502
G1 X136.380 Y103.410 E0.06462
G1 X136.027 Y103.056 E0.05502
G1 X136.442 Y102.641 E0.06462
G1 X136.982 Y103.180 E0.08389
; stop printing object C:/Users/orcas/AppData/Local/Temp/Neutron/Body1.stl id:0 copy 0
;LAYER_CHANGE
;Z:19.55
;HEIGHT:0.449999
;BEFORE_LAYER_CHANGE
G92 E0.0
;19.55


;WIPE_START
G1 F8640.000
G1 X136.442 Y102.641 E-0.20133
G1 X136.027 Y103.056 E-0.15509
G1 X136.344 Y103.374 E-0.11858
;WIPE_END
G1 E-0.02500 F2400.000
G1 Z19.500 F10800.000
G1 Z19.550
;AFTER_LAYER_CHANGE
;19.55
; printing object C:/Users/orcas/AppData/Local/Temp/Neutron/Body1.stl id:0 copy 0
G1 Z19.950
G1 X137.122 Y101.978
G1 Z19.550
G1 E0.50000 F2400.000
M204 S800
;TYPE:Perimeter
;WIDTH:0.68
G1 F1078
G1 X137.224 Y102.418 E0.04924
G1 X137.368 Y103.251 E0.09236
G1 X137.440 Y103.849 E0.06573
G1 X137.492 Y104.833 E0.10757
G1 X137.490 Y105.286 E0.04939
G1 X137.428 Y106.276 E0.10827
G1 X137.373 Y106.727 E0.04965
G1 X137.226 Y107.560 E0.09236
G1 X137.087 Y108.161 E0.06732
G1 X136.814 Y109.063 E0.10282
G1 X136.460 Y109.974 E0.10668
G1 X136.042 Y110.842 E0.10509
G1 X135.552 Y111.687 E0.10668
G1 X135.302 Y112.066 E0.04954
G1 X134.710 Y112.860 E0.10812
G1 X134.096 Y113.563 E0.10194
G1 X133.398 Y114.248 E0.10668
G1 X132.659 Y114.869 E0.10536
G1 X131.985 Y115.355 E0.09077
G1 X131.478 Y115.681 E0.06573
G1 X130.629 Y116.152 E0.10598
G1 X129.753 Y116.552 E0.10509
G1 X128.836 Y116.889 E0.10668
G1 X128.403 Y117.020 E0.04939
G1 X127.438 Y117.252 E0.10827
G1 X126.979 Y117.335 E0.05097
G1 X126.516 Y117.400 E0.05097
G1 X125.542 Y117.480 E0.10668
M73 Q78 S4
G1 X124.579 Y117.484 E0.10510
G1 X123.605 Y117.414 E0.10668
G1 X122.679 Y117.274 E0.10219
G1 X121.984 Y117.117 E0.07779
G1 X126.865 Y112.235 E0.75349
M73 P78 R4
G1 X126.945 Y112.257 E0.00907
G1 X132.258 Y106.944 E0.82012
G1 X132.237 Y106.864 E0.00907
G1 X137.059 Y102.042 E0.74436
M204 S1000
;WIPE_START
G1 F8640.000
G1 X137.224 Y102.418 E-0.10833
G1 X137.368 Y103.251 E-0.22329
G1 X137.433 Y103.791 E-0.14338
;WIPE_END
G1 E-0.02500 F2400.000
G1 Z19.950 F10800.000
G1 X137.406 Y100.869
G1 Z19.550
G1 E0.50000 F2400.000
M204 S800
G1 F1078
G1 X137.686 Y101.827 E0.10894
G1 X137.796 Y102.302 E0.05323
G1 X137.946 Y103.167 E0.09577
G1 X138.022 Y103.799 E0.06951
G1 X138.076 Y104.819 E0.11152
G1 X138.073 Y105.305 E0.05307
G1 X138.009 Y106.329 E0.11195
G1 X137.950 Y106.813 E0.05323
G1 X137.798 Y107.677 E0.09577
G1 X137.652 Y108.306 E0.07049
G1 X137.364 Y109.259 E0.10861
G1 X136.995 Y110.206 E0.11098
G1 X136.558 Y111.115 E0.11001
G1 X136.049 Y111.994 E0.11098
G1 X135.780 Y112.401 E0.05322
G1 X135.168 Y113.222 E0.11180
G1 X134.516 Y113.968 E0.10807
G1 X133.791 Y114.680 E0.11098
G1 X133.018 Y115.329 E0.11017
G1 X132.313 Y115.837 E0.09480
G1 X131.778 Y116.182 E0.06951
G1 X130.892 Y116.673 E0.11055
G1 X129.975 Y117.092 E0.11001
G1 X129.021 Y117.442 E0.11098
G1 X128.556 Y117.583 E0.05307
G1 X127.558 Y117.823 E0.11195
G1 X126.581 Y117.980 E0.10807
G1 X125.568 Y118.063 E0.11098
G1 X124.560 Y118.068 E0.11001
G1 X123.546 Y117.994 E0.11098
G1 X122.565 Y117.847 E0.10823
G1 X121.710 Y117.652 E0.09577
G1 X120.871 Y117.404 E0.09544
G1 X126.691 Y111.585 E0.89832
G1 X126.771 Y111.606 E0.00907
G1 X131.607 Y106.770 E0.74658
G1 X131.586 Y106.689 E0.00907
G1 X137.343 Y100.933 E0.88865
M204 S1000
;WIPE_START
G1 F8640.000
G1 X137.686 Y101.827 E-0.25281
G1 X137.796 Y102.302 E-0.12869
G1 X137.856 Y102.651 E-0.09349
;WIPE_END
G1 E-0.02500 F2400.000
G1 Z19.950 F10800.000
G1 X120.052 Y117.398
G1 Z19.550
G1 E0.50000 F2400.000
M204 S800
;TYPE:External perimeter
G1 F1078
G1 X126.516 Y110.934 E0.99779
G1 X126.597 Y110.955 E0.00907
G1 X130.957 Y106.595 E0.67305
G1 X130.935 Y106.515 E0.00907
G1 X137.399 Y100.051 E0.99775
G1 X136.943 Y99.056 E0.11946
G1 X136.608 Y98.425 E0.07802
G1 X136.269 Y97.859 E0.07204
G1 X135.908 Y97.319 E0.07095
G1 X135.518 Y96.793 E0.07148
G1 X135.102 Y96.286 E0.07149
G1 X134.718 Y95.862 E0.06246
G1 X135.229 Y95.951 E0.05663
G1 X135.581 Y96.363 E0.05912
G1 X135.987 Y96.885 E0.07217
G1 X136.564 Y97.732 E0.11193
G1 X136.887 Y98.272 E0.06863
G1 X137.370 Y99.203 E0.11451
G1 X137.581 Y99.678 E0.05673
G1 X137.955 Y100.666 E0.11528
G1 X138.251 Y101.679 E0.11528
G1 X138.368 Y102.187 E0.05681
G1 X138.523 Y103.082 E0.09918
G1 X138.603 Y103.749 E0.07330
G1 X138.659 Y104.805 E0.11548
G1 X138.657 Y105.325 E0.05676
G1 X138.590 Y106.382 E0.11564
G1 X138.528 Y106.899 E0.05681
G1 X138.369 Y107.794 E0.09918
G1 X138.217 Y108.451 E0.07366
G1 X137.914 Y109.455 E0.11441
G1 X137.531 Y110.439 E0.11528
G1 X137.075 Y111.388 E0.11492
G1 X136.545 Y112.301 E0.11528
G1 X136.258 Y112.737 E0.05691
G1 X135.625 Y113.585 E0.11548
G1 X135.289 Y113.985 E0.05711
G1 X134.937 Y114.373 E0.05711
G1 X134.183 Y115.112 E0.11528
G1 X133.377 Y115.790 E0.11498
G1 X132.642 Y116.319 E0.09883
G1 X132.078 Y116.683 E0.07330
G1 X131.155 Y117.194 E0.11512
G1 X130.198 Y117.632 E0.11492
G1 X129.206 Y117.996 E0.11528
G1 X128.708 Y118.146 E0.05676
G1 X127.678 Y118.394 E0.11564
G1 X126.645 Y118.560 E0.11421
G1 X125.593 Y118.646 E0.11528
G1 X124.540 Y118.651 E0.11492
G1 X123.487 Y118.575 E0.11528
G1 X122.451 Y118.419 E0.11426
G1 X121.565 Y118.218 E0.09918
G1 X120.916 Y118.034 E0.07366
G1 X120.419 Y117.868 E0.05723
G1 X119.831 Y117.643 E0.06869
G1 X119.094 Y117.316 E0.08803
G1 X118.547 Y117.039 E0.06694
G1 X118.002 Y116.730 E0.06835
G1 X117.460 Y116.389 E0.06991
G1 X116.856 Y115.964 E0.08063
G1 X116.348 Y115.568 E0.07033
G1 X115.953 Y115.228 E0.05687
G1 X115.864 Y114.714 E0.05694
G1 X116.791 Y115.514 E0.13371
G1 X117.319 Y115.906 E0.07169
G1 X117.863 Y116.270 E0.07150
G1 X118.462 Y116.627 E0.07615
G1 X119.007 Y116.917 E0.06739
G1 X119.971 Y117.360 E0.11572
M204 S1000
G1 X120.521 Y117.772 F10800.000
;WIPE_START
G1 F8640.000
G1 X121.255 Y116.099 E-0.47500
;WIPE_END
G1 E-0.02500 F2400.000
G1 Z19.950 F10800.000
G1 X123.172 Y117.172
G1 Z19.550
G1 E0.50000 F2400.000
;TYPE:Solid infill
;WIDTH:0.796686
G1 F1078
G1 X137.176 Y103.168 E2.59402
;WIPE_START
G1 F8640.000
G1 X135.903 Y104.441 E-0.47500
;WIPE_END
G1 E-0.02500 F2400.000
G1 Z19.950 F10800.000
G1 X136.256 Y109.291
G1 Z19.550
G1 E0.50000 F2400.000
;TYPE:Internal infill
;WIDTH:0.68
G1 F1078
G1 X136.058 Y109.799 E0.05954
G1 X135.655 Y110.637 E0.10141
G1 X135.538 Y110.839 E0.02558
G1 X132.975 Y108.277 E0.39560
M73 Q79 S4
G1 X131.035 Y110.217 E0.29949
M73 P79 R4
G1 X129.431 Y116.204 E0.67660
G1 X130.513 Y115.716 E0.12962
G1 X128.025 Y113.227 E0.38412
G1 X126.084 Y115.167 E0.29949
G1 X125.583 Y117.037 E0.21129
G1 X126.468 Y116.965 E0.09687
G1 X126.769 Y116.922 E0.03318
G1 X125.549 Y115.703 E0.18828
G1 X125.771 Y115.481 E0.03420
G1 X133.675 Y113.363 E0.89322
G1 X133.870 Y113.161 E0.03063
G1 X135.985 Y105.266 E0.89213
G1 X137.022 Y104.230 E0.15999
G1 X137.055 Y104.844 E0.06711
G1 X137.053 Y105.210 E0.03996
G1 X135.672 Y105.580 E0.15604
G1 X135.450 Y105.801 E0.03420
G1 X136.846 Y107.197 E0.21540
G1 X136.663 Y108.053 E0.09551
G1 X136.539 Y108.492 E0.04982
G1 X136.361 Y109.019 E0.06074
G1 X130.721 Y110.530 E0.63734
G1 X130.500 Y110.752 E0.03420
G1 X133.390 Y113.643 E0.44619
G1 X133.104 Y113.924 E0.04381
G1 X132.390 Y114.523 E0.10175
G1 X131.738 Y114.993 E0.08775
G1 X131.433 Y115.190 E0.03958
; stop printing object C:/Users/orcas/AppData/Local/Temp/Neutron/Body1.stl id:0 copy 0
;LAYER_CHANGE
;Z:20
;HEIGHT:0.450001
;BEFORE_LAYER_CHANGE
G92 E0.0
;20


;WIPE_START
G1 F8640.000
G1 X131.738 Y114.993 E-0.09568
G1 X132.390 Y114.523 E-0.21215
G1 X132.875 Y114.116 E-0.16717
;WIPE_END
G1 E-0.02500 F2400.000
G1 Z19.950 F10800.000
G1 Z20.000
;AFTER_LAYER_CHANGE
;20
; printing object C:/Users/orcas/AppData/Local/Temp/Neutron/Body1.stl id:0 copy 0
G1 Z20.400
G1 X122.681 Y117.275
G1 Z20.000
G1 E0.50000 F2400.000
M204 S800
;TYPE:Perimeter
G1 F1121
G1 X122.503 Y117.234 E0.01995
G1 X137.236 Y102.500 E2.27433
G1 X137.314 Y102.894 E0.04378
G1 X137.442 Y103.872 E0.10766
G1 X137.475 Y104.323 E0.04939
G1 X137.489 Y105.302 E0.10690
G1 X137.438 Y106.154 E0.09317
G1 X137.372 Y106.730 E0.06329
G1 X137.198 Y107.701 E0.10765
G1 X137.092 Y108.141 E0.04939
G1 X136.809 Y109.076 E0.10668
G1 X136.454 Y109.987 E0.10668
G1 X136.050 Y110.829 E0.10193
G1 X135.552 Y111.687 E0.10826
G1 X135.302 Y112.066 E0.04954
G1 X134.719 Y112.848 E0.10653
G1 X134.085 Y113.574 E0.10510
G1 X133.398 Y114.248 E0.10510
G1 X132.650 Y114.876 E0.10668
G1 X132.285 Y115.148 E0.04960
G1 X131.562 Y115.628 E0.09476
G1 X131.063 Y115.922 E0.06329
G1 X130.182 Y116.367 E0.10765
G1 X129.767 Y116.547 E0.04939
G1 X128.849 Y116.884 E0.10668
G1 X127.909 Y117.149 E0.10668
G1 X127.465 Y117.247 E0.04960
G1 X126.608 Y117.386 E0.09476
G1 X126.017 Y117.451 E0.06488
G1 X125.557 Y117.480 E0.05036
G1 X124.579 Y117.484 E0.10668
G1 X123.605 Y117.414 E0.10668
G1 X122.770 Y117.290 E0.09211
M204 S1000
;WIPE_START
G1 F8640.000
G1 X122.503 Y117.234 E-0.07196
G1 X123.583 Y116.154 E-0.40304
;WIPE_END
G1 E-0.02500 F2400.000
G1 Z20.400 F10800.000
G1 X121.576 Y117.619
G1 Z20.000
G1 E0.50000 F2400.000
M204 S800
G1 F1121
G1 X121.360 Y117.551 E0.02464
G1 X137.557 Y101.354 E2.50027
G1 X137.771 Y102.197 E0.09486
G1 X137.890 Y102.799 E0.06706
G1 X138.023 Y103.813 E0.11158
G1 X138.058 Y104.298 E0.05307
G1 X138.073 Y105.316 E0.11111
G1 X138.019 Y106.205 E0.09723
G1 X137.950 Y106.815 E0.06706
G1 X137.769 Y107.821 E0.11158
G1 X137.655 Y108.294 E0.05307
G1 X137.360 Y109.267 E0.11098
G1 X136.992 Y110.215 E0.11098
G1 X136.563 Y111.107 E0.10807
G1 X136.049 Y111.994 E0.11195
G1 X135.780 Y112.401 E0.05323
G1 X135.173 Y113.215 E0.11083
G1 X134.510 Y113.974 E0.11001
G1 X133.791 Y114.680 E0.11001
G1 X133.012 Y115.334 E0.11098
G1 X132.621 Y115.625 E0.05320
G1 X131.872 Y116.123 E0.09820
G1 X131.342 Y116.435 E0.06706
G1 X130.430 Y116.895 E0.11158
G1 X129.984 Y117.089 E0.05307
G1 X129.029 Y117.439 E0.11098
G1 X128.051 Y117.715 E0.11098
G1 X127.575 Y117.820 E0.05320
G1 X126.687 Y117.965 E0.09820
G1 X126.067 Y118.032 E0.06803
G1 X125.576 Y118.063 E0.05367
G1 X124.560 Y118.068 E0.11098
G1 X123.546 Y117.994 E0.11098
G1 X122.567 Y117.847 E0.10807
G1 X121.664 Y117.639 E0.10116
M204 S1000
;WIPE_START
G1 F8640.000
G1 X121.360 Y117.551 E-0.08328
G1 X122.410 Y116.502 E-0.39172
;WIPE_END
G1 E-0.02500 F2400.000
G1 Z20.400 F10800.000
G1 X120.516 Y117.570
G1 Z20.000
G1 E0.50000 F2400.000
M204 S800
;TYPE:External perimeter
G1 F1121
G1 X137.572 Y100.515 E2.63279
G1 X137.197 Y99.595 E0.10845
G1 X136.916 Y99.001 E0.07173
G1 X136.488 Y98.218 E0.09731
G1 X136.093 Y97.589 E0.08108
G1 X135.716 Y97.053 E0.07155
G1 X135.313 Y96.537 E0.07149
G1 X135.009 Y96.185 E0.05079
G1 X135.516 Y96.286 E0.05638
G1 X136.197 Y97.178 E0.12249
M73 Q80 S4
G1 X136.560 Y97.725 E0.07169
G1 X136.889 Y98.276 E0.06996
G1 X137.134 Y98.725 E0.05593
G1 X137.583 Y99.683 E0.11545
G1 X137.828 Y100.306 E0.07308
G1 X138.112 Y101.168 E0.09903
M73 P80 R4
G1 X138.340 Y102.068 E0.10138
G1 X138.466 Y102.705 E0.07083
G1 X138.604 Y103.754 E0.11550
G1 X138.641 Y104.272 E0.05676
G1 X138.656 Y105.329 E0.11533
G1 X138.601 Y106.255 E0.10129
G1 X138.528 Y106.900 E0.07083
G1 X138.340 Y107.941 E0.11550
G1 X138.218 Y108.447 E0.05676
G1 X137.912 Y109.458 E0.11528
G1 X137.529 Y110.442 E0.11528
G1 X137.076 Y111.385 E0.11421
G1 X136.545 Y112.301 E0.11563
G1 X136.258 Y112.737 E0.05691
G1 X135.627 Y113.582 E0.11512
G1 X134.935 Y114.375 E0.11492
G1 X134.183 Y115.112 E0.11492
G1 X133.374 Y115.792 E0.11528
G1 X132.957 Y116.103 E0.05680
G1 X132.181 Y116.617 E0.10165
G1 X131.622 Y116.947 E0.07083
G1 X130.678 Y117.424 E0.11550
G1 X130.201 Y117.631 E0.05676
G1 X129.209 Y117.995 E0.11528
G1 X128.193 Y118.281 E0.11528
G1 X127.684 Y118.393 E0.05680
G1 X126.765 Y118.543 E0.10165
G1 X126.117 Y118.614 E0.07118
G1 X125.596 Y118.646 E0.05697
G1 X124.540 Y118.651 E0.11528
G1 X123.487 Y118.575 E0.11528
G1 X122.452 Y118.419 E0.11421
G1 X121.423 Y118.182 E0.11528
G1 X120.415 Y117.867 E0.11528
G1 X119.927 Y117.682 E0.05695
G1 X119.251 Y117.389 E0.08039
G1 X118.217 Y116.855 E0.12708
G1 X117.683 Y116.534 E0.06797
G1 X117.150 Y116.177 E0.06999
G1 X116.288 Y115.515 E0.11864
G1 X116.190 Y115.011 E0.05608
G1 X116.537 Y115.311 E0.05013
G1 X117.053 Y115.714 E0.07147
G1 X117.612 Y116.106 E0.07454
G1 X118.423 Y116.605 E0.10390
G1 X119.007 Y116.917 E0.07228
G1 X119.595 Y117.195 E0.07103
G1 X120.433 Y117.536 E0.09871
M204 S1000
G1 X120.990 Y117.938 F10800.000
;WIPE_START
G1 F8640.000
G1 X121.710 Y116.268 E-0.47500
;WIPE_END
G1 E-0.02500 F2400.000
G1 Z20.400 F10800.000
G1 X124.255 Y117.179
G1 Z20.000
G1 E0.50000 F2400.000
;TYPE:Solid infill
;WIDTH:0.686033
G1 F1121
G1 X123.716 Y116.640 E0.08413
G1 X124.133 Y116.223 E0.06501
G1 X124.486 Y116.577 E0.05518
G1 X124.903 Y116.160 E0.06501
G1 X124.549 Y115.806 E0.05518
G1 X124.966 Y115.389 E0.06501
G1 X125.320 Y115.743 E0.05518
G1 X125.737 Y115.326 E0.06501
G1 X125.383 Y114.972 E0.05518
G1 X125.800 Y114.556 E0.06501
G1 X126.154 Y114.909 E0.05518
G1 X126.571 Y114.493 E0.06501
G1 X126.217 Y114.139 E0.05518
G1 X126.634 Y113.722 E0.06501
G1 X126.987 Y114.076 E0.05518
G1 X127.404 Y113.659 E0.06501
G1 X127.050 Y113.305 E0.05518
G1 X127.467 Y112.888 E0.06501
G1 X127.821 Y113.242 E0.05518
G1 X128.238 Y112.825 E0.06501
G1 X127.884 Y112.472 E0.05518
G1 X128.301 Y112.055 E0.06501
G1 X128.655 Y112.409 E0.05518
G1 X129.071 Y111.992 E0.06501
G1 X128.718 Y111.638 E0.05518
G1 X129.134 Y111.221 E0.06501
G1 X129.488 Y111.575 E0.05518
G1 X129.905 Y111.158 E0.06501
G1 X129.551 Y110.804 E0.05518
G1 X129.968 Y110.387 E0.06501
G1 X130.322 Y110.741 E0.05518
G1 X130.739 Y110.324 E0.06501
G1 X130.385 Y109.971 E0.05518
G1 X130.802 Y109.554 E0.06501
G1 X131.155 Y109.908 E0.05518
G1 X131.572 Y109.491 E0.06501
G1 X131.218 Y109.137 E0.05518
G1 X131.635 Y108.720 E0.06501
G1 X131.989 Y109.074 E0.05518
G1 X132.406 Y108.657 E0.06501
G1 X132.052 Y108.303 E0.05518
G1 X132.469 Y107.887 E0.06501
G1 X132.823 Y108.240 E0.05518
G1 X133.240 Y107.824 E0.06501
G1 X132.886 Y107.470 E0.05518
G1 X133.303 Y107.053 E0.06501
G1 X133.656 Y107.407 E0.05518
G1 X134.073 Y106.990 E0.06501
G1 X133.719 Y106.636 E0.05518
G1 X134.136 Y106.219 E0.06501
G1 X134.490 Y106.573 E0.05518
G1 X134.907 Y106.156 E0.06501
G1 X134.553 Y105.803 E0.05518
G1 X134.970 Y105.386 E0.06501
G1 X135.324 Y105.740 E0.05518
G1 X135.740 Y105.323 E0.06501
G1 X135.387 Y104.969 E0.05518
G1 X135.803 Y104.552 E0.06501
G1 X136.157 Y104.906 E0.05518
G1 X136.574 Y104.489 E0.06501
G1 X136.220 Y104.135 E0.05518
G1 X136.637 Y103.718 E0.06501
G1 X137.176 Y104.258 E0.08413
;WIPE_START
G1 F8640.000
G1 X136.637 Y103.718 E-0.20132
G1 X136.220 Y104.135 E-0.15555
G1 X136.537 Y104.452 E-0.11813
;WIPE_END
G1 E-0.02500 F2400.000
G1 Z20.400 F10800.000
G1 X136.298 Y105.591
G1 Z20.000
G1 E0.50000 F2400.000
;TYPE:Internal infill
;WIDTH:0.68
G1 F1121
G1 X137.045 Y104.843 E0.11535
G1 X137.036 Y105.544 E0.07645
G1 X136.091 Y105.797 E0.10678
G1 X135.994 Y105.895 E0.01509
G1 X136.913 Y106.814 E0.14190
G1 X136.769 Y107.611 E0.08841
G1 X136.669 Y108.026 E0.04663
G1 X136.324 Y109.115 E0.12467
;WIPE_START
G1 F8640.000
G1 X136.669 Y108.026 E-0.30140
G1 X136.769 Y107.611 E-0.11272
G1 X136.810 Y107.384 E-0.06087
;WIPE_END
G1 E-0.02500 F2400.000
G1 Z20.400 F10800.000
G1 X133.725 Y108.164
G1 Z20.000
G1 E0.50000 F2400.000
G1 F1121
G1 X135.303 Y106.586 E0.24358
G1 X133.419 Y113.614 E0.79423
G1 X133.617 Y113.420 E0.03030
G1 X131.043 Y110.845 E0.39741
G1 X131.141 Y110.747 E0.01509
G1 X136.218 Y109.387 E0.57378
G1 X136.051 Y109.817 E0.05035
G1 X135.700 Y110.551 E0.08887
G1 X133.518 Y108.370 E0.33673
G1 X131.751 Y110.138 E0.27288
;WIPE_START
G1 F8640.000
G1 X133.023 Y108.865 E-0.47500
;WIPE_END
G1 E-0.02500 F2400.000
G1 Z20.400 F10800.000
G1 X128.774 Y113.114
G1 Z20.000
G1 E0.50000 F2400.000
G1 F1121
G1 X130.352 Y111.536 E0.24358
G1 X129.065 Y116.338 E0.54265
G1 X129.604 Y116.141 E0.06268
G1 X129.996 Y115.970 E0.04663
G1 X130.808 Y115.561 E0.09925
G1 X128.568 Y113.321 E0.34581
G1 X126.800 Y115.088 E0.27288
;WIPE_START
G1 F8640.000
G1 X128.073 Y113.815 E-0.47500
;WIPE_END
G1 E-0.02500 F2400.000
G1 Z20.400 F10800.000
G1 X124.961 Y117.045
G1 Z20.000
G1 E0.50000 F2400.000
G1 F1121
G1 X124.843 Y117.045 E0.01285
G1 X125.401 Y116.487 E0.08623
G1 X125.252 Y117.043 E0.06290
G1 X125.536 Y117.042 E0.03100
G1 X126.553 Y116.952 E0.11146
G1 X127.151 Y116.854 E0.06608
G1 X126.092 Y115.796 E0.16340
G1 X126.190 Y115.698 E0.01509
G1 X133.213 Y113.816 E0.79362
G1 X132.378 Y114.533 E0.12014
G1 X132.034 Y114.790 E0.04691
G1 X131.222 Y115.320 E0.10577
; stop printing object C:/Users/orcas/AppData/Local/Temp/Neutron/Body1.stl id:0 copy 0
;LAYER_CHANGE
;Z:20.45
;HEIGHT:0.450001
;BEFORE_LAYER_CHANGE
G92 E0.0
;20.45


;WIPE_START
G1 F8640.000
G1 X132.034 Y114.790 E-0.25572
G1 X132.378 Y114.533 E-0.11340
G1 X132.682 Y114.272 E-0.10588
;WIPE_END
G1 E-0.02500 F2400.000
G1 Z20.400 F10800.000
G1 Z20.450
;AFTER_LAYER_CHANGE
;20.45
; printing object C:/Users/orcas/AppData/Local/Temp/Neutron/Body1.stl id:0 copy 0
G1 Z20.850
G1 X123.045 Y117.328
G1 Z20.450
G1 E0.50000 F2400.000
M204 S800
;TYPE:Perimeter
G1 F946
G1 X137.334 Y103.039 E2.20572
M73 Q81 S4
G1 X137.431 Y103.772 E0.08069
G1 X137.475 Y104.328 E0.06085
G1 X137.489 Y105.315 E0.10775
G1 X137.470 Y105.767 E0.04939
G1 X137.371 Y106.739 E0.10668
M73 P81 R4
G1 X137.198 Y107.701 E0.10668
G1 X137.092 Y108.141 E0.04939
G1 X136.809 Y109.076 E0.10668
G1 X136.454 Y109.987 E0.10668
G1 X136.260 Y110.412 E0.05097
G1 X136.050 Y110.829 E0.05097
G1 X135.552 Y111.687 E0.10826
G1 X135.302 Y112.066 E0.04954
G1 X134.719 Y112.848 E0.10653
G1 X134.085 Y113.574 E0.10510
G1 X133.398 Y114.248 E0.10510
G1 X132.661 Y114.867 E0.10509
G1 X131.866 Y115.436 E0.10668
G1 X131.484 Y115.678 E0.04939
G1 X130.629 Y116.152 E0.10668
G1 X129.753 Y116.552 E0.10509
G1 X128.836 Y116.889 E0.10668
G1 X128.403 Y117.020 E0.04939
G1 X127.452 Y117.248 E0.10668
G1 X126.487 Y117.403 E0.10668
G1 X126.023 Y117.450 E0.05098
G1 X125.555 Y117.480 E0.05115
G1 X124.665 Y117.486 E0.09715
G1 X123.633 Y117.417 E0.11286
G1 X123.134 Y117.342 E0.05516
M204 S1000
;WIPE_START
G1 F8640.000
G1 X124.402 Y116.064 E-0.47500
;WIPE_END
G1 E-0.02500 F2400.000
G1 Z20.850 F10800.000
G1 X121.863 Y117.685
G1 Z20.450
G1 E0.50000 F2400.000
M204 S800
G1 F946
G1 X137.692 Y101.856 E2.44339
G1 X137.891 Y102.806 E0.10588
G1 X138.012 Y103.711 E0.09966
G1 X138.058 Y104.301 E0.06460
G1 X138.073 Y105.323 E0.11163
G1 X138.052 Y105.809 E0.05307
G1 X137.949 Y106.821 E0.11098
G1 X137.769 Y107.821 E0.11098
G1 X137.655 Y108.294 E0.05307
G1 X137.360 Y109.267 E0.11098
G1 X136.992 Y110.215 E0.11098
G1 X136.563 Y111.107 E0.10807
G1 X136.049 Y111.994 E0.11195
G1 X135.780 Y112.401 E0.05323
G1 X135.173 Y113.215 E0.11082
G1 X134.510 Y113.974 E0.11001
G1 X133.791 Y114.680 E0.11001
G1 X133.019 Y115.328 E0.11001
G1 X132.192 Y115.920 E0.11098
G1 X131.781 Y116.180 E0.05307
G1 X130.892 Y116.673 E0.11098
G1 X129.975 Y117.092 E0.11001
G1 X129.021 Y117.442 E0.11098
G1 X128.556 Y117.583 E0.05307
G1 X127.567 Y117.821 E0.11098
G1 X126.563 Y117.982 E0.11098
G1 X125.575 Y118.063 E0.10817
G1 X124.654 Y118.069 E0.10063
G1 X123.563 Y117.996 E0.11927
G1 X122.558 Y117.845 E0.11098
G1 X121.951 Y117.705 E0.06801
M204 S1000
G1 X120.993 Y117.730 F10800.000
M204 S800
;TYPE:External perimeter
G1 F946
G1 X137.731 Y100.992 E2.58382
G1 X137.450 Y100.206 E0.09115
G1 X137.197 Y99.594 E0.07224
G1 X136.917 Y99.002 E0.07150
G1 X136.574 Y98.364 E0.07900
G1 X136.094 Y97.590 E0.09941
G1 X135.715 Y97.052 E0.07189
G1 X135.289 Y96.520 E0.07433
G1 X135.788 Y96.631 E0.05572
G1 X136.362 Y97.421 E0.10666
G1 X136.703 Y97.958 E0.06940
G1 X137.087 Y98.638 E0.08521
G1 X137.369 Y99.201 E0.06877
G1 X137.582 Y99.680 E0.05723
G1 X137.831 Y100.314 E0.07434
G1 X138.113 Y101.170 E0.09844
G1 X138.249 Y101.673 E0.05685
G1 X138.467 Y102.707 E0.11532
G1 X138.592 Y103.649 E0.10376
G1 X138.641 Y104.273 E0.06835
G1 X138.656 Y105.332 E0.11552
G1 X138.634 Y105.851 E0.05676
G1 X138.527 Y106.902 E0.11528
G1 X138.340 Y107.941 E0.11528
G1 X138.218 Y108.447 E0.05676
G1 X137.912 Y109.458 E0.11528
G1 X137.529 Y110.442 E0.11528
G1 X137.076 Y111.385 E0.11421
G1 X136.545 Y112.301 E0.11563
G1 X136.258 Y112.737 E0.05691
G1 X135.627 Y113.582 E0.11512
G1 X134.935 Y114.375 E0.11492
G1 X134.183 Y115.112 E0.11492
G1 X133.377 Y115.789 E0.11492
G1 X132.518 Y116.404 E0.11528
G1 X132.079 Y116.682 E0.05676
G1 X131.155 Y117.194 E0.11528
G1 X130.198 Y117.632 E0.11492
G1 X129.206 Y117.996 E0.11528
G1 X128.708 Y118.146 E0.05676
G1 X127.682 Y118.393 E0.11528
G1 X126.639 Y118.561 E0.11528
G1 X125.596 Y118.646 E0.11424
G1 X124.642 Y118.653 E0.10411
G1 X124.013 Y118.624 E0.06871
G1 X123.493 Y118.576 E0.05700
G1 X122.449 Y118.419 E0.11528
G1 X121.420 Y118.181 E0.11528
G1 X120.917 Y118.035 E0.05711
G1 X120.419 Y117.868 E0.05738
G1 X119.820 Y117.638 E0.07005
G1 X119.110 Y117.323 E0.08478
G1 X118.553 Y117.042 E0.06809
G1 X117.998 Y116.727 E0.06963
G1 X117.447 Y116.380 E0.07112
G1 X116.632 Y115.787 E0.10999
G1 X116.524 Y115.295 E0.05500
G1 X117.320 Y115.907 E0.10954
G1 X118.108 Y116.421 E0.10271
G1 X118.712 Y116.764 E0.07579
G1 X119.376 Y117.095 E0.08108
G1 X120.156 Y117.428 E0.09256
G1 X120.908 Y117.700 E0.08723
M204 S1000
G1 X121.471 Y118.092 F10800.000
;WIPE_START
G1 F8640.000
G1 X122.185 Y116.431 E-0.47500
;WIPE_END
G1 E-0.02500 F2400.000
G1 Z20.850 F10800.000
G1 X124.322 Y117.295
G1 Z20.450
G1 E0.50000 F2400.000
;TYPE:Solid infill
;WIDTH:0.796686
G1 F946
G1 X137.299 Y104.318 E2.40372
;WIPE_START
M73 P81 R3
M73 Q81 S3
G1 F8640.000
G1 X136.026 Y105.591 E-0.47500
;WIPE_END
G1 E-0.02500 F2400.000
G1 Z20.850 F10800.000
G1 X136.743 Y105.782
G1 Z20.450
M73 Q82 S3
G1 E0.50000 F2400.000
;TYPE:Internal infill
;WIDTH:0.68
G1 F946
G1 X137.044 Y105.481 E0.04647
G1 X137.019 Y105.878 E0.04346
G1 X136.511 Y106.014 E0.05740
G1 X136.537 Y105.988 E0.00403
G1 X136.964 Y106.415 E0.06595
G1 X136.937 Y106.678 E0.02887
M73 P82 R3
G1 X136.769 Y107.611 E0.10346
G1 X136.669 Y108.026 E0.04663
G1 X136.420 Y108.850 E0.09393
;WIPE_START
G1 F8640.000
G1 X136.669 Y108.026 E-0.22708
G1 X136.769 Y107.611 E-0.11272
G1 X136.860 Y107.107 E-0.13519
;WIPE_END
G1 E-0.02500 F2400.000
G1 Z20.850 F10800.000
G1 X135.333 Y111.193
G1 Z20.450
G1 E0.50000 F2400.000
G1 F946
G1 X134.944 Y111.815 E0.08002
G1 X134.378 Y112.573 E0.10330
G1 X133.839 Y113.191 E0.08953
G1 X131.586 Y110.938 E0.34771
G1 X131.560 Y110.965 E0.00403
G1 X136.075 Y109.755 E0.51023
G1 X135.851 Y110.252 E0.05959
G1 X134.061 Y108.463 E0.27618
G1 X134.620 Y107.905 E0.08615
G1 X132.979 Y114.029 E0.69198
G1 X132.664 Y114.293 E0.04484
G1 X126.609 Y115.915 E0.68421
G1 X126.636 Y115.889 E0.00403
G1 X127.527 Y116.780 E0.13760
G1 X128.288 Y116.597 E0.08544
G1 X128.700 Y116.472 E0.04697
G1 X129.669 Y112.856 E0.40872
G1 X129.111 Y113.414 E0.08615
G1 X131.092 Y115.395 E0.30581
G1 X130.432 Y115.761 E0.08240
G1 X129.587 Y116.147 E0.10141
G1 X128.974 Y116.372 E0.07127
; stop printing object C:/Users/orcas/AppData/Local/Temp/Neutron/Body1.stl id:0 copy 0
;LAYER_CHANGE
;Z:20.9
;HEIGHT:0.449999
;BEFORE_LAYER_CHANGE
G92 E0.0
;20.9


;WIPE_START
G1 F8640.000
G1 X129.587 Y116.147 E-0.17231
G1 X130.432 Y115.761 E-0.24517
G1 X130.622 Y115.655 E-0.05752
;WIPE_END
G1 E-0.02500 F2400.000
G1 Z20.850 F10800.000
G1 Z20.900
;AFTER_LAYER_CHANGE
;20.9
; printing object C:/Users/orcas/AppData/Local/Temp/Neutron/Body1.stl id:0 copy 0
G1 Z21.300
G1 X123.683 Y117.421
G1 Z20.900
G1 E0.50000 F2400.000
M204 S800
;TYPE:Perimeter
G1 F956
G1 X123.599 Y117.410 E0.00923
G1 X137.412 Y103.597 E2.13227
G1 X137.492 Y104.833 E0.13520
G1 X137.490 Y105.286 E0.04939
G1 X137.429 Y106.261 E0.10668
G1 X137.293 Y107.229 E0.10668
G1 X137.204 Y107.674 E0.04952
G1 X136.975 Y108.557 E0.09954
G1 X136.808 Y109.080 E0.05999
G1 X136.648 Y109.515 E0.05055
G1 X136.254 Y110.425 E0.10827
G1 X136.050 Y110.829 E0.04939
G1 X135.552 Y111.687 E0.10826
G1 X135.302 Y112.066 E0.04955
G1 X134.719 Y112.848 E0.10652
G1 X134.085 Y113.574 E0.10510
G1 X133.398 Y114.248 E0.10510
G1 X132.661 Y114.867 E0.10509
G1 X131.866 Y115.436 E0.10668
G1 X131.484 Y115.678 E0.04939
G1 X130.629 Y116.152 E0.10668
G1 X129.752 Y116.552 E0.10523
G1 X128.910 Y116.863 E0.09795
G1 X128.399 Y117.021 E0.05841
G1 X127.452 Y117.248 E0.10626
G1 X126.487 Y117.403 E0.10668
G1 X126.037 Y117.449 E0.04939
G1 X125.046 Y117.492 E0.10827
G1 X124.593 Y117.485 E0.04952
G1 X123.773 Y117.427 E0.08972
M204 S1000
;WIPE_START
G1 F8640.000
G1 X123.599 Y117.410 E-0.04605
G1 X124.749 Y116.261 E-0.42895
;WIPE_END
G1 E-0.02500 F2400.000
G1 Z21.300 F10800.000
G1 X122.567 Y117.847
G1 Z20.900
G1 E0.50000 F2400.000
M204 S800
G1 F956
G1 X122.380 Y117.804 E0.02087
G1 X137.808 Y102.376 E2.38154
G1 X137.968 Y103.312 E0.10360
G1 X138.021 Y103.795 E0.05307
G1 X138.076 Y104.819 E0.11195
G1 X138.073 Y105.305 E0.05307
G1 X138.010 Y106.320 E0.11098
G1 X137.868 Y107.327 E0.11098
G1 X137.772 Y107.805 E0.05315
G1 X137.535 Y108.718 E0.10306
G1 X137.190 Y109.732 E0.11687
G1 X136.782 Y110.673 E0.11195
G1 X136.563 Y111.107 E0.05307
G1 X136.049 Y111.994 E0.11195
G1 X135.780 Y112.401 E0.05323
G1 X135.173 Y113.215 E0.11082
G1 X134.510 Y113.974 E0.11001
G1 X133.791 Y114.680 E0.11001
G1 X133.019 Y115.328 E0.11001
G1 X132.192 Y115.920 E0.11098
G1 X131.781 Y116.180 E0.05307
G1 X130.892 Y116.673 E0.11098
G1 X129.975 Y117.092 E0.11009
G1 X129.097 Y117.416 E0.10209
G1 X128.553 Y117.584 E0.06214
G1 X127.567 Y117.821 E0.11072
G1 X126.563 Y117.982 E0.11098
G1 X126.079 Y118.031 E0.05307
G1 X125.055 Y118.075 E0.11195
G1 X124.568 Y118.068 E0.05315
G1 X123.626 Y118.002 E0.10306
G1 X122.655 Y117.862 E0.10705
M204 S1000
;WIPE_START
G1 F8640.000
G1 X122.380 Y117.804 E-0.07417
G1 X123.454 Y116.730 E-0.40083
;WIPE_END
G1 E-0.02500 F2400.000
G1 Z21.300 F10800.000
G1 X121.485 Y117.875
G1 Z20.900
G1 E0.50000 F2400.000
M204 S800
;TYPE:External perimeter
G1 F956
G1 X137.876 Y101.484 E2.53020
M73 Q83 S3
G1 X137.562 Y100.507 E0.11198
G1 X137.325 Y99.894 E0.07172
G1 X136.985 Y99.141 E0.09019
G1 X136.609 Y98.426 E0.08817
M73 P83 R3
G1 X136.267 Y97.857 E0.07246
G1 X135.908 Y97.319 E0.07062
G1 X135.571 Y96.864 E0.06182
G1 X136.056 Y96.985 E0.05460
G1 X136.362 Y97.421 E0.05821
G1 X136.707 Y97.965 E0.07033
G1 X137.137 Y98.730 E0.09574
G1 X137.582 Y99.680 E0.11450
G1 X137.834 Y100.322 E0.07525
G1 X138.113 Y101.170 E0.09753
G1 X138.368 Y102.186 E0.11430
G1 X138.546 Y103.231 E0.11564
G1 X138.603 Y103.747 E0.05676
G1 X138.659 Y104.805 E0.11564
G1 X138.657 Y105.325 E0.05676
G1 X138.591 Y106.379 E0.11528
G1 X138.443 Y107.425 E0.11528
G1 X138.341 Y107.935 E0.05679
G1 X138.096 Y108.880 E0.10658
G1 X137.732 Y109.949 E0.12322
G1 X137.310 Y110.921 E0.11564
G1 X137.076 Y111.385 E0.05676
G1 X136.545 Y112.301 E0.11563
G1 X136.258 Y112.737 E0.05692
G1 X135.627 Y113.582 E0.11511
G1 X134.935 Y114.375 E0.11492
G1 X134.183 Y115.112 E0.11492
G1 X133.377 Y115.789 E0.11492
G1 X132.518 Y116.404 E0.11528
G1 X132.079 Y116.682 E0.05676
G1 X131.155 Y117.194 E0.11528
G1 X130.197 Y117.632 E0.11495
G1 X129.284 Y117.969 E0.10622
G1 X128.708 Y118.147 E0.06588
G1 X127.682 Y118.393 E0.11518
G1 X126.639 Y118.561 E0.11528
G1 X126.122 Y118.613 E0.05676
G1 X125.063 Y118.659 E0.11564
G1 X124.543 Y118.652 E0.05679
G1 X123.569 Y118.583 E0.10658
G1 X122.452 Y118.419 E0.12322
G1 X121.420 Y118.181 E0.11564
G1 X120.919 Y118.035 E0.05690
G1 X120.177 Y117.778 E0.08571
G1 X119.439 Y117.476 E0.08710
G1 X118.967 Y117.255 E0.05686
G1 X117.993 Y116.725 E0.12101
G1 X117.437 Y116.373 E0.07186
G1 X116.986 Y116.057 E0.06013
G1 X116.869 Y115.572 E0.05440
G1 X117.318 Y115.905 E0.06107
G1 X117.863 Y116.269 E0.07152
G1 X118.498 Y116.647 E0.08068
G1 X119.295 Y117.058 E0.09776
G1 X119.895 Y117.324 E0.07166
G1 X120.502 Y117.558 E0.07106
G1 X121.399 Y117.847 E0.10285
M204 S1000
G1 X121.968 Y118.230 F10800.000
;WIPE_START
G1 F8640.000
G1 X122.676 Y116.579 E-0.47500
;WIPE_END
G1 E-0.02500 F2400.000
G1 Z21.300 F10800.000
G1 X124.707 Y116.550
G1 Z20.900
G1 E0.50000 F2400.000
;TYPE:Solid infill
;WIDTH:0.694608
G1 F956
G1 X125.205 Y117.047 E0.07870
G1 X125.293 Y117.043 E0.00984
G1 X125.670 Y116.666 E0.05966
G1 X125.316 Y116.312 E0.05598
G1 X125.739 Y115.889 E0.06691
G1 X126.093 Y116.243 E0.05598
G1 X126.516 Y115.820 E0.06691
G1 X126.162 Y115.467 E0.05598
G1 X126.585 Y115.044 E0.06691
G1 X126.938 Y115.398 E0.05598
G1 X127.361 Y114.975 E0.06691
G1 X127.007 Y114.621 E0.05598
G1 X127.430 Y114.198 E0.06691
G1 X127.784 Y114.552 E0.05598
G1 X128.207 Y114.129 E0.06691
G1 X127.853 Y113.775 E0.05598
G1 X128.276 Y113.352 E0.06691
G1 X128.630 Y113.706 E0.05598
G1 X129.053 Y113.283 E0.06691
G1 X128.699 Y112.929 E0.05598
G1 X129.122 Y112.506 E0.06691
G1 X129.476 Y112.860 E0.05598
G1 X129.899 Y112.437 E0.06691
G1 X129.545 Y112.084 E0.05598
G1 X129.968 Y111.661 E0.06691
G1 X130.321 Y112.015 E0.05598
G1 X130.744 Y111.592 E0.06691
G1 X130.390 Y111.238 E0.05598
G1 X130.813 Y110.815 E0.06691
G1 X131.167 Y111.169 E0.05598
G1 X131.590 Y110.746 E0.06691
G1 X131.236 Y110.392 E0.05598
G1 X131.659 Y109.969 E0.06691
G1 X132.013 Y110.323 E0.05598
G1 X132.436 Y109.900 E0.06691
G1 X132.082 Y109.546 E0.05598
G1 X132.505 Y109.123 E0.06691
G1 X132.859 Y109.477 E0.05598
G1 X133.282 Y109.054 E0.06691
G1 X132.928 Y108.701 E0.05598
G1 X133.351 Y108.278 E0.06691
G1 X133.704 Y108.632 E0.05598
G1 X134.127 Y108.209 E0.06691
G1 X133.773 Y107.855 E0.05598
G1 X134.196 Y107.432 E0.06691
G1 X134.550 Y107.786 E0.05598
G1 X134.973 Y107.363 E0.06691
G1 X134.619 Y107.009 E0.05598
G1 X135.042 Y106.586 E0.06691
G1 X135.396 Y106.940 E0.05598
G1 X135.819 Y106.517 E0.06691
G1 X135.465 Y106.163 E0.05598
G1 X135.888 Y105.740 E0.06691
G1 X136.242 Y106.094 E0.05598
G1 X136.665 Y105.671 E0.06691
G1 X136.311 Y105.318 E0.05598
G1 X136.734 Y104.895 E0.06691
G1 X137.273 Y105.434 E0.08536
;WIPE_START
G1 F8640.000
G1 X136.734 Y104.895 E-0.20132
G1 X136.311 Y105.318 E-0.15782
G1 X136.621 Y105.628 E-0.11587
;WIPE_END
G1 E-0.02500 F2400.000
G1 Z21.300 F10800.000
G1 X135.162 Y107.999
G1 Z20.900
G1 E0.50000 F2400.000
;TYPE:Internal infill
;WIDTH:0.68
G1 F956
G1 X136.930 Y106.231 E0.27288
G1 X136.993 Y106.214 E0.00716
G1 X136.861 Y107.156 E0.10377
G1 X136.777 Y107.576 E0.04680
G1 X136.555 Y108.431 E0.09642
G1 X136.479 Y108.656 E0.02588
;WIPE_START
G1 F8640.000
G1 X136.555 Y108.431 E-0.06258
G1 X136.777 Y107.576 E-0.23311
G1 X136.861 Y107.156 E-0.11314
G1 X136.896 Y106.907 E-0.06617
;WIPE_END
G1 E-0.02500 F2400.000
G1 Z21.300 F10800.000
G1 X135.493 Y110.917
G1 Z20.900
G1 E0.50000 F2400.000
G1 F956
G1 X135.180 Y111.457 E0.06808
G1 X134.944 Y111.815 E0.04678
G1 X134.378 Y112.573 E0.10330
G1 X134.048 Y112.951 E0.05472
G1 X132.129 Y111.032 E0.29624
G1 X131.979 Y111.182 E0.02315
G1 X135.905 Y110.130 E0.44356
G1 X135.987 Y109.939 E0.02270
G1 X134.605 Y108.556 E0.21345
G1 X133.937 Y109.224 E0.10312
G1 X132.554 Y114.386 E0.58324
G1 X132.005 Y114.799 E0.07502
G1 X127.029 Y116.132 E0.56227
G1 X127.179 Y115.982 E0.02315
G1 X127.890 Y116.693 E0.10974
G1 X128.342 Y116.580 E0.05082
G1 X128.986 Y114.175 E0.27184
G1 X129.654 Y113.507 E0.10312
G1 X131.376 Y115.229 E0.26577
G1 X131.767 Y114.969 E0.05129
; stop printing object C:/Users/orcas/AppData/Local/Temp/Neutron/Body1.stl id:0 copy 0
;LAYER_CHANGE
;Z:21.35
;HEIGHT:0.450001
;BEFORE_LAYER_CHANGE
G92 E0.0
;21.35


;WIPE_START
G1 F8640.000
G1 X131.376 Y115.229 E-0.12400
G1 X130.435 Y114.288 E-0.35100
;WIPE_END
G1 E-0.02500 F2400.000
G1 Z21.300 F10800.000
G1 Z21.350
;AFTER_LAYER_CHANGE
;21.35
; printing object C:/Users/orcas/AppData/Local/Temp/Neutron/Body1.stl id:0 copy 0
G1 Z21.750
G1 X124.190 Y117.456
G1 Z21.350
G1 E0.50000 F2400.000
M204 S800
;TYPE:Perimeter
G1 F900
G1 X137.458 Y104.188 E2.04813
G1 X137.492 Y104.833 E0.07054
G1 X137.490 Y105.287 E0.04948
G1 X137.434 Y106.203 E0.10027
G1 X137.292 Y107.231 E0.11325
G1 X137.204 Y107.674 E0.04923
G1 X136.973 Y108.563 E0.10027
G1 X136.642 Y109.531 E0.11166
G1 X136.254 Y110.425 E0.10643
G1 X136.050 Y110.829 E0.04939
G1 X135.552 Y111.687 E0.10826
G1 X135.302 Y112.066 E0.04955
G1 X134.719 Y112.848 E0.10652
G1 X134.085 Y113.574 E0.10510
G1 X133.398 Y114.248 E0.10510
G1 X132.661 Y114.867 E0.10509
G1 X131.866 Y115.436 E0.10668
G1 X131.484 Y115.678 E0.04939
G1 X130.629 Y116.152 E0.10668
G1 X129.753 Y116.552 E0.10509
G1 X128.836 Y116.889 E0.10668
M73 Q84 S3
G1 X128.403 Y117.020 E0.04939
G1 X127.452 Y117.248 E0.10668
G1 X126.502 Y117.401 E0.10509
M73 P84 R3
G1 X125.542 Y117.480 E0.10509
G1 X124.579 Y117.484 E0.10510
G1 X124.280 Y117.463 E0.03281
M204 S1000
;WIPE_START
G1 F8640.000
G1 X125.548 Y116.185 E-0.47500
;WIPE_END
G1 E-0.02500 F2400.000
G1 Z21.750 F10800.000
G1 X122.921 Y117.900
G1 Z21.350
G1 E0.50000 F2400.000
M204 S800
G1 F900
G1 X137.900 Y102.921 E2.31217
G1 X137.968 Y103.313 E0.04344
G1 X138.021 Y103.795 E0.05292
G1 X138.076 Y104.819 E0.11195
G1 X138.073 Y105.306 E0.05313
G1 X138.014 Y106.261 E0.10446
G1 X137.868 Y107.328 E0.11758
G1 X137.773 Y107.804 E0.05297
G1 X137.532 Y108.731 E0.10446
G1 X137.186 Y109.741 E0.11661
G1 X136.782 Y110.673 E0.11082
G1 X136.563 Y111.107 E0.05307
G1 X136.049 Y111.994 E0.11195
G1 X135.780 Y112.401 E0.05324
G1 X135.173 Y113.215 E0.11081
G1 X134.510 Y113.974 E0.11001
G1 X133.791 Y114.680 E0.11001
G1 X133.019 Y115.328 E0.11001
G1 X132.192 Y115.920 E0.11098
G1 X131.781 Y116.180 E0.05307
G1 X130.892 Y116.673 E0.11098
G1 X129.975 Y117.092 E0.11001
G1 X129.021 Y117.442 E0.11098
G1 X128.556 Y117.583 E0.05307
G1 X127.567 Y117.821 E0.11098
G1 X126.572 Y117.980 E0.11001
G1 X125.568 Y118.063 E0.11001
G1 X124.560 Y118.068 E0.11001
G1 X123.555 Y117.995 E0.11001
G1 X123.010 Y117.913 E0.06009
M204 S1000
;WIPE_START
G1 F8640.000
G1 X124.279 Y116.636 E-0.47500
;WIPE_END
G1 E-0.02500 F2400.000
G1 Z21.750 F10800.000
G1 X121.994 Y118.002
G1 Z21.350
G1 E0.50000 F2400.000
M204 S800
;TYPE:External perimeter
G1 F900
G1 X138.003 Y101.992 E2.47132
G1 X137.767 Y101.128 E0.09784
G1 X137.561 Y100.505 E0.07165
G1 X137.236 Y99.683 E0.09643
G1 X136.917 Y99.002 E0.08207
G1 X136.515 Y98.264 E0.09169
G1 X136.094 Y97.590 E0.08680
G1 X135.833 Y97.219 E0.04946
G1 X136.311 Y97.349 E0.05405
G1 X136.888 Y98.274 E0.11899
G1 X137.370 Y99.203 E0.11425
G1 X137.581 Y99.678 E0.05672
G1 X137.956 Y100.669 E0.11564
G1 X138.111 Y101.165 E0.05678
G1 X138.355 Y102.131 E0.10866
G1 X138.546 Y103.231 E0.12192
G1 X138.603 Y103.747 E0.05670
G1 X138.659 Y104.805 E0.11564
G1 X138.657 Y105.325 E0.05678
G1 X138.595 Y106.319 E0.10866
G1 X138.443 Y107.426 E0.12192
G1 X138.341 Y107.935 E0.05672
G1 X138.091 Y108.899 E0.10866
G1 X137.731 Y109.952 E0.12156
G1 X137.310 Y110.921 E0.11522
G1 X137.076 Y111.385 E0.05676
G1 X136.545 Y112.301 E0.11563
G1 X136.258 Y112.737 E0.05692
G1 X135.627 Y113.582 E0.11511
G1 X134.935 Y114.375 E0.11492
G1 X134.183 Y115.112 E0.11492
G1 X133.377 Y115.789 E0.11492
G1 X132.518 Y116.404 E0.11528
G1 X132.079 Y116.682 E0.05676
G1 X131.155 Y117.194 E0.11528
G1 X130.198 Y117.632 E0.11492
G1 X129.206 Y117.996 E0.11528
G1 X128.708 Y118.146 E0.05676
G1 X127.682 Y118.393 E0.11528
G1 X126.642 Y118.560 E0.11492
G1 X125.593 Y118.646 E0.11492
G1 X124.540 Y118.651 E0.11492
G1 X123.490 Y118.575 E0.11492
G1 X122.446 Y118.418 E0.11528
G1 X121.937 Y118.311 E0.05676
G1 X120.916 Y118.034 E0.11542
G1 X120.165 Y117.773 E0.08678
G1 X119.439 Y117.476 E0.08561
G1 X118.882 Y117.212 E0.06735
G1 X118.303 Y116.904 E0.07157
G1 X117.698 Y116.543 E0.07687
G1 X117.350 Y116.312 E0.04557
G1 X117.224 Y115.833 E0.05402
G1 X117.622 Y116.113 E0.05312
G1 X118.423 Y116.605 E0.10254
G1 X119.013 Y116.920 E0.07309
G1 X119.893 Y117.323 E0.10558
G1 X120.497 Y117.556 E0.07077
G1 X121.128 Y117.765 E0.07251
G1 X121.907 Y117.978 E0.08813
M204 S1000
G1 X122.482 Y118.351 F10800.000
;WIPE_START
G1 F8640.000
G1 X123.184 Y116.710 E-0.47500
;WIPE_END
G1 E-0.02500 F2400.000
G1 Z21.750 F10800.000
G1 X125.590 Y117.300
G1 Z21.350
G1 E0.50000 F2400.000
;TYPE:Solid infill
;WIDTH:0.796686
G1 F900
G1 X137.296 Y105.594 E2.16840
;WIPE_START
G1 F8640.000
G1 X136.023 Y106.867 E-0.47500
;WIPE_END
G1 E-0.02500 F2400.000
G1 Z21.750 F10800.000
G1 X131.965 Y111.832
G1 Z21.350
G1 E0.50000 F2400.000
;TYPE:Internal infill
;WIDTH:0.68
G1 F900
G1 X130.197 Y113.600 E0.27288
G1 X131.650 Y115.053 E0.22425
G1 X131.169 Y115.352 E0.06188
G1 X127.448 Y116.349 E0.42043
G1 X127.722 Y116.075 E0.04227
G1 X128.253 Y116.606 E0.08188
G1 X127.988 Y116.669 E0.02967
G1 X128.303 Y115.494 E0.13279
M73 Q85 S3
G1 X129.991 Y113.806 E0.26056
;WIPE_START
G1 F8640.000
G1 X128.718 Y115.079 E-0.47500
;WIPE_END
M73 P85 R3
G1 E-0.02500 F2400.000
G1 Z21.750 F10800.000
G1 X131.887 Y114.883
G1 Z21.350
G1 E0.50000 F2400.000
G1 F900
G1 X132.139 Y114.702 E0.03386
G1 X133.254 Y110.544 E0.46993
G1 X135.148 Y108.650 E0.29240
G1 X136.124 Y109.625 E0.15062
G1 X135.721 Y110.508 E0.10592
G1 X132.399 Y111.399 E0.37545
G1 X132.673 Y111.125 E0.04227
G1 X134.258 Y112.711 E0.24477
G1 X133.767 Y113.273 E0.08151
G1 X133.104 Y113.924 E0.10141
G1 X132.473 Y114.454 E0.08996
; stop printing object C:/Users/orcas/AppData/Local/Temp/Neutron/Body1.stl id:0 copy 0
;LAYER_CHANGE
;Z:21.8
;HEIGHT:0.449999
;BEFORE_LAYER_CHANGE
G92 E0.0
;21.8


;WIPE_START
G1 F8640.000
G1 X133.104 Y113.924 E-0.21748
G1 X133.767 Y113.273 E-0.24517
G1 X133.798 Y113.238 E-0.01234
;WIPE_END
G1 E-0.02500 F2400.000
G1 Z21.750 F10800.000
G1 Z21.800
;AFTER_LAYER_CHANGE
;21.8
; printing object C:/Users/orcas/AppData/Local/Temp/Neutron/Body1.stl id:0 copy 0
G1 Z22.200
G1 X137.492 Y104.833
G1 Z21.800
G1 E0.50000 F2400.000
M204 S800
;TYPE:Perimeter
G1 F900
G1 X137.470 Y105.767 E0.10193
G1 X137.371 Y106.739 E0.10668
G1 X137.200 Y107.687 E0.10510
G1 X136.953 Y108.632 E0.10668
G1 X136.814 Y109.063 E0.04939
G1 X136.460 Y109.974 E0.10668
G1 X136.042 Y110.842 E0.10509
G1 X135.552 Y111.687 E0.10668
G1 X135.302 Y112.067 E0.04961
G1 X134.741 Y112.820 E0.10249
G1 X134.084 Y113.575 E0.10922
G1 X133.398 Y114.248 E0.10493
G1 X132.661 Y114.867 E0.10509
G1 X131.866 Y115.436 E0.10668
G1 X131.484 Y115.678 E0.04939
G1 X130.629 Y116.152 E0.10668
G1 X129.753 Y116.552 E0.10509
G1 X128.836 Y116.889 E0.10668
G1 X128.402 Y117.020 E0.04945
G1 X127.488 Y117.241 E0.10266
G1 X126.500 Y117.401 E0.10922
G1 X125.542 Y117.480 E0.10493
G1 X124.799 Y117.483 E0.08112
G1 X137.455 Y104.827 E1.95369
M204 S1000
;WIPE_START
G1 F8640.000
G1 X137.470 Y105.767 E-0.24806
G1 X137.383 Y106.622 E-0.22694
;WIPE_END
G1 E-0.02500 F2400.000
G1 Z22.200 F10800.000
G1 X137.985 Y103.473
G1 Z21.800
G1 E0.50000 F2400.000
M204 S800
G1 F900
G1 X138.021 Y103.796 E0.03554
G1 X138.076 Y104.819 E0.11182
G1 X138.073 Y105.314 E0.05404
G1 X138.052 Y105.809 E0.05404
G1 X137.949 Y106.821 E0.11098
G1 X137.770 Y107.812 E0.11001
G1 X137.514 Y108.796 E0.11098
G1 X137.364 Y109.259 E0.05307
G1 X136.995 Y110.206 E0.11098
G1 X136.558 Y111.115 E0.11001
G1 X136.049 Y111.994 E0.11098
G1 X135.780 Y112.402 E0.05328
G1 X135.196 Y113.186 E0.10672
G1 X134.509 Y113.975 E0.11415
G1 X133.791 Y114.680 E0.10991
G1 X133.019 Y115.328 E0.11001
G1 X132.192 Y115.920 E0.11098
G1 X131.781 Y116.180 E0.05307
G1 X130.892 Y116.673 E0.11098
G1 X129.975 Y117.092 E0.11001
G1 X129.021 Y117.442 E0.11098
G1 X128.555 Y117.583 E0.05311
G1 X127.603 Y117.813 E0.10689
G1 X126.571 Y117.981 E0.11415
G1 X125.568 Y118.063 E0.10991
G1 X124.551 Y118.068 E0.11098
G1 X124.065 Y118.042 E0.05311
G1 X123.480 Y117.977 E0.06426
G1 X137.921 Y103.536 E2.22920
M204 S1000
;WIPE_START
G1 F8640.000
G1 X138.021 Y103.796 E-0.07353
G1 X138.076 Y104.819 E-0.27034
G1 X138.073 Y105.314 E-0.13066
G1 X138.073 Y105.316 E-0.00046
;WIPE_END
G1 E-0.02500 F2400.000
G1 Z22.200 F10800.000
G1 X122.519 Y118.113
G1 Z21.800
G1 E0.50000 F2400.000
M204 S800
;TYPE:External perimeter
G1 F900
G1 X138.115 Y102.517 E2.40748
G1 X137.858 Y101.444 E0.12048
G1 X137.668 Y100.816 E0.07161
G1 X137.456 Y100.223 E0.06868
G1 X137.196 Y99.593 E0.07439
G1 X136.794 Y98.765 E0.10054
G1 X136.443 Y98.141 E0.07813
G1 X136.080 Y97.584 E0.07259
G1 X136.553 Y97.722 E0.05380
G1 X136.890 Y98.279 E0.07099
G1 X137.134 Y98.725 E0.05558
G1 X137.583 Y99.681 E0.11520
G1 X137.955 Y100.666 E0.11493
G1 X138.241 Y101.643 E0.11114
G1 X138.368 Y102.187 E0.06094
G1 X138.540 Y103.193 E0.11145
G1 X138.603 Y103.748 E0.06093
G1 X138.659 Y104.805 E0.11559
G1 X138.657 Y105.328 E0.05711
G1 X138.634 Y105.851 E0.05711
G1 X138.527 Y106.902 E0.11528
G1 X138.341 Y107.938 E0.11492
G1 X138.074 Y108.960 E0.11528
G1 X137.914 Y109.455 E0.05676
G1 X137.531 Y110.439 E0.11528
G1 X137.075 Y111.388 E0.11492
G1 X136.545 Y112.301 E0.11528
M73 Q86 S3
G1 X136.258 Y112.737 E0.05694
G1 X135.651 Y113.552 E0.11096
G1 X134.934 Y114.375 E0.11909
G1 X134.183 Y115.112 E0.11488
M73 P86 R3
G1 X133.377 Y115.789 E0.11492
G1 X132.518 Y116.404 E0.11528
G1 X132.079 Y116.682 E0.05676
G1 X131.155 Y117.194 E0.11528
G1 X130.198 Y117.632 E0.11492
G1 X129.206 Y117.996 E0.11528
G1 X128.708 Y118.146 E0.05677
G1 X127.719 Y118.385 E0.11113
G1 X126.642 Y118.560 E0.11909
G1 X125.593 Y118.646 E0.11488
G1 X124.537 Y118.651 E0.11528
G1 X124.017 Y118.624 E0.05677
G1 X123.005 Y118.512 E0.11113
G1 X121.933 Y118.310 E0.11909
G1 X120.914 Y118.034 E0.11524
G1 X120.419 Y117.868 E0.05701
G1 X119.803 Y117.631 E0.07210
G1 X119.133 Y117.335 E0.07990
G1 X118.565 Y117.048 E0.06950
G1 X117.722 Y116.552 E0.10669
G1 X117.587 Y116.081 E0.05351
G1 X118.092 Y116.411 E0.06585
G1 X118.711 Y116.764 E0.07786
G1 X119.449 Y117.129 E0.08985
G1 X120.197 Y117.445 E0.08865
G1 X120.815 Y117.666 E0.07164
G1 X121.473 Y117.865 E0.07499
G1 X122.431 Y118.092 E0.10751
M204 S1000
G1 X123.011 Y118.457 F10800.000
;WIPE_START
G1 F8640.000
G1 X123.708 Y116.824 E-0.47500
;WIPE_END
G1 E-0.02500 F2400.000
G1 Z22.200 F10800.000
G1 X126.670 Y117.196
G1 Z21.800
G1 E0.50000 F2400.000
;TYPE:Solid infill
;WIDTH:0.692099
G1 F900
G1 X126.188 Y116.713 E0.07605
G1 X126.609 Y116.292 E0.06635
G1 X126.963 Y116.646 E0.05575
G1 X127.384 Y116.225 E0.06635
G1 X127.030 Y115.871 E0.05575
G1 X127.451 Y115.450 E0.06635
G1 X127.805 Y115.804 E0.05575
G1 X128.226 Y115.383 E0.06635
G1 X127.872 Y115.029 E0.05575
G1 X128.293 Y114.608 E0.06635
G1 X128.647 Y114.962 E0.05575
G1 X129.068 Y114.541 E0.06635
G1 X128.714 Y114.187 E0.05575
G1 X129.135 Y113.766 E0.06635
G1 X129.489 Y114.119 E0.05575
G1 X129.910 Y113.698 E0.06635
G1 X129.557 Y113.345 E0.05575
G1 X129.978 Y112.923 E0.06635
G1 X130.331 Y113.277 E0.05575
G1 X130.753 Y112.856 E0.06635
G1 X130.399 Y112.502 E0.05575
G1 X130.820 Y112.081 E0.06635
G1 X131.174 Y112.435 E0.05575
G1 X131.595 Y112.014 E0.06635
G1 X131.241 Y111.660 E0.05575
G1 X131.662 Y111.239 E0.06635
G1 X132.016 Y111.593 E0.05575
G1 X132.437 Y111.172 E0.06635
G1 X132.083 Y110.818 E0.05575
G1 X132.504 Y110.397 E0.06635
G1 X132.858 Y110.751 E0.05575
G1 X133.279 Y110.330 E0.06635
G1 X132.925 Y109.976 E0.05575
G1 X133.346 Y109.555 E0.06635
G1 X133.700 Y109.908 E0.05575
G1 X134.121 Y109.487 E0.06635
G1 X133.768 Y109.134 E0.05575
G1 X134.189 Y108.712 E0.06635
G1 X134.542 Y109.066 E0.05575
G1 X134.964 Y108.645 E0.06635
G1 X134.610 Y108.291 E0.05575
G1 X135.031 Y107.870 E0.06635
G1 X135.385 Y108.224 E0.05575
G1 X135.806 Y107.803 E0.06635
G1 X135.452 Y107.449 E0.05575
G1 X135.873 Y107.028 E0.06635
G1 X136.227 Y107.382 E0.05575
G1 X136.648 Y106.961 E0.06635
G1 X136.294 Y106.607 E0.05575
G1 X136.715 Y106.186 E0.06635
G1 X137.202 Y106.672 E0.07666
;WIPE_START
G1 F8640.000
G1 X136.715 Y106.186 E-0.18156
G1 X136.294 Y106.607 E-0.15715
G1 X136.648 Y106.961 E-0.13204
G1 X136.637 Y106.972 E-0.00425
;WIPE_END
G1 E-0.02500 F2400.000
G1 Z22.200 F10800.000
G1 X132.718 Y114.248
G1 Z21.800
G1 E0.50000 F2400.000
;TYPE:Internal infill
;WIDTH:0.68
G1 F900
G1 X133.104 Y113.924 E0.05504
G1 X133.766 Y113.274 E0.10120
G1 X134.461 Y112.463 E0.11661
G1 X133.216 Y111.218 E0.19222
G1 X135.691 Y108.743 E0.38210
G1 X136.251 Y109.303 E0.08644
G1 X136.058 Y109.799 E0.05817
G1 X135.655 Y110.637 E0.10141
G1 X135.505 Y110.896 E0.03267
G1 X132.818 Y111.616 E0.30366
G1 X132.571 Y111.863 E0.03818
G1 X131.732 Y114.994 E0.35384
G1 X131.912 Y114.865 E0.02424
G1 X130.741 Y113.693 E0.18087
G1 X128.265 Y116.169 E0.38210
G1 X128.600 Y116.503 E0.05162
G1 X129.587 Y116.147 E0.11454
G1 X130.432 Y115.761 E0.10141
G1 X130.888 Y115.508 E0.05692
; stop printing object C:/Users/orcas/AppData/Local/Temp/Neutron/Body1.stl id:0 copy 0
;LAYER_CHANGE
;Z:22.25
;HEIGHT:0.450001
;BEFORE_LAYER_CHANGE
G92 E0.0
;22.25


;WIPE_START
G1 F8640.000
G1 X130.432 Y115.761 E-0.13761
G1 X129.587 Y116.147 E-0.24517
G1 X129.258 Y116.266 E-0.09222
;WIPE_END
G1 E-0.02500 F2400.000
G1 Z22.200 F10800.000
G1 Z22.250
;AFTER_LAYER_CHANGE
;22.25
; printing object C:/Users/orcas/AppData/Local/Temp/Neutron/Body1.stl id:0 copy 0
G1 Z22.650
G1 X125.542 Y117.480
G1 Z22.250
G1 E0.50000 F2400.000
M204 S800
;TYPE:Perimeter
G1 F900
G1 X125.439 Y117.480 E0.01131
G1 X137.484 Y105.435 E1.85940
G1 X137.470 Y105.767 E0.03630
G1 X137.371 Y106.739 E0.10668
G1 X137.200 Y107.687 E0.10510
G1 X136.953 Y108.632 E0.10668
G1 X136.814 Y109.063 E0.04939
G1 X136.460 Y109.974 E0.10668
G1 X136.042 Y110.842 E0.10509
G1 X135.552 Y111.687 E0.10668
G1 X135.302 Y112.066 E0.04958
G1 X134.728 Y112.837 E0.10488
G1 X134.085 Y113.574 E0.10678
G1 X133.398 Y114.248 E0.10503
G1 X132.661 Y114.867 E0.10509
G1 X131.866 Y115.436 E0.10668
G1 X131.484 Y115.678 E0.04939
G1 X130.629 Y116.152 E0.10668
G1 X129.753 Y116.552 E0.10509
G1 X128.836 Y116.889 E0.10668
G1 X128.403 Y117.020 E0.04939
G1 X127.452 Y117.248 E0.10668
G1 X126.502 Y117.401 E0.10509
G1 X125.632 Y117.472 E0.09527
M204 S1000
;WIPE_START
G1 F8640.000
G1 X125.439 Y117.480 E-0.05106
G1 X126.575 Y116.344 E-0.42394
;WIPE_END
G1 E-0.02500 F2400.000
G1 Z22.650 F10800.000
G1 X124.062 Y118.032
G1 Z22.250
G1 E0.50000 F2400.000
M204 S800
G1 F900
G1 X138.035 Y104.058 E2.15702
G1 X138.075 Y104.804 E0.08155
G1 X138.073 Y105.315 E0.05573
G1 X138.052 Y105.809 E0.05399
G1 X137.949 Y106.821 E0.11098
G1 X137.770 Y107.812 E0.11001
G1 X137.514 Y108.796 E0.11098
G1 X137.364 Y109.259 E0.05307
G1 X136.995 Y110.206 E0.11098
G1 X136.558 Y111.115 E0.11001
G1 X136.049 Y111.994 E0.11098
G1 X135.780 Y112.402 E0.05326
G1 X135.182 Y113.203 E0.10915
G1 X134.510 Y113.975 E0.11170
G1 X133.791 Y114.680 E0.10997
M73 Q87 S3
G1 X133.019 Y115.328 E0.11001
G1 X132.192 Y115.920 E0.11098
M73 P87 R3
G1 X131.781 Y116.180 E0.05307
G1 X130.892 Y116.673 E0.11098
G1 X129.975 Y117.092 E0.11001
G1 X129.021 Y117.442 E0.11098
G1 X128.556 Y117.583 E0.05307
G1 X127.567 Y117.821 E0.11098
G1 X126.572 Y117.980 E0.11001
G1 X125.568 Y118.063 E0.11001
G1 X124.560 Y118.068 E0.11001
M73 P87 R2
G1 X124.152 Y118.038 E0.04466
M204 S1000
;WIPE_START
G1 F8640.000
G1 X125.420 Y116.761 E-0.47500
;WIPE_END
M73 Q87 S2
G1 E-0.02500 F2400.000
G1 Z22.650 F10800.000
G1 X123.065 Y118.204
G1 Z22.250
G1 E0.50000 F2400.000
M204 S800
;TYPE:External perimeter
G1 F900
G1 X138.205 Y103.064 E2.33709
G1 X138.017 Y102.078 E0.10948
G1 X137.858 Y101.441 E0.07167
G1 X137.627 Y100.696 E0.08512
G1 X137.326 Y99.897 E0.09326
G1 X137.042 Y99.258 E0.07634
G1 X136.609 Y98.427 E0.10223
G1 X136.327 Y97.956 E0.05990
G1 X136.786 Y98.104 E0.05261
G1 X137.137 Y98.730 E0.07829
G1 X137.367 Y99.197 E0.05684
G1 X137.779 Y100.173 E0.11564
G1 X137.954 Y100.663 E0.05676
G1 X138.246 Y101.661 E0.11359
G1 X138.467 Y102.707 E0.11661
G1 X138.603 Y103.751 E0.11491
G1 X138.659 Y104.790 E0.11360
G1 X138.657 Y105.329 E0.05881
G1 X138.634 Y105.851 E0.05709
G1 X138.527 Y106.902 E0.11528
G1 X138.341 Y107.938 E0.11492
G1 X138.074 Y108.960 E0.11528
G1 X137.914 Y109.455 E0.05676
G1 X137.531 Y110.439 E0.11528
G1 X137.075 Y111.388 E0.11492
G1 X136.545 Y112.301 E0.11528
G1 X136.258 Y112.737 E0.05693
G1 X135.637 Y113.570 E0.11342
G1 X134.935 Y114.375 E0.11661
G1 X134.183 Y115.112 E0.11490
G1 X133.377 Y115.789 E0.11492
G1 X132.518 Y116.404 E0.11528
G1 X132.079 Y116.682 E0.05676
G1 X131.155 Y117.194 E0.11528
G1 X130.198 Y117.632 E0.11492
G1 X129.206 Y117.996 E0.11528
G1 X128.708 Y118.146 E0.05676
G1 X127.682 Y118.393 E0.11528
G1 X126.642 Y118.560 E0.11492
G1 X125.593 Y118.646 E0.11492
G1 X124.540 Y118.651 E0.11492
G1 X123.490 Y118.575 E0.11492
G1 X122.461 Y118.421 E0.11359
G1 X121.937 Y118.311 E0.05845
G1 X120.918 Y118.035 E0.11526
G1 X119.926 Y117.681 E0.11492
G1 X118.964 Y117.253 E0.11488
G1 X118.105 Y116.785 E0.10678
G1 X117.963 Y116.330 E0.05210
G1 X118.424 Y116.606 E0.05860
G1 X119.016 Y116.922 E0.07328
G1 X119.894 Y117.324 E0.10540
G1 X120.813 Y117.665 E0.10699
G1 X121.442 Y117.856 E0.07173
G1 X122.079 Y118.016 E0.07166
G1 X122.977 Y118.187 E0.09978
M204 S1000
G1 X123.562 Y118.539 F10800.000
;WIPE_START
G1 F8640.000
G1 X124.254 Y116.918 E-0.47500
;WIPE_END
G1 E-0.02500 F2400.000
G1 Z22.650 F10800.000
G1 X126.898 Y117.160
G1 Z22.250
G1 E0.50000 F2400.000
;TYPE:Solid infill
;WIDTH:0.796686
G1 F900
G1 X136.840 Y107.218 E1.84158
G1 X136.793 Y107.477 E0.03436
G1 X136.747 Y107.498 E0.00674
G1 X128.233 Y116.012 E1.57702
G1 X128.538 Y116.510 E0.07653
G1 X128.147 Y116.901 E0.07247
;WIPE_START
G1 F8640.000
G1 X128.538 Y116.510 E-0.14600
G1 X128.233 Y116.012 E-0.15418
G1 X128.702 Y115.543 E-0.17482
;WIPE_END
G1 E-0.02500 F2400.000
G1 Z22.650 F10800.000
G1 X129.093 Y116.298
G1 Z22.250
G1 E0.50000 F2400.000
;TYPE:Internal infill
;WIDTH:0.68
G1 F900
G1 X129.108 Y116.323 E0.00311
G1 X129.587 Y116.147 E0.05568
G1 X130.432 Y115.761 E0.10141
G1 X131.332 Y115.256 E0.11266
G1 X131.888 Y113.182 E0.23435
G1 X131.284 Y113.786 E0.09326
G1 X132.174 Y114.677 E0.13750
G1 X132.392 Y114.521 E0.02926
G1 X133.104 Y113.924 E0.10141
G1 X133.766 Y113.274 E0.10132
G1 X134.387 Y112.562 E0.10309
G1 X134.653 Y112.205 E0.04854
G1 X133.759 Y111.311 E0.13800
G1 X133.237 Y111.833 E0.08052
G1 X135.279 Y111.286 E0.23074
G1 X135.655 Y110.637 E0.08187
G1 X136.058 Y109.799 E0.10141
G1 X136.377 Y108.979 E0.09611
G1 X136.234 Y108.836 E0.02205
G1 X134.466 Y110.604 E0.27288
; stop printing object C:/Users/orcas/AppData/Local/Temp/Neutron/Body1.stl id:0 copy 0
;LAYER_CHANGE
;Z:22.7
;HEIGHT:0.450001
;BEFORE_LAYER_CHANGE
G92 E0.0
;22.7


;WIPE_START
G1 F8640.000
G1 X135.739 Y109.331 E-0.47500
;WIPE_END
G1 E-0.02500 F2400.000
G1 Z22.650 F10800.000
G1 Z22.700
;AFTER_LAYER_CHANGE
;22.7
; printing object C:/Users/orcas/AppData/Local/Temp/Neutron/Body1.stl id:0 copy 0
G1 Z23.100
G1 X137.434 Y106.122
G1 Z22.700
G1 E0.50000 F2400.000
M204 S800
;TYPE:Perimeter
G1 F900
G1 X137.369 Y106.758 E0.06985
G1 X137.297 Y107.207 E0.04961
G1 X137.089 Y108.150 E0.10536
G1 X136.809 Y109.075 E0.10554
G1 X136.459 Y109.975 E0.10543
G1 X136.042 Y110.842 E0.10491
G1 X135.558 Y111.677 E0.10538
G1 X135.011 Y112.472 E0.10540
G1 X134.403 Y113.225 E0.10563
G1 X134.098 Y113.561 E0.04955
G1 X133.398 Y114.248 E0.10695
G1 X132.662 Y114.866 E0.10491
G1 X131.878 Y115.428 E0.10537
G1 X131.039 Y115.935 E0.10697
G1 X130.638 Y116.148 E0.04958
G1 X129.758 Y116.550 E0.10554
G1 X128.852 Y116.883 E0.10544
G1 X127.922 Y117.145 E0.10547
G1 X126.979 Y117.334 E0.10493
G1 X126.117 Y117.438 E0.09477
G1 X137.370 Y106.185 E1.73706
M204 S1000
;WIPE_START
M73 P88 R2
M73 Q88 S2
G1 F8640.000
G1 X137.369 Y106.758 E-0.15122
G1 X137.297 Y107.207 E-0.11993
G1 X137.130 Y107.961 E-0.20385
;WIPE_END
G1 E-0.02500 F2400.000
G1 Z23.100 F10800.000
G1 X138.063 Y104.667
G1 Z22.700
G1 E0.50000 F2400.000
M204 S800
G1 F900
G1 X138.073 Y105.321 E0.07146
G1 X138.052 Y105.810 E0.05337
G1 X137.947 Y106.834 E0.11241
G1 X137.870 Y107.316 E0.05328
G1 X137.654 Y108.297 E0.10963
G1 X137.361 Y109.266 E0.11045
G1 X136.994 Y110.208 E0.11036
G1 X136.558 Y111.115 E0.10983
G1 X136.052 Y111.989 E0.11031
G1 X135.479 Y112.821 E0.11031
G1 X134.846 Y113.605 E0.10991
G1 X134.518 Y113.966 E0.05323
G1 X133.791 Y114.680 E0.11125
G1 X133.021 Y115.327 E0.10982
G1 X132.199 Y115.915 E0.11029
G1 X131.327 Y116.443 E0.11128
G1 X130.896 Y116.671 E0.05326
G1 X129.981 Y117.090 E0.10982
G1 X129.032 Y117.438 E0.11035
G1 X128.058 Y117.713 E0.11040
G1 X127.071 Y117.910 E0.10985
G1 X126.072 Y118.031 E0.10983
G1 X125.060 Y118.075 E0.11057
G1 X124.668 Y118.062 E0.04281
G1 X138.000 Y104.730 E2.05790
M204 S1000
;WIPE_START
G1 F8640.000
G1 X138.073 Y105.321 E-0.15714
G1 X138.052 Y105.810 E-0.12902
G1 X137.979 Y106.522 E-0.18884
;WIPE_END
G1 E-0.02500 F2400.000
G1 Z23.100 F10800.000
G1 X138.274 Y103.631
G1 Z22.700
G1 E0.50000 F2400.000
M204 S800
;TYPE:External perimeter
G1 F900
G1 X138.159 Y102.807 E0.09080
G1 X138.017 Y102.077 E0.08118
G1 X137.802 Y101.248 E0.09346
G1 X137.561 Y100.507 E0.08507
G1 X137.261 Y99.741 E0.08976
G1 X136.917 Y99.003 E0.08883
G1 X136.560 Y98.343 E0.08196
G1 X137.006 Y98.498 E0.05153
G1 X137.382 Y99.231 E0.09000
G1 X137.585 Y99.687 E0.05448
G1 X137.845 Y100.353 E0.07795
G1 X138.111 Y101.163 E0.09307
G1 X138.250 Y101.675 E0.05798
G1 X138.368 Y102.190 E0.05764
G1 X138.544 Y103.219 E0.11389
G1 X138.641 Y104.283 E0.11668
G1 X138.656 Y105.330 E0.11424
G1 X138.634 Y105.852 E0.05705
G1 X138.526 Y106.910 E0.11611
G1 X138.443 Y107.425 E0.05696
G1 X138.219 Y108.444 E0.11390
G1 X137.913 Y109.456 E0.11536
G1 X137.530 Y110.440 E0.11528
G1 X137.074 Y111.388 E0.11474
G1 X136.545 Y112.301 E0.11523
G1 X135.947 Y113.171 E0.11521
G1 X135.289 Y113.984 E0.11418
G1 X134.939 Y114.370 E0.05691
G1 X134.183 Y115.112 E0.11556
G1 X133.379 Y115.788 E0.11474
G1 X132.521 Y116.403 E0.11521
G1 X131.615 Y116.951 E0.11560
G1 X131.153 Y117.195 E0.05694
G1 X130.203 Y117.630 E0.11409
G1 X129.212 Y117.994 E0.11526
G1 X128.195 Y118.280 E0.11532
G1 X127.164 Y118.487 E0.11476
G1 X126.120 Y118.613 E0.11474
G1 X125.063 Y118.659 E0.11551
G1 X124.003 Y118.622 E0.11578
G1 X122.974 Y118.508 E0.11305
G1 X122.458 Y118.420 E0.05711
G1 X121.419 Y118.181 E0.11634
G1 X120.417 Y117.867 E0.11468
G1 X119.441 Y117.477 E0.11468
G1 X118.497 Y117.009 E0.11497
G1 X118.334 Y116.547 E0.05346
G1 X119.014 Y116.921 E0.08465
G1 X119.595 Y117.195 E0.07015
G1 X120.485 Y117.552 E0.10471
G1 X121.128 Y117.765 E0.07395
G1 X122.022 Y118.003 E0.10090
G1 X122.720 Y118.143 E0.07775
G1 X123.631 Y118.274 E0.10050
G1 X138.211 Y103.694 E2.25054
M204 S1000
G1 X138.839 Y103.429 F10800.000
;WIPE_START
G1 F8640.000
G1 X138.159 Y102.807 E-0.23460
G1 X138.017 Y102.077 E-0.19626
G1 X137.975 Y101.915 E-0.04414
;WIPE_END
G1 E-0.02500 F2400.000
G1 Z23.100 F10800.000
G1 X136.926 Y108.073
G1 Z22.700
G1 E0.50000 F2400.000
;TYPE:Solid infill
;WIDTH:0.692612
G1 F900
G1 X136.514 Y107.660 E0.06512
G1 X136.092 Y108.082 E0.06647
G1 X136.446 Y108.436 E0.05579
G1 X136.024 Y108.857 E0.06647
G1 X135.671 Y108.503 E0.05579
G1 X135.249 Y108.925 E0.06647
G1 X135.603 Y109.279 E0.05579
G1 X135.181 Y109.700 E0.06647
G1 X134.828 Y109.346 E0.05579
G1 X134.406 Y109.768 E0.06647
G1 X134.760 Y110.122 E0.05579
G1 X134.339 Y110.543 E0.06647
G1 X133.985 Y110.189 E0.05579
G1 X133.563 Y110.611 E0.06647
G1 X133.917 Y110.964 E0.05579
G1 X133.496 Y111.386 E0.06647
G1 X133.142 Y111.032 E0.05579
G1 X132.720 Y111.454 E0.06647
G1 X133.074 Y111.807 E0.05579
G1 X132.653 Y112.229 E0.06647
G1 X132.299 Y111.875 E0.05579
G1 X131.877 Y112.297 E0.06647
G1 X132.231 Y112.650 E0.05579
G1 X131.810 Y113.072 E0.06647
G1 X131.456 Y112.718 E0.05579
G1 X131.034 Y113.139 E0.06647
G1 X131.388 Y113.493 E0.05579
G1 X130.967 Y113.915 E0.06647
G1 X130.613 Y113.561 E0.05579
G1 X130.192 Y113.982 E0.06647
G1 X130.545 Y114.336 E0.05579
G1 X130.124 Y114.758 E0.06647
G1 X129.770 Y114.404 E0.05579
G1 X129.349 Y114.825 E0.06647
G1 X129.702 Y115.179 E0.05579
G1 X129.281 Y115.601 E0.06647
G1 X128.927 Y115.247 E0.05579
G1 X128.506 Y115.668 E0.06647
G1 X128.859 Y116.022 E0.05579
G1 X128.475 Y116.406 E0.06063
G1 X128.542 Y116.516 E0.01427
G1 X128.517 Y116.523 E0.00286
G1 X128.084 Y116.090 E0.06827
G1 X127.663 Y116.511 E0.06647
G1 X128.072 Y116.921 E0.06459
;WIPE_START
G1 F8640.000
G1 X127.663 Y116.511 E-0.15285
G1 X128.084 Y116.090 E-0.15729
G1 X128.517 Y116.523 E-0.16156
G1 X128.529 Y116.519 E-0.00330
;WIPE_END
G1 E-0.02500 F2400.000
G1 Z23.100 F10800.000
G1 X130.212 Y115.494
G1 Z22.700
G1 E0.50000 F2400.000
;TYPE:Internal infill
;WIDTH:0.68
G1 F900
G1 X129.544 Y116.162 E0.10310
G1 X130.444 Y115.755 E0.10783
G1 X130.942 Y115.483 E0.06191
G1 X131.205 Y114.502 E0.11088
G1 X131.827 Y113.880 E0.09601
G1 X132.434 Y114.486 E0.09367
G1 X133.104 Y113.923 E0.09555
G1 X133.782 Y113.258 E0.10372
M73 Q89 S2
G1 X134.225 Y112.749 E0.07358
;WIPE_START
G1 F8640.000
G1 X133.782 Y113.258 E-0.17789
G1 X133.104 Y113.923 E-0.25075
G1 X132.969 Y114.036 E-0.04636
;WIPE_END
G1 E-0.02500 F2400.000
G1 Z23.100 F10800.000
M73 P89 R2
G1 X132.033 Y113.673
G1 Z22.700
G1 E0.50000 F2400.000
G1 F900
G1 X133.657 Y112.050 E0.25062
G1 X135.022 Y111.684 E0.15429
G1 X134.843 Y111.945 E0.03455
G1 X134.302 Y111.404 E0.08342
G1 X136.070 Y109.637 E0.27288
; stop printing object C:/Users/orcas/AppData/Local/Temp/Neutron/Body1.stl id:0 copy 0
;LAYER_CHANGE
;Z:23.15
;HEIGHT:0.449999
;BEFORE_LAYER_CHANGE
G92 E0.0
;23.15


;WIPE_START
G1 F8640.000
G1 X134.797 Y110.909 E-0.47500
;WIPE_END
G1 E-0.02500 F2400.000
G1 Z23.100 F10800.000
G1 Z23.150
;AFTER_LAYER_CHANGE
;23.15
; printing object C:/Users/orcas/AppData/Local/Temp/Neutron/Body1.stl id:0 copy 0
G1 Z23.550
G1 X137.351 Y106.840
G1 Z23.150
G1 E0.50000 F2400.000
M204 S800
;TYPE:Perimeter
G1 F900
G1 X137.202 Y107.679 E0.09301
G1 X136.955 Y108.625 E0.10671
G1 X136.643 Y109.528 E0.10432
G1 X136.253 Y110.423 E0.10654
G1 X135.808 Y111.266 E0.10400
G1 X135.571 Y111.658 E0.05008
G1 X135.011 Y112.472 E0.10782
G1 X134.398 Y113.229 E0.10629
G1 X133.754 Y113.911 E0.10244
G1 X133.020 Y114.577 E0.10816
G1 X132.253 Y115.171 E0.10591
G1 X131.874 Y115.431 E0.05015
G1 X131.074 Y115.915 E0.10209
G1 X130.186 Y116.364 E0.10853
G1 X129.302 Y116.727 E0.10438
G1 X128.392 Y117.022 E0.10440
G1 X127.440 Y117.251 E0.10692
G1 X126.846 Y117.346 E0.06562
G1 X137.288 Y106.904 E1.61186
M204 S1000
;WIPE_START
G1 F8640.000
G1 X137.202 Y107.679 E-0.20584
G1 X136.955 Y108.625 E-0.25799
G1 X136.941 Y108.665 E-0.01117
;WIPE_END
G1 E-0.02500 F2400.000
G1 Z23.550 F10800.000
G1 X138.073 Y105.294
G1 Z23.150
G1 E0.50000 F2400.000
M204 S800
G1 F900
G1 X138.049 Y105.838 E0.05947
G1 X137.953 Y106.791 E0.10459
G1 X137.772 Y107.804 E0.11227
G1 X137.514 Y108.794 E0.11169
G1 X137.187 Y109.740 E0.10925
G1 X136.780 Y110.676 E0.11145
G1 X136.316 Y111.553 E0.10825
G1 X136.061 Y111.975 E0.05376
G1 X135.479 Y112.821 E0.11217
G1 X134.838 Y113.613 E0.11120
G1 X134.163 Y114.329 E0.10735
G1 X133.395 Y115.025 E0.11311
G1 X132.597 Y115.643 E0.11024
G1 X132.190 Y115.922 E0.05380
G1 X131.357 Y116.426 E0.10631
G1 X130.429 Y116.895 E0.11345
G1 X129.503 Y117.276 E0.10931
G1 X128.550 Y117.584 E0.10932
G1 X127.554 Y117.823 E0.11186
G1 X126.565 Y117.981 E0.10934
G1 X125.536 Y118.064 E0.11260
G1 X125.302 Y118.064 E0.02558
G1 X138.009 Y105.357 E1.96152
M204 S1000
;WIPE_START
G1 F8640.000
G1 X138.049 Y105.838 E-0.12730
G1 X137.953 Y106.791 E-0.25286
G1 X137.890 Y107.145 E-0.09484
;WIPE_END
G1 E-0.02500 F2400.000
G1 Z23.550 F10800.000
G1 X138.322 Y104.219
G1 Z23.150
G1 E0.50000 F2400.000
M204 S800
;TYPE:External perimeter
G1 F900
G1 X138.240 Y103.365 E0.09362
G1 X138.085 Y102.400 E0.10675
G1 X137.931 Y101.721 E0.07596
G1 X137.669 Y100.819 E0.10258
G1 X137.459 Y100.229 E0.06828
G1 X137.196 Y99.594 E0.07507
G1 X136.780 Y98.740 E0.10364
G1 X137.216 Y98.901 E0.05070
G1 X137.597 Y99.715 E0.09811
G1 X137.848 Y100.360 E0.07556
G1 X138.104 Y101.139 E0.08945
G1 X138.261 Y101.721 E0.06578
G1 X138.455 Y102.647 E0.10330
G1 X138.605 Y103.770 E0.12372
G1 X138.658 Y104.783 E0.11068
G1 X138.656 Y105.349 E0.06179
G1 X138.632 Y105.881 E0.05811
G1 X138.531 Y106.872 E0.10877
G1 X138.342 Y107.929 E0.11718
G1 X138.073 Y108.963 E0.11667
G1 X137.731 Y109.952 E0.11419
G1 X137.306 Y110.930 E0.11635
G1 X136.824 Y111.841 E0.11251
G1 X136.551 Y112.291 E0.05744
G1 X135.947 Y113.171 E0.11652
G1 X135.277 Y113.998 E0.11612
G1 X134.571 Y114.746 E0.11225
G1 X133.770 Y115.472 E0.11805
G1 X132.940 Y116.115 E0.11456
G1 X132.506 Y116.412 E0.05745
G1 X131.640 Y116.937 E0.11054
G1 X130.672 Y117.426 E0.11838
G1 X129.704 Y117.824 E0.11424
G1 X128.708 Y118.146 E0.11423
G1 X127.668 Y118.396 E0.11680
G1 X126.634 Y118.561 E0.11430
G1 X125.560 Y118.647 E0.11756
G1 X124.508 Y118.650 E0.11489
G1 X123.970 Y118.620 E0.05876
G1 X123.005 Y118.512 E0.10599
G1 X121.941 Y118.312 E0.11824
G1 X120.869 Y118.019 E0.12124
G1 X119.785 Y117.624 E0.12598
G1 X118.899 Y117.215 E0.10647
G1 X118.731 Y116.770 E0.05186
G1 X119.295 Y117.058 E0.06907
G1 X120.023 Y117.376 E0.08667
G1 X120.814 Y117.665 E0.09195
G1 X121.533 Y117.881 E0.08197
G1 X122.397 Y118.083 E0.09690
G1 X123.365 Y118.239 E0.10702
G1 X124.220 Y118.321 E0.09374
G1 X138.259 Y104.283 E2.16700
M204 S1000
G1 X138.893 Y104.033 F10800.000
;WIPE_START
G1 F8640.000
G1 X138.240 Y103.365 E-0.24215
G1 X138.100 Y102.494 E-0.23285
;WIPE_END
G1 E-0.02500 F2400.000
G1 Z23.550 F10800.000
G1 X134.282 Y112.061
G1 Z23.150
G1 E0.50000 F2400.000
;TYPE:Internal infill
M73 Q90 S2
G1 F900
G1 X134.845 Y111.498 E0.08692
G1 X135.026 Y111.678 E0.02786
G1 X134.744 Y112.088 E0.05429
G1 X134.076 Y112.267 E0.07548
M73 P90 R2
G1 X132.370 Y113.973 E0.26334
G1 X132.682 Y114.285 E0.04820
G1 X131.995 Y114.817 E0.09490
G1 X131.392 Y115.211 E0.07861
G1 X131.280 Y115.063 E0.02028
G1 X131.792 Y114.551 E0.07907
;WIPE_START
G1 F8640.000
G1 X131.280 Y115.063 E-0.19115
G1 X131.392 Y115.211 E-0.04903
G1 X131.995 Y114.817 E-0.19004
G1 X132.129 Y114.714 E-0.04478
;WIPE_END
G1 E-0.02500 F2400.000
G1 Z23.550 F10800.000
G1 X128.993 Y116.644
G1 Z23.150
G1 E0.50000 F2400.000
;TYPE:Solid infill
;WIDTH:0.680551
G1 F900
G1 X136.210 Y109.427 E1.11509
G1 X136.536 Y108.498 E0.10754
G1 X136.615 Y108.196 E0.03411
G1 X128.548 Y116.263 E1.24642
G1 X128.462 Y116.458 F10800.000
;TYPE:Gap fill
;WIDTH:0.4588
G1 F900
G1 X127.826 Y116.847 E0.05054
; stop printing object C:/Users/orcas/AppData/Local/Temp/Neutron/Body1.stl id:0 copy 0
;LAYER_CHANGE
;Z:23.6
;HEIGHT:0.450001
;BEFORE_LAYER_CHANGE
G92 E0.0
;23.6


;WIPE_START
G1 F8640.000
G1 X128.462 Y116.458 E-0.19681
;WIPE_END
G1 E-0.30319 F2400.000
G1 Z23.550 F10800.000
G1 Z23.600
;AFTER_LAYER_CHANGE
;23.6
; printing object C:/Users/orcas/AppData/Local/Temp/Neutron/Body1.stl id:0 copy 0
G1 Z24.000
G1 X127.621 Y117.207
G1 Z23.600
G1 E0.50000 F2400.000
M204 S800
;TYPE:Perimeter
;WIDTH:0.68
G1 F900
G1 X137.205 Y107.623 E1.47944
G1 X137.088 Y108.154 E0.05934
G1 X136.812 Y109.065 E0.10393
G1 X136.454 Y109.985 E0.10773
G1 X136.042 Y110.841 E0.10376
G1 X135.549 Y111.691 E0.10723
G1 X134.990 Y112.500 E0.10731
G1 X134.420 Y113.205 E0.09894
G1 X134.110 Y113.548 E0.05057
G1 X133.400 Y114.246 E0.10864
G1 X132.672 Y114.858 E0.10374
G1 X131.874 Y115.430 E0.10724
G1 X131.061 Y115.923 E0.10377
G1 X130.181 Y116.366 E0.10754
G1 X129.300 Y116.728 E0.10396
G1 X128.395 Y117.021 E0.10387
G1 X127.708 Y117.186 E0.07702
M204 S1000
;WIPE_START
G1 F8640.000
G1 X128.977 Y115.909 E-0.47500
;WIPE_END
G1 E-0.02500 F2400.000
G1 Z24.000 F10800.000
G1 X125.973 Y118.030
G1 Z23.600
G1 E0.50000 F2400.000
M204 S800
G1 F900
G1 X138.032 Y105.971 E1.86150
G1 X138.012 Y106.296 E0.03556
G1 X137.867 Y107.328 E0.11380
G1 X137.653 Y108.301 E0.10874
G1 X137.364 Y109.256 E0.10883
G1 X136.990 Y110.218 E0.11267
G1 X136.558 Y111.115 E0.10870
G1 X136.042 Y112.004 E0.11221
G1 X135.457 Y112.849 E0.11220
G1 X134.864 Y113.584 E0.10308
G1 X134.531 Y113.952 E0.05421
G1 X133.793 Y114.678 E0.11300
G1 X133.031 Y115.319 E0.10867
G1 X132.196 Y115.918 E0.11217
G1 X131.344 Y116.434 E0.10871
G1 X130.424 Y116.898 E0.11248
G1 X129.501 Y117.276 E0.10886
G1 X128.553 Y117.583 E0.10879
G1 X127.544 Y117.825 E0.11327
G1 X126.558 Y117.982 E0.10897
G1 X126.063 Y118.022 E0.05420
M204 S1000
;WIPE_START
G1 F8640.000
G1 X127.331 Y116.745 E-0.47500
;WIPE_END
G1 E-0.02500 F2400.000
G1 Z24.000 F10800.000
G1 X124.835 Y118.343
G1 Z23.600
G1 E0.50000 F2400.000
M204 S800
;TYPE:External perimeter
G1 F900
G1 X138.344 Y104.833 E2.08544
G1 X138.305 Y104.017 E0.08926
G1 X138.197 Y103.044 E0.10678
G1 X138.052 Y102.242 E0.08900
G1 X137.858 Y101.444 E0.08960
G1 X137.649 Y100.758 E0.07829
G1 X137.326 Y99.896 E0.10045
G1 X136.979 Y99.138 E0.09106
G1 X137.414 Y99.313 E0.05121
G1 X137.760 Y100.122 E0.09599
G1 X138.096 Y101.114 E0.11436
G1 X138.374 Y102.218 E0.12428
G1 X138.536 Y103.168 E0.10512
G1 X138.599 Y103.717 E0.06041
G1 X138.659 Y104.823 E0.12087
G1 X138.655 Y105.362 E0.05878
G1 X138.593 Y106.355 E0.10858
G1 X138.442 Y107.432 E0.11872
G1 X138.218 Y108.449 E0.11367
G1 X137.916 Y109.446 E0.11374
G1 X137.525 Y110.450 E0.11761
G1 X137.074 Y111.388 E0.11364
G1 X136.535 Y112.317 E0.11719
G1 X135.925 Y113.199 E0.11708
G1 X135.308 Y113.963 E0.10722
G1 X134.952 Y114.356 E0.05786
G1 X134.186 Y115.110 E0.11735
G1 X133.389 Y115.780 E0.11360
G1 X132.517 Y116.405 E0.11710
G1 X131.627 Y116.944 E0.11364
G1 X130.666 Y117.429 E0.11742
G1 X129.702 Y117.825 E0.11376
G1 X128.711 Y118.146 E0.11371
G1 X127.658 Y118.398 E0.11823
G1 X126.627 Y118.562 E0.11387
G1 X125.588 Y118.646 E0.11379
G1 X124.548 Y118.652 E0.11355
G1 X123.445 Y118.570 E0.12077
G1 X122.411 Y118.411 E0.11410
M73 Q91 S2
G1 X121.395 Y118.174 E0.11388
G1 X120.404 Y117.862 E0.11347
M73 P91 R2
G1 X119.779 Y117.621 E0.07303
G1 X119.314 Y117.416 E0.05547
G1 X119.138 Y116.977 E0.05167
G1 X119.893 Y117.323 E0.09072
G1 X120.812 Y117.665 E0.10698
G1 X121.443 Y117.856 E0.07195
G1 X122.394 Y118.082 E0.10679
G1 X123.044 Y118.195 E0.07197
G1 X124.017 Y118.303 E0.10682
G1 X124.745 Y118.339 E0.07955
M204 S1000
G1 X125.346 Y118.657 F10800.000
;WIPE_START
G1 F8640.000
G1 X126.022 Y117.070 E-0.47500
;WIPE_END
G1 E-0.02500 F2400.000
G1 Z24.000 F10800.000
G1 X136.334 Y109.812
G1 Z23.600
G1 E0.50000 F2400.000
;TYPE:Solid infill
;WIDTH:0.712162
G1 F900
G1 X135.984 Y109.462 E0.05695
G1 X135.549 Y109.898 E0.07090
G1 X135.861 Y110.209 E0.05078
G1 X135.568 Y110.787 E0.07459
G1 X135.114 Y110.333 E0.07396
G1 X134.678 Y110.768 E0.07090
G1 X135.248 Y111.338 E0.09276
G1 X134.900 Y111.860 E0.07231
G1 X134.243 Y111.204 E0.10696
G1 X133.808 Y111.639 E0.07090
G1 X134.535 Y112.366 E0.11845
G1 X134.146 Y112.848 E0.07130
G1 X133.373 Y112.074 E0.12599
G1 X132.937 Y112.509 E0.07090
G1 X133.733 Y113.305 E0.12960
G1 X133.294 Y113.737 E0.07090
G1 X132.502 Y112.945 E0.12899
G1 X132.067 Y113.380 E0.07090
G1 X132.836 Y114.149 E0.12524
G1 X132.360 Y114.544 E0.07120
G1 X131.631 Y113.815 E0.11864
G1 X131.196 Y114.251 E0.07090
G1 X131.853 Y114.907 E0.10696
G1 X131.326 Y115.251 E0.07245
G1 X130.761 Y114.686 E0.09203
G1 X130.326 Y115.121 E0.07090
G1 X130.779 Y115.575 E0.07390
G1 X130.200 Y115.867 E0.07465
G1 X129.890 Y115.556 E0.05053
G1 X129.455 Y115.992 E0.07090
G1 X129.798 Y116.335 E0.05585
; stop printing object C:/Users/orcas/AppData/Local/Temp/Neutron/Body1.stl id:0 copy 0
;LAYER_CHANGE
;Z:24.05
;HEIGHT:0.449999
;BEFORE_LAYER_CHANGE
G92 E0.0
;24.05


;WIPE_START
G1 F8640.000
G1 X129.455 Y115.992 E-0.12796
G1 X129.890 Y115.556 E-0.16245
G1 X130.200 Y115.867 E-0.11577
G1 X130.433 Y115.749 E-0.06881
;WIPE_END
G1 E-0.02500 F2400.000
G1 Z24.000 F10800.000
G1 Z24.050
;AFTER_LAYER_CHANGE
;24.05
; printing object C:/Users/orcas/AppData/Local/Temp/Neutron/Body1.stl id:0 copy 0
G1 Z24.450
G1 X128.475 Y116.990
G1 Z24.050
G1 E0.50000 F2400.000
M204 S800
;TYPE:Perimeter
;WIDTH:0.68
G1 F900
G1 X136.994 Y108.471 E1.31502
G1 X136.830 Y109.011 E0.06161
G1 X136.470 Y109.948 E0.10952
G1 X136.041 Y110.844 E0.10848
G1 X135.567 Y111.662 E0.10323
G1 X135.006 Y112.478 E0.10809
G1 X134.382 Y113.247 E0.10810
G1 X133.762 Y113.904 E0.09858
G1 X133.028 Y114.570 E0.10815
G1 X132.282 Y115.150 E0.10317
G1 X131.453 Y115.696 E0.10828
G1 X130.624 Y116.154 E0.10342
G1 X129.763 Y116.548 E0.10335
G1 X128.825 Y116.891 E0.10905
G1 X128.561 Y116.965 E0.02990
M204 S1000
;WIPE_START
G1 F8640.000
G1 X129.829 Y115.688 E-0.47500
;WIPE_END
G1 E-0.02500 F2400.000
G1 Z24.450 F10800.000
G1 X126.682 Y117.958
G1 Z24.050
G1 E0.50000 F2400.000
M204 S800
G1 F900
G1 X137.964 Y106.675 E1.74159
G1 X137.761 Y107.853 E0.13048
G1 X137.641 Y108.344 E0.05517
G1 X137.382 Y109.200 E0.09761
G1 X137.007 Y110.179 E0.11440
G1 X136.557 Y111.116 E0.11351
G1 X136.061 Y111.974 E0.10818
G1 X135.474 Y112.828 E0.11309
G1 X134.821 Y113.632 E0.11303
G1 X134.171 Y114.321 E0.10341
G1 X133.404 Y115.017 E0.11305
G1 X132.622 Y115.625 E0.10811
G1 X131.755 Y116.195 E0.11323
G1 X130.887 Y116.675 E0.10831
G1 X129.985 Y117.088 E0.10826
G1 X129.004 Y117.447 E0.11401
G1 X128.048 Y117.715 E0.10843
G1 X127.074 Y117.910 E0.10841
G1 X126.771 Y117.947 E0.03331
M204 S1000
;WIPE_START
G1 F8640.000
G1 X128.039 Y116.669 E-0.47500
;WIPE_END
G1 E-0.02500 F2400.000
G1 Z24.450 F10800.000
G1 X125.479 Y118.335
G1 Z24.050
G1 E0.50000 F2400.000
M204 S800
;TYPE:External perimeter
G1 F900
G1 X138.336 Y105.478 E1.98476
G1 X138.337 Y104.670 E0.08810
G1 X138.277 Y103.693 E0.10685
G1 X138.156 Y102.786 E0.09994
G1 X138.017 Y102.078 E0.07872
G1 X137.822 Y101.315 E0.08599
G1 X137.562 Y100.507 E0.09264
G1 X137.180 Y99.559 E0.11156
G1 X137.604 Y99.740 E0.05032
G1 X137.962 Y100.687 E0.11055
G1 X138.134 Y101.244 E0.06361
G1 X138.350 Y102.108 E0.09721
G1 X138.461 Y102.679 E0.06343
G1 X138.606 Y103.796 E0.12302
G1 X138.657 Y104.746 E0.10387
G1 X138.633 Y105.862 E0.12181
G1 X138.528 Y106.893 E0.11308
G1 X138.332 Y107.975 E0.12002
G1 X138.204 Y108.498 E0.05882
G1 X137.935 Y109.390 E0.10165
G1 X137.543 Y110.410 E0.11928
G1 X137.073 Y111.389 E0.11855
G1 X136.554 Y112.286 E0.11313
G1 X135.941 Y113.178 E0.11809
G1 X135.260 Y114.017 E0.11796
G1 X134.579 Y114.738 E0.10824
G1 X133.780 Y115.464 E0.11795
G1 X132.962 Y116.099 E0.11306
G1 X132.057 Y116.695 E0.11817
G1 X131.150 Y117.197 E0.11320
G1 X130.207 Y117.628 E0.11316
G1 X129.184 Y118.003 E0.11897
G1 X128.184 Y118.283 E0.11333
G1 X127.166 Y118.486 E0.11326
G1 X126.138 Y118.611 E0.11303
G1 X125.029 Y118.659 E0.12121
G1 X123.991 Y118.622 E0.11335
G1 X122.960 Y118.506 E0.11332
G1 X122.396 Y118.408 E0.06247
G1 X121.819 Y118.282 E0.06437
G1 X120.794 Y117.994 E0.11632
G1 X119.741 Y117.603 E0.12262
G1 X119.558 Y117.178 E0.05047
M73 Q92 S2
G1 X120.492 Y117.555 E0.10991
G1 X121.127 Y117.765 E0.07306
M73 P92 R2
G1 X122.036 Y118.006 E0.10266
G1 X122.720 Y118.143 E0.07609
G1 X123.692 Y118.275 E0.10706
G1 X124.671 Y118.335 E0.10705
G1 X125.389 Y118.335 E0.07840
M204 S1000
G1 X125.995 Y118.641 F10800.000
;WIPE_START
G1 F8640.000
G1 X126.666 Y117.067 E-0.47500
;WIPE_END
G1 E-0.02500 F2400.000
G1 Z24.450 F10800.000
G1 X129.710 Y116.215
G1 Z24.050
G1 E0.50000 F2400.000
;TYPE:Gap fill
;WIDTH:0.226116
G1 F900
G1 X129.826 Y116.134 E0.00344
;WIDTH:0.274061
G1
G1 X129.943 Y116.052 E0.00472
;WIDTH:0.322006
G1
G1 X130.060 Y115.971 E0.00599
;WIDTH:0.369951
G1
G1 X130.176 Y115.890 E0.00726
;WIDTH:0.417896
G1
G1 X130.293 Y115.809 E0.00854
;WIDTH:0.465841
G1
G1 X130.410 Y115.728 E0.00981
;WIDTH:0.501386
G1
G1 X130.599 Y115.586 E0.01797
;WIDTH:0.536932
G1
G1 X130.789 Y115.443 E0.01955
G1 X130.865 Y115.253 F10800.000
;TYPE:Solid infill
;WIDTH:0.729006
G1 F900
G1 X135.057 Y111.060 E0.70154
G1 X135.301 Y111.248 E0.03642
G1 X135.197 Y111.428 E0.02468
G1 X134.655 Y112.216 E0.11311
G1 X134.053 Y112.959 E0.11317
G1 X131.666 Y115.346 E0.39937
;WIPE_START
G1 F8640.000
G1 X132.939 Y114.073 E-0.47500
;WIPE_END
G1 E-0.02500 F2400.000
G1 Z24.450 F10800.000
G1 X135.436 Y110.800
G1 Z24.050
G1 E0.50000 F2400.000
;TYPE:Gap fill
;WIDTH:0.399445
G1 F900
G1 X135.908 Y110.150 E0.04551
;WIDTH:0.211988
G1
G1 X136.216 Y109.707 E0.01165
; stop printing object C:/Users/orcas/AppData/Local/Temp/Neutron/Body1.stl id:0 copy 0
;LAYER_CHANGE
;Z:24.5
;HEIGHT:0.450001
;BEFORE_LAYER_CHANGE
G92 E0.0
;24.5


;WIPE_START
G1 F8640.000
G1 X135.908 Y110.150 E-0.14234
;WIPE_END
G1 E-0.35766 F2400.000
G1 Z24.450 F10800.000
G1 Z24.500
;AFTER_LAYER_CHANGE
;24.5
; printing object C:/Users/orcas/AppData/Local/Temp/Neutron/Body1.stl id:0 copy 0
G1 Z24.900
G1 X136.680 Y109.421
G1 Z24.500
G1 E0.50000 F2400.000
M204 S800
;TYPE:Perimeter
;WIDTH:0.68
G1 F900
G1 X136.267 Y110.394 E0.11539
G1 X135.798 Y111.281 E0.10952
G1 X135.293 Y112.078 E0.10295
M73 P92 R1
M73 Q92 S1
G1 X134.731 Y112.834 E0.10285
G1 X134.112 Y113.545 E0.10296
G1 X133.433 Y114.215 E0.10406
G1 X132.994 Y114.599 E0.06371
G1 X132.285 Y115.148 E0.09784
G1 X131.448 Y115.699 E0.10936
G1 X130.623 Y116.155 E0.10291
G1 X129.766 Y116.547 E0.10283
G1 X129.432 Y116.669 E0.03886
G1 X136.616 Y109.485 E1.10902
M204 S1000
;WIPE_START
G1 F8640.000
G1 X136.267 Y110.394 E-0.25710
G1 X135.881 Y111.124 E-0.21790
;WIPE_END
G1 E-0.02500 F2400.000
G1 Z24.900 F10800.000
G1 X137.838 Y107.437
G1 Z24.500
G1 E0.50000 F2400.000
M204 S800
G1 F900
G1 X137.777 Y107.783 E0.03834
G1 X137.509 Y108.809 E0.11575
G1 X137.186 Y109.741 E0.10766
G1 X136.794 Y110.647 E0.10778
G1 X136.303 Y111.574 E0.11447
G1 X135.774 Y112.409 E0.10783
G1 X135.185 Y113.200 E0.10767
G1 X134.537 Y113.945 E0.10779
G1 X133.831 Y114.643 E0.10844
G1 X133.364 Y115.050 E0.06755
G1 X132.624 Y115.623 E0.10215
G1 X131.750 Y116.199 E0.11426
G1 X130.886 Y116.676 E0.10780
G1 X129.988 Y117.087 E0.10773
G1 X128.997 Y117.449 E0.11521
G1 X128.044 Y117.716 E0.10795
G1 X127.439 Y117.837 E0.06743
G1 X137.775 Y107.501 E1.59553
M204 S1000
;WIPE_START
G1 F8640.000
G1 X137.777 Y107.783 E-0.07447
G1 X137.509 Y108.809 E-0.27984
G1 X137.359 Y109.241 E-0.12070
;WIPE_END
G1 E-0.02500 F2400.000
G1 Z24.900 F10800.000
G1 X138.294 Y106.157
G1 Z24.500
G1 E0.50000 F2400.000
M204 S800
;TYPE:External perimeter
G1 F900
G1 X138.337 Y105.326 E0.09085
G1 X138.325 Y104.346 E0.10694
G1 X138.241 Y103.368 E0.10712
G1 X138.085 Y102.399 E0.10714
G1 X137.859 Y101.446 E0.10695
G1 X137.656 Y100.779 E0.07604
G1 X137.357 Y99.978 E0.09333
G1 X137.773 Y100.172 E0.05010
G1 X138.082 Y101.069 E0.10354
G1 X138.345 Y102.084 E0.11445
G1 X138.460 Y102.670 E0.06519
G1 X138.546 Y103.242 E0.06316
G1 X138.644 Y104.376 E0.12422
G1 X138.656 Y105.304 E0.10126
G1 X138.638 Y105.766 E0.05053
G1 X138.528 Y106.891 E0.12337
G1 X138.347 Y107.908 E0.11275
G1 X138.068 Y108.979 E0.12074
G1 X137.730 Y109.953 E0.11257
G1 X137.320 Y110.900 E0.11267
G1 X136.808 Y111.867 E0.11942
G1 X136.256 Y112.739 E0.11271
G1 X135.640 Y113.566 E0.11249
G1 X134.963 Y114.344 E0.11261
G1 X134.228 Y115.071 E0.11282
G1 X133.735 Y115.501 E0.07139
G1 X132.964 Y116.098 E0.10646
G1 X132.052 Y116.698 E0.11917
G1 X131.148 Y117.197 E0.11268
G1 X130.210 Y117.627 E0.11263
G1 X129.176 Y118.005 E0.12019
G1 X128.180 Y118.284 E0.11285
G1 X127.167 Y118.486 E0.11276
G1 X126.145 Y118.611 E0.11247
G1 X125.018 Y118.659 E0.12311
G1 X123.984 Y118.621 E0.11287
G1 X122.961 Y118.506 E0.11245
G1 X121.957 Y118.315 E0.11155
G1 X120.986 Y118.055 E0.10967
G1 X120.175 Y117.773 E0.09374
G1 X119.986 Y117.359 E0.04966
G1 X120.813 Y117.665 E0.09626
G1 X121.755 Y117.939 E0.10704
G1 X122.488 Y118.101 E0.08195
G1 X123.366 Y118.239 E0.09701
G1 X124.345 Y118.323 E0.10720
G1 X125.326 Y118.336 E0.10710
G1 X126.158 Y118.292 E0.09098
G1 X138.230 Y106.221 E1.86346
M204 S1000
G1 X138.880 Y106.028 F10800.000
;WIPE_START
G1 F8640.000
G1 X138.337 Y105.326 E-0.23781
G1 X138.326 Y104.427 E-0.23719
;WIPE_END
G1 E-0.02500 F2400.000
G1 Z24.900 F10800.000
G1 X135.594 Y110.968
G1 Z24.500
G1 E0.50000 F2400.000
;TYPE:Gap fill
;WIDTH:0.216425
G1 F900
G1 X135.493 Y111.105 E0.00380
;WIDTH:0.256902
G1
G1 X135.379 Y111.248 E0.00551
;WIDTH:0.297378
G1
G1 X135.264 Y111.391 E0.00690
;WIDTH:0.337855
G1
G1 X135.149 Y111.535 E0.00829
;WIDTH:0.378331
G1
G1 X135.035 Y111.678 E0.00968
;WIDTH:0.418807
G1
G1 X134.920 Y111.821 E0.01107
;WIDTH:0.462734
G1
G1 X134.722 Y112.050 E0.02073
;WIDTH:0.506658
G1
G1 X134.524 Y112.279 E0.02322
;WIDTH:0.550583
G1
G1 X134.326 Y112.508 E0.02570
;WIDTH:0.582026
G1
G1 X134.018 Y112.838 E0.04102
;WIDTH:0.613469
G1
G1 X133.710 Y113.169 E0.04368
;WIDTH:0.613469
G1
G1 X133.061 Y113.814 E0.08854
;WIDTH:0.607853
M73 Q93 S1
G1
G1 X132.658 Y114.191 E0.05276
;WIDTH:0.570452
G1
G1 X132.441 Y114.381 E0.02554
;WIDTH:0.533987
G1
G1 X132.225 Y114.572 E0.02358
;WIDTH:0.497522
G1
G1 X132.009 Y114.762 E0.02161
;WIDTH:0.461057
G1
G1 X131.820 Y114.916 E0.01661
;WIDTH:0.411671
M73 P93 R1
G1
G1 X131.631 Y115.070 E0.01436
;WIDTH:0.362286
G1
G1 X131.443 Y115.224 E0.01211
;WIDTH:0.3129
G1
G1 X131.254 Y115.377 E0.00986
;WIDTH:0.263514
G1
G1 X131.116 Y115.481 E0.00540
;WIDTH:0.220843
G1
G1 X130.977 Y115.585 E0.00402
; stop printing object C:/Users/orcas/AppData/Local/Temp/Neutron/Body1.stl id:0 copy 0
;LAYER_CHANGE
;Z:24.95
;HEIGHT:0.450001
;BEFORE_LAYER_CHANGE
G92 E0.0
;24.95


;WIPE_START
G1 F8640.000
G1 X131.116 Y115.481 E-0.04563
;WIPE_END
G1 E-0.45437 F2400.000
G1 Z24.900 F10800.000
G1 Z24.950
;AFTER_LAYER_CHANGE
;24.95
; printing object C:/Users/orcas/AppData/Local/Temp/Neutron/Body1.stl id:0 copy 0
G1 X130.548 Y116.189
G1 E0.50000 F2400.000
M204 S800
;TYPE:Perimeter
;WIDTH:0.68
G1 F900
G1 X136.178 Y110.559 E0.86915
G1 X136.041 Y110.843 E0.03445
G1 X135.571 Y111.655 E0.10236
G1 X135.001 Y112.485 E0.10991
G1 X134.367 Y113.264 E0.10968
G1 X133.722 Y113.943 E0.10225
G1 X133.026 Y114.573 E0.10242
G1 X132.284 Y115.148 E0.10243
G1 X131.504 Y115.665 E0.10222
G1 X130.629 Y116.151 E0.10920
M204 S1000
;WIPE_START
G1 F8640.000
G1 X131.897 Y114.873 E-0.47500
;WIPE_END
G1 E-0.02500 F2400.000
G1 Z25.350 F10800.000
G1 X128.476 Y117.604
G1 Z24.950
G1 E0.50000 F2400.000
M204 S800
G1 F900
G1 X128.256 Y117.656 E0.02475
G1 X137.665 Y108.247 E1.45243
G1 X137.369 Y109.241 E0.11315
G1 X136.983 Y110.232 E0.11612
G1 X136.557 Y111.116 E0.10714
G1 X136.065 Y111.967 E0.10723
G1 X135.469 Y112.835 E0.11496
G1 X134.805 Y113.650 E0.11471
G1 X134.129 Y114.361 E0.10711
G1 X133.401 Y115.020 E0.10722
G1 X132.625 Y115.622 E0.10723
G1 X131.807 Y116.164 E0.10710
G1 X130.882 Y116.678 E0.11545
G1 X130.055 Y117.058 E0.09933
G1 X129.424 Y117.304 E0.07395
G1 X128.562 Y117.577 E0.09868
M204 S1000
;WIPE_START
G1 F8640.000
G1 X128.256 Y117.656 E-0.08353
G1 X129.305 Y116.607 E-0.39147
;WIPE_END
G1 E-0.02500 F2400.000
G1 Z25.350 F10800.000
G1 X126.877 Y118.209
G1 Z24.950
G1 E0.50000 F2400.000
M204 S800
;TYPE:External perimeter
G1 F900
G1 X138.211 Y106.876 E1.74948
G1 X138.305 Y105.980 E0.09831
G1 X138.341 Y105.002 E0.10686
G1 X138.319 Y104.249 E0.08228
G1 X138.241 Y103.368 E0.09645
G1 X138.085 Y102.400 E0.10709
G1 X137.858 Y101.444 E0.10716
G1 X137.527 Y100.421 E0.11740
G1 X137.935 Y100.621 E0.04956
G1 X138.148 Y101.294 E0.07701
G1 X138.339 Y102.057 E0.08590
G1 X138.458 Y102.662 E0.06724
G1 X138.547 Y103.250 E0.06496
G1 X138.608 Y103.826 E0.06320
G1 X138.656 Y104.717 E0.09738
G1 X138.656 Y105.291 E0.06272
G1 X138.585 Y106.430 E0.12458
G1 X138.440 Y107.444 E0.11177
G1 X138.218 Y108.447 E0.11212
G1 X137.921 Y109.431 E0.11221
G1 X137.519 Y110.465 E0.12110
G1 X137.073 Y111.390 E0.11203
G1 X136.559 Y112.279 E0.11211
G1 X135.936 Y113.185 E0.12001
G1 X135.244 Y114.035 E0.11974
G1 X134.537 Y114.779 E0.11196
G1 X133.776 Y115.468 E0.11202
G1 X132.965 Y116.097 E0.11203
G1 X132.110 Y116.663 E0.11197
G1 X131.146 Y117.199 E0.12035
G1 X130.283 Y117.595 E0.10367
G1 X129.618 Y117.854 E0.07789
G1 X128.632 Y118.167 E0.11295
G1 X127.627 Y118.404 E0.11269
G1 X126.608 Y118.564 E0.11257
G1 X125.582 Y118.646 E0.11232
G1 X124.557 Y118.652 E0.11188
G1 X123.542 Y118.581 E0.11116
G1 X122.545 Y118.436 E0.10992
G1 X121.580 Y118.223 E0.10785
G1 X120.623 Y117.935 E0.10906
G1 X120.421 Y117.526 E0.04979
G1 X121.440 Y117.855 E0.11680
G1 X122.393 Y118.082 E0.10701
G1 X123.059 Y118.197 E0.07376
G1 X124.017 Y118.303 E0.10522
G1 X124.999 Y118.340 E0.10725
G1 X125.980 Y118.304 E0.10716
G1 X126.788 Y118.219 E0.08863
M204 S1000
G1 X127.404 Y118.497 F10800.000
;WIPE_START
G1 F8640.000
G1 X128.065 Y116.951 E-0.47500
;WIPE_END
G1 E-0.02500 F2400.000
G1 Z25.350 F10800.000
G1 X129.418 Y116.976
G1 Z24.950
G1 E0.50000 F2400.000
;TYPE:Gap fill
;WIDTH:0.431356
G1 F900
G1 X129.715 Y116.769 E0.02265
;WIDTH:0.468227
G1
G1 X130.011 Y116.563 E0.02514
;WIDTH:0.505098
G1
G1 X130.308 Y116.356 E0.02764
;WIPE_START
G1 F8640.000
G1 X130.011 Y116.563 E-0.09543
;WIPE_END
G1 E-0.40457 F2400.000
G1 Z25.350 F10800.000
G1 X136.347 Y110.321
G1 Z24.950
G1 E0.50000 F2400.000
;WIDTH:0.512759
G1 F900
G1 X136.977 Y109.434 E0.08473
; stop printing object C:/Users/orcas/AppData/Local/Temp/Neutron/Body1.stl id:0 copy 0
;LAYER_CHANGE
;Z:25.4
;HEIGHT:0.449999
;BEFORE_LAYER_CHANGE
G92 E0.0
;25.4


;WIPE_START
G1 F8640.000
G1 X136.347 Y110.321 E-0.28716
;WIPE_END
G1 E-0.21284 F2400.000
G1 Z25.350 F10800.000
G1 Z25.400
;AFTER_LAYER_CHANGE
;25.4
; printing object C:/Users/orcas/AppData/Local/Temp/Neutron/Body1.stl id:0 copy 0
G1 Z25.800
G1 X135.286 Y112.087
G1 Z25.400
G1 E0.50000 F2400.000
M204 S800
;TYPE:Perimeter
;WIDTH:0.68
G1 F900
G1 X134.736 Y112.827 E0.10064
G1 X134.124 Y113.532 E0.10198
G1 X133.454 Y114.196 E0.10285
G1 X132.969 Y114.619 E0.07034
G1 X132.289 Y115.145 E0.09373
G1 X132.113 Y115.261 E0.02310
G1 X135.223 Y112.151 E0.48009
M204 S1000
;WIPE_START
G1 F8640.000
G1 X134.736 Y112.827 E-0.21983
G1 X134.124 Y113.532 E-0.24654
G1 X134.100 Y113.555 E-0.00863
;WIPE_END
G1 E-0.02500 F2400.000
G1 Z25.800 F10800.000
G1 X137.387 Y109.161
G1 Z25.400
G1 E0.50000 F2400.000
M204 S800
G1 F900
G1 X137.187 Y109.740 E0.06690
G1 X136.758 Y110.720 E0.11677
G1 X136.298 Y111.581 E0.10654
G1 X135.774 Y112.409 E0.10689
G1 X135.191 Y113.193 E0.10666
G1 X134.550 Y113.931 E0.10676
G1 X133.852 Y114.623 E0.10726
G1 X133.339 Y115.070 E0.07426
G1 X132.629 Y115.620 E0.09805
G1 X131.739 Y116.205 E0.11624
G1 X130.882 Y116.678 E0.10677
G1 X129.992 Y117.085 E0.10686
G1 X129.153 Y117.395 E0.09764
G1 X137.324 Y109.225 E1.26124
M204 S1000
;WIPE_START
M73 P94 R1
M73 Q94 S1
G1 F8640.000
G1 X137.187 Y109.740 E-0.14076
G1 X136.758 Y110.720 E-0.28231
G1 X136.665 Y110.894 E-0.05193
;WIPE_END
G1 E-0.02500 F2400.000
G1 Z25.800 F10800.000
G1 X138.079 Y107.644
G1 Z25.400
G1 E0.50000 F2400.000
M204 S800
;TYPE:External perimeter
G1 F900
G1 X138.240 Y106.633 E0.11176
G1 X138.325 Y105.655 E0.10708
G1 X138.337 Y104.674 E0.10712
G1 X138.277 Y103.695 E0.10713
G1 X138.145 Y102.722 E0.10714
G1 X137.942 Y101.761 E0.10716
G1 X137.682 Y100.866 E0.10177
G1 X138.082 Y101.079 E0.04943
G1 X138.245 Y101.658 E0.06568
G1 X138.456 Y102.653 E0.11097
G1 X138.594 Y103.672 E0.11225
G1 X138.639 Y104.266 E0.06501
G1 X138.658 Y104.847 E0.06350
G1 X138.622 Y105.998 E0.12565
G1 X138.544 Y106.763 E0.08398
G1 X138.459 Y107.333 E0.06291
G1 X138.327 Y108.000 E0.07420
G1 X138.065 Y108.988 E0.11157
G1 X137.730 Y109.953 E0.11148
G1 X137.283 Y110.975 E0.12174
G1 X136.803 Y111.875 E0.11140
G1 X136.255 Y112.739 E0.11167
G1 X135.646 Y113.559 E0.11144
G1 X134.976 Y114.330 E0.11154
G1 X134.249 Y115.051 E0.11168
G1 X133.710 Y115.521 E0.07817
G1 X132.968 Y116.095 E0.10237
G1 X132.041 Y116.705 E0.12114
G1 X131.145 Y117.199 E0.11164
G1 X130.215 Y117.625 E0.11164
G1 X129.255 Y117.980 E0.11174
G1 X128.620 Y118.170 E0.07233
G1 X127.617 Y118.406 E0.11254
G1 X126.602 Y118.565 E0.11212
G1 X125.580 Y118.647 E0.11190
G1 X124.707 Y118.655 E0.09523
G1 X123.972 Y118.620 E0.08036
G1 X122.957 Y118.505 E0.11147
G1 X121.968 Y118.318 E0.10993
G1 X121.082 Y118.078 E0.10018
G1 X120.876 Y117.685 E0.04848
G1 X121.756 Y117.939 E0.09997
G1 X122.717 Y118.143 E0.10720
G1 X123.690 Y118.275 E0.10724
G1 X124.671 Y118.336 E0.10725
G1 X125.654 Y118.324 E0.10726
G1 X126.633 Y118.239 E0.10725
G1 X127.645 Y118.078 E0.11193
G1 X138.016 Y107.708 E1.60083
M204 S1000
G1 X138.673 Y107.558 F10800.000
;WIPE_START
G1 F8640.000
G1 X138.240 Y106.633 E-0.28976
G1 X138.301 Y105.933 E-0.18524
;WIPE_END
G1 E-0.02500 F2400.000
G1 Z25.800 F10800.000
G1 X136.493 Y110.515
G1 Z25.400
G1 E0.50000 F2400.000
;TYPE:Gap fill
;WIDTH:0.188886
G1 F900
G1 X136.169 Y110.957 E0.00945
;WIDTH:0.376441
G1
G1 X135.677 Y111.600 E0.04241
;WIDTH:0.564988
G1
G1 X135.469 Y111.860 E0.02913
;WIPE_START
G1 F8640.000
G1 X135.677 Y111.600 E-0.08772
;WIPE_END
G1 E-0.41228 F2400.000
G1 Z25.800 F10800.000
G1 X131.886 Y115.445
G1 Z25.400
G1 E0.50000 F2400.000
;WIDTH:0.572426
G1 F900
G1 X131.683 Y115.611 E0.02333
;WIDTH:0.543363
G1
G1 X131.480 Y115.776 E0.02191
;WIDTH:0.514302
G1
G1 X131.353 Y115.872 E0.01243
;WIDTH:0.469711
G1
G1 X131.226 Y115.967 E0.01110
;WIDTH:0.425121
G1
G1 X131.099 Y116.063 E0.00978
;WIDTH:0.38053
G1
G1 X130.972 Y116.159 E0.00845
;WIDTH:0.33594
G1
G1 X130.844 Y116.254 E0.00712
;WIDTH:0.291349
G1
G1 X130.717 Y116.350 E0.00580
;WIDTH:0.246758
G1
G1 X130.621 Y116.417 E0.00329
;WIDTH:0.212465
G1
G1 X130.525 Y116.483 E0.00254
; stop printing object C:/Users/orcas/AppData/Local/Temp/Neutron/Body1.stl id:0 copy 0
;LAYER_CHANGE
;Z:25.85
;HEIGHT:0.450001
;BEFORE_LAYER_CHANGE
G92 E0.0
;25.85


;WIPE_START
G1 F8640.000
G1 X130.621 Y116.417 E-0.03092
;WIPE_END
G1 E-0.46908 F2400.000
G1 Z25.800 F10800.000
G1 Z25.850
;AFTER_LAYER_CHANGE
;25.85
; printing object C:/Users/orcas/AppData/Local/Temp/Neutron/Body1.stl id:0 copy 0
G1 X130.191 Y116.994
G1 E0.50000 F2400.000
M204 S800
;TYPE:Perimeter
;WIDTH:0.68
G1 F900
G1 X136.990 Y110.195 E1.04948
G1 X136.798 Y110.636 E0.05249
G1 X136.345 Y111.500 E0.10649
G1 X135.825 Y112.333 E0.10712
G1 X135.409 Y112.912 E0.07782
G1 X134.789 Y113.669 E0.10685
G1 X134.186 Y114.306 E0.09572
G1 X133.468 Y114.963 E0.10626
G1 X132.700 Y115.567 E0.10659
G1 X132.109 Y115.973 E0.07831
G1 X131.358 Y116.426 E0.09569
G1 X130.274 Y116.960 E0.13192
M204 S1000
;WIPE_START
G1 F8640.000
G1 X131.542 Y115.682 E-0.47500
;WIPE_END
G1 E-0.02500 F2400.000
G1 Z26.250 F10800.000
G1 X128.478 Y117.881
G1 Z25.850
G1 E0.50000 F2400.000
M204 S800
;TYPE:External perimeter
G1 F900
G1 X137.881 Y108.479 E1.45145
G1 X138.085 Y107.602 E0.09827
G1 X138.240 Y106.634 E0.10701
G1 X138.325 Y105.656 E0.10712
G1 X138.337 Y104.675 E0.10712
G1 X138.277 Y103.695 E0.10714
G1 X138.145 Y102.722 E0.10715
G1 X137.942 Y101.764 E0.10694
G1 X137.823 Y101.333 E0.04881
G1 X138.216 Y101.553 E0.04910
G1 X138.311 Y101.932 E0.04268
G1 X138.516 Y103.034 E0.12232
G1 X138.592 Y103.657 E0.06846
G1 X138.639 Y104.264 E0.06651
G1 X138.658 Y104.858 E0.06491
G1 X138.651 Y105.441 E0.06357
G1 X138.597 Y106.305 E0.09450
G1 X138.530 Y106.880 E0.06322
G1 X138.351 Y107.887 E0.11165
G1 X138.063 Y108.994 E0.12479
G1 X137.730 Y109.954 E0.11093
G1 X137.325 Y110.888 E0.11116
G1 X136.851 Y111.791 E0.11125
G1 X136.310 Y112.658 E0.11157
G1 X135.872 Y113.267 E0.08192
G1 X135.227 Y114.055 E0.11113
G1 X134.595 Y114.722 E0.10027
G1 X133.846 Y115.408 E0.11093
G1 X133.046 Y116.037 E0.11101
G1 X132.425 Y116.464 E0.08227
G1 X131.640 Y116.937 E0.10002
G1 X130.635 Y117.443 E0.12286
G1 X129.691 Y117.829 E0.11131
G1 X128.834 Y118.109 E0.09846
G1 X128.171 Y118.286 E0.07481
G1 X127.170 Y118.486 E0.11146
G1 X126.162 Y118.609 E0.11088
G1 X125.153 Y118.658 E0.11023
G1 X124.152 Y118.632 E0.10933
G1 X123.349 Y118.558 E0.08796
G1 X122.330 Y118.395 E0.11265
G1 X121.554 Y118.211 E0.08705
G1 X121.338 Y117.824 E0.04846
G1 X122.394 Y118.083 E0.11872
G1 X123.364 Y118.239 E0.10723
G1 X124.343 Y118.323 E0.10724
G1 X125.326 Y118.336 E0.10726
G1 X126.307 Y118.276 E0.10727
G1 X127.282 Y118.143 E0.10740
G1 X128.390 Y117.901 E0.12389
M204 S1000
G1 X129.015 Y118.150 F10800.000
;WIPE_START
G1 F8640.000
G1 X129.668 Y116.632 E-0.47500
;WIPE_END
M73 Q95 S1
G1 E-0.02500 F2400.000
G1 Z26.250 F10800.000
M73 P95 R1
G1 X132.001 Y115.648
G1 Z25.850
G1 E0.50000 F2400.000
;TYPE:Gap fill
;WIDTH:0.213005
G1 F900
G1 X132.158 Y115.518 E0.00445
;WIDTH:0.247839
G1
G1 X132.315 Y115.387 E0.00578
;WIDTH:0.282672
G1
G1 X132.472 Y115.257 E0.00711
;WIDTH:0.320243
G1
G1 X132.709 Y115.047 E0.01324
;WIDTH:0.357811
G1
G1 X132.945 Y114.837 E0.01547
;WIDTH:0.319713
G1
G1 X133.862 Y113.976 E0.05248
G1 X134.451 Y113.371 E0.03525
G1 X135.238 Y112.490 E0.04933
;WIDTH:0.282378
G1
G1 X135.388 Y112.315 E0.00801
;WIDTH:0.245044
G1
G1 X135.537 Y112.139 E0.00640
;WIDTH:0.20771
G1
G1 X135.643 Y112.005 E0.00356
;WIPE_START
G1 F8640.000
G1 X135.537 Y112.139 E-0.04514
;WIPE_END
G1 E-0.45486 F2400.000
G1 Z26.250 F10800.000
G1 X137.154 Y109.954
G1 Z25.850
G1 E0.50000 F2400.000
;WIDTH:0.495973
G1 F900
G1 X137.690 Y109.165 E0.07126
; stop printing object C:/Users/orcas/AppData/Local/Temp/Neutron/Body1.stl id:0 copy 0
;LAYER_CHANGE
;Z:26.3
;HEIGHT:0.449999
;BEFORE_LAYER_CHANGE
G92 E0.0
;26.3


;WIPE_START
G1 F8640.000
G1 X137.154 Y109.954 E-0.25164
;WIPE_END
G1 E-0.24836 F2400.000
G1 Z26.250 F10800.000
G1 Z26.300
;AFTER_LAYER_CHANGE
;26.3
; printing object C:/Users/orcas/AppData/Local/Temp/Neutron/Body1.stl id:0 copy 0
G1 Z26.700
G1 X136.354 Y111.467
G1 Z26.300
G1 E0.50000 F2400.000
M204 S800
;TYPE:Perimeter
;WIDTH:0.68
G1 F900
G1 X136.068 Y111.962 E0.06239
G1 X135.715 Y112.493 E0.06968
G1 X135.198 Y113.184 E0.09423
G1 X134.558 Y113.922 E0.10657
G1 X134.118 Y114.372 E0.06873
G1 X133.395 Y115.025 E0.10629
G1 X132.626 Y115.622 E0.10621
G1 X132.098 Y115.980 E0.06972
G1 X131.452 Y116.369 E0.08233
G1 X136.291 Y111.530 E0.74697
M204 S1000
;WIPE_START
G1 F8640.000
G1 X136.068 Y111.962 E-0.12805
G1 X135.715 Y112.493 E-0.16846
G1 X135.310 Y113.035 E-0.17849
;WIPE_END
G1 E-0.02500 F2400.000
G1 Z26.700 F10800.000
G1 X137.597 Y109.399
G1 Z26.300
G1 E0.50000 F2400.000
M204 S800
;TYPE:External perimeter
G1 F900
G1 X137.941 Y108.243 E0.13170
G1 X138.144 Y107.282 E0.10724
G1 X138.276 Y106.309 E0.10712
G1 X138.337 Y105.332 E0.10690
G1 X138.337 Y104.676 E0.07159
G1 X138.314 Y104.165 E0.05585
G1 X138.197 Y103.047 E0.12267
G1 X138.018 Y102.080 E0.10734
G1 X137.943 Y101.800 E0.03165
G1 X138.331 Y102.037 E0.04957
G1 X138.453 Y102.637 E0.06685
G1 X138.547 Y103.261 E0.06888
G1 X138.638 Y104.265 E0.11006
G1 X138.658 Y104.866 E0.06568
G1 X138.651 Y105.458 E0.06461
G1 X138.619 Y106.039 E0.06356
G1 X138.550 Y106.718 E0.07446
G1 X138.464 Y107.306 E0.06485
G1 X138.353 Y107.879 E0.06367
G1 X138.100 Y108.870 E0.11166
G1 X137.884 Y109.538 E0.07660
G1 X137.512 Y110.479 E0.11049
G1 X137.072 Y111.391 E0.11047
G1 X136.564 Y112.269 E0.11080
G1 X136.192 Y112.830 E0.07345
G1 X135.652 Y113.551 E0.09828
G1 X134.988 Y114.318 E0.11078
G1 X134.522 Y114.793 E0.07264
G1 X133.770 Y115.473 E0.11062
G1 X132.970 Y116.094 E0.11060
G1 X132.413 Y116.472 E0.07349
G1 X131.642 Y116.936 E0.09813
G1 X130.738 Y117.395 E0.11070
G1 X130.106 Y117.669 E0.07525
G1 X129.146 Y118.015 E0.11135
G1 X128.165 Y118.287 E0.11109
G1 X127.318 Y118.460 E0.09439
G1 X126.590 Y118.566 E0.08024
G1 X125.577 Y118.647 E0.11102
G1 X124.567 Y118.652 E0.11017
G1 X123.570 Y118.584 E0.10909
G1 X122.676 Y118.459 E0.09859
G1 X122.040 Y118.330 E0.07083
G1 X121.810 Y117.945 E0.04894
G1 X122.063 Y118.012 E0.02857
G1 X123.046 Y118.196 E0.10919
G1 X123.689 Y118.275 E0.07073
G1 X124.345 Y118.323 E0.07172
G1 X125.325 Y118.336 E0.10702
G1 X126.306 Y118.276 E0.10726
G1 X127.280 Y118.143 E0.10727
G1 X128.242 Y117.940 E0.10740
G1 X129.401 Y117.596 E0.13188
G1 X137.533 Y109.463 E1.25540
M204 S1000
G1 X138.196 Y109.367 F10800.000
G1 X137.293 Y110.172
;TYPE:Gap fill
;WIDTH:0.291324
G1 F900
G1 X136.914 Y110.705 E0.02382
;WIDTH:0.439769
G1
G1 X136.535 Y111.238 E0.04198
;WIPE_START
G1 F8640.000
G1 X136.914 Y110.705 E-0.17254
;WIPE_END
G1 E-0.32746 F2400.000
G1 Z26.700 F10800.000
G1 X131.218 Y116.544
G1 Z26.300
G1 E0.50000 F2400.000
;WIDTH:0.52839
G1 F900
G1 X131.054 Y116.663 E0.01637
;WIDTH:0.481778
G1
G1 X130.890 Y116.782 E0.01460
;WIDTH:0.435167
G1
G1 X130.726 Y116.901 E0.01283
;WIDTH:0.388555
G1
G1 X130.562 Y117.020 E0.01107
;WIDTH:0.341945
G1
G1 X130.463 Y117.087 E0.00548
;WIDTH:0.301001
G1
G1 X130.365 Y117.154 E0.00456
;WIDTH:0.260058
G1
G1 X130.266 Y117.221 E0.00365
;WIDTH:0.219114
G1
G1 X130.167 Y117.288 E0.00273
; stop printing object C:/Users/orcas/AppData/Local/Temp/Neutron/Body1.stl id:0 copy 0
;LAYER_CHANGE
;Z:26.75
;HEIGHT:0.450001
;BEFORE_LAYER_CHANGE
G92 E0.0
;26.75


;WIPE_START
G1 F8640.000
G1 X130.266 Y117.221 E-0.03148
;WIPE_END
G1 E-0.46852 F2400.000
G1 Z26.700 F10800.000
G1 Z26.750
;AFTER_LAYER_CHANGE
;26.75
; printing object C:/Users/orcas/AppData/Local/Temp/Neutron/Body1.stl id:0 copy 0
G1 Z27.150
G1 X133.780 Y114.678
G1 Z26.750
G1 E0.50000 F2400.000
M204 S800
;TYPE:Perimeter
;WIDTH:0.68
G1 F900
G1 X134.711 Y113.746 E0.14380
G1 X134.112 Y114.378 E0.09496
G1 X133.846 Y114.618 E0.03912
M204 S1000
;WIPE_START
G1 F8640.000
G1 X134.711 Y113.746 E-0.32394
G1 X134.317 Y114.162 E-0.15106
;WIPE_END
G1 E-0.02500 F2400.000
G1 Z27.150 F10800.000
G1 X122.297 Y118.051
G1 Z26.750
G1 E0.50000 F2400.000
M204 S800
;TYPE:External perimeter
G1 F900
G1 X122.681 Y118.136 E0.04297
G1 X123.687 Y118.275 E0.11074
G1 X124.341 Y118.323 E0.07168
G1 X124.851 Y118.338 E0.05568
G1 X125.979 Y118.304 E0.12308
G1 X127.046 Y118.181 E0.11733
G1 X127.602 Y118.083 E0.06151
G1 X128.243 Y117.940 E0.07173
G1 X129.210 Y117.658 E0.10995
G1 X129.801 Y117.446 E0.06859
G1 X130.459 Y117.173 E0.07772
G1 X137.176 Y110.456 E1.03685
G1 X137.561 Y109.494 E0.11311
G1 X137.857 Y108.559 E0.10712
G1 X138.084 Y107.604 E0.10712
G1 X138.240 Y106.637 E0.10689
G1 X138.304 Y105.984 E0.07165
G1 X138.337 Y105.330 E0.07143
G1 X138.337 Y104.676 E0.07143
G1 X138.305 Y104.022 E0.07144
G1 X138.241 Y103.371 E0.07143
G1 X138.148 Y102.740 E0.06962
G1 X138.060 Y102.297 E0.04930
G1 X138.430 Y102.537 E0.04815
G1 X138.548 Y103.267 E0.08068
G1 X138.638 Y104.263 E0.10922
G1 X138.658 Y104.874 E0.06671
G1 X138.650 Y105.474 E0.06547
G1 X138.617 Y106.062 E0.06433
G1 X138.553 Y106.696 E0.06951
G1 X138.466 Y107.292 E0.06578
G1 X138.355 Y107.872 E0.06446
G1 X138.103 Y108.859 E0.11119
G1 X137.880 Y109.548 E0.07899
G1 X137.510 Y110.484 E0.10992
G1 X137.072 Y111.391 E0.10994
G1 X136.567 Y112.266 E0.11027
G1 X136.184 Y112.841 E0.07544
G1 X135.655 Y113.547 E0.09625
G1 X134.994 Y114.311 E0.11024
G1 X134.517 Y114.799 E0.07455
G1 X133.768 Y115.475 E0.11012
G1 X133.072 Y116.018 E0.09637
G1 X132.508 Y116.411 E0.07508
G1 X131.643 Y116.935 E0.11034
G1 X131.019 Y117.260 E0.07675
G1 X130.224 Y117.621 E0.09533
G1 X129.280 Y117.971 E0.10996
G1 X128.314 Y118.251 E0.10976
G1 X127.586 Y118.412 E0.08131
G1 X126.760 Y118.545 E0.09130
G1 X125.981 Y118.623 E0.08554
G1 X125.178 Y118.657 E0.08773
M73 Q96 S1
G1 X124.190 Y118.635 E0.10782
M73 P96 R1
G1 X123.309 Y118.554 E0.09654
G1 X122.539 Y118.430 E0.08519
G1 X122.346 Y118.127 E0.03923
M204 S1000
G1 X122.673 Y118.167 F10800.000
;WIPE_START
G1 F8640.000
G1 X122.681 Y118.136 E-0.08868
G1 X123.687 Y118.275 E-0.26772
G1 X124.135 Y118.308 E-0.11860
;WIPE_END
G1 E-0.02500 F2400.000
G1 Z27.150 F10800.000
G1 X131.400 Y116.694
G1 Z26.750
G1 E0.50000 F2400.000
;TYPE:Gap fill
;WIDTH:0.194398
G1 F900
G1 X131.476 Y116.638 E0.00172
;WIDTH:0.242048
G1
G1 X131.632 Y116.516 E0.00540
;WIDTH:0.289697
G1
G1 X131.788 Y116.393 E0.00717
;WIDTH:0.337346
G1
G1 X131.944 Y116.271 E0.00894
;WIDTH:0.384995
G1
G1 X132.101 Y116.148 E0.01071
;WIDTH:0.432644
G1
G1 X132.257 Y116.026 E0.01248
;WIDTH:0.471563
G1
G1 X132.426 Y115.884 E0.01547
;WIDTH:0.510482
G1
G1 X132.595 Y115.743 E0.01708
;WIDTH:0.549401
G1
G1 X132.764 Y115.601 E0.01868
;WIDTH:0.598535
G1
G1 X133.066 Y115.334 E0.03781
;WIDTH:0.647671
G1
G1 X133.367 Y115.068 E0.04151
;WIDTH:0.647671
G1
G1 X133.559 Y115.082 E0.01988
;WIDTH:0.605547
G1
G1 X133.752 Y115.096 E0.01836
;WIPE_START
G1 F8640.000
G1 X133.559 Y115.082 E-0.05088
;WIPE_END
G1 E-0.44912 F2400.000
G1 Z27.150 F10800.000
G1 X134.910 Y113.533
G1 Z26.750
G1 E0.50000 F2400.000
;WIDTH:0.639323
G1 F900
G1 X135.222 Y113.198 E0.04649
;WIDTH:0.625857
G1
G1 X135.407 Y112.983 E0.02808
;WIDTH:0.585471
G1
G1 X135.593 Y112.769 E0.02593
;WIDTH:0.545085
G1
G1 X135.779 Y112.555 E0.02379
;WIDTH:0.504699
G1
G1 X135.920 Y112.383 E0.01698
;WIDTH:0.460676
G1
G1 X136.060 Y112.211 E0.01515
;WIDTH:0.416653
G1
G1 X136.201 Y112.039 E0.01331
;WIDTH:0.226786
G1
G1 X136.680 Y111.415 E0.01916
; stop printing object C:/Users/orcas/AppData/Local/Temp/Neutron/Body1.stl id:0 copy 0
;LAYER_CHANGE
;Z:27.2
;HEIGHT:0.450001
;BEFORE_LAYER_CHANGE
G92 E0.0
;27.2


;WIPE_START
G1 F8640.000
G1 X136.201 Y112.039 E-0.20759
;WIPE_END
G1 E-0.29241 F2400.000
G1 Z27.150 F10800.000
G1 Z27.200
;AFTER_LAYER_CHANGE
;27.2
; printing object C:/Users/orcas/AppData/Local/Temp/Neutron/Body1.stl id:0 copy 0
G1 Z27.600
G1 X138.191 Y103.011
G1 Z27.200
G1 E0.50000 F2400.000
M204 S800
;TYPE:External perimeter
;WIDTH:0.68
G1 F900
G1 X138.152 Y102.799 E0.02355
G1 X138.515 Y103.052 E0.04835
G1 X138.588 Y103.618 E0.06229
G1 X138.638 Y104.259 E0.07020
G1 X138.657 Y104.879 E0.06773
G1 X138.631 Y105.877 E0.10890
G1 X138.530 Y106.878 E0.10979
G1 X138.436 Y107.465 E0.06492
G1 X138.317 Y108.040 E0.06407
G1 X138.059 Y109.009 E0.10947
G1 X137.786 Y109.806 E0.09200
G1 X137.509 Y110.488 E0.08029
G1 X137.072 Y111.391 E0.10957
G1 X136.569 Y112.262 E0.10973
G1 X136.176 Y112.852 E0.07743
G1 X135.658 Y113.543 E0.09423
G1 X135.001 Y114.304 E0.10970
G1 X134.511 Y114.804 E0.07646
G1 X133.766 Y115.476 E0.10957
G1 X133.085 Y116.009 E0.09434
G1 X132.505 Y116.413 E0.07712
G1 X131.770 Y116.862 E0.09403
G1 X131.140 Y117.202 E0.07810
G1 X130.225 Y117.620 E0.10988
G1 X129.532 Y117.884 E0.08097
G1 X128.730 Y118.140 E0.09185
G1 X127.755 Y118.378 E0.10954
G1 X126.978 Y118.514 E0.08607
G1 X126.180 Y118.608 E0.08777
G1 X125.339 Y118.654 E0.09191
G1 X124.575 Y118.652 E0.08339
G1 X123.588 Y118.586 E0.10795
G1 X123.054 Y118.516 E0.05881
G1 X122.808 Y118.156 E0.04765
G1 X123.363 Y118.239 E0.06128
G1 X124.015 Y118.303 E0.07149
G1 X124.669 Y118.335 E0.07150
G1 X125.324 Y118.336 E0.07150
G1 X125.980 Y118.303 E0.07173
G1 X126.956 Y118.196 E0.10710
G1 X128.006 Y117.996 E0.11669
G1 X128.557 Y117.857 E0.06203
G1 X129.186 Y117.666 E0.07173
G1 X130.132 Y117.313 E0.11027
G1 X130.704 Y117.059 E0.06826
G1 X131.288 Y116.765 E0.07144
G1 X131.782 Y116.487 E0.06176
G1 X136.489 Y111.780 E0.72660
G1 X136.766 Y111.288 E0.06170
G1 X137.061 Y110.702 E0.07160
G1 X137.447 Y109.801 E0.10695
G1 X137.784 Y108.812 E0.11402
G1 X137.940 Y108.243 E0.06449
G1 X138.084 Y107.605 E0.07140
G1 X138.196 Y106.960 E0.07143
G1 X138.276 Y106.310 E0.07143
G1 X138.324 Y105.658 E0.07143
G1 X138.341 Y105.004 E0.07143
G1 X138.325 Y104.349 E0.07144
G1 X138.277 Y103.696 E0.07148
G1 X138.203 Y103.100 E0.06557
M204 S1000
G1 X138.359 Y102.875 F10800.000
;WIPE_START
G1 F8640.000
G1 X138.152 Y102.799 E-0.08065
G1 X138.515 Y103.052 E-0.11688
G1 X138.588 Y103.618 E-0.15059
G1 X138.625 Y104.097 E-0.12688
;WIPE_END
G1 E-0.02500 F2400.000
G1 Z27.600 F10800.000
G1 X135.391 Y113.346
G1 Z27.200
G1 E0.50000 F2400.000
;TYPE:Gap fill
;WIDTH:0.211929
G1 F900
G1 X135.061 Y113.701 E0.01045
;WIDTH:0.245686
G1
G1 X134.731 Y114.055 E0.01351
;WIDTH:0.252982
G1
G1 X134.255 Y114.537 E0.01983
;WIDTH:0.252982
G1
G1 X133.899 Y114.875 E0.01435
;WIDTH:0.227605
G1
G1 X133.544 Y115.212 E0.01202
;WIDTH:0.202227
G1
G1 X133.365 Y115.370 E0.00472
; stop printing object C:/Users/orcas/AppData/Local/Temp/Neutron/Body1.stl id:0 copy 0
;LAYER_CHANGE
;Z:27.65
;HEIGHT:0.449999
;BEFORE_LAYER_CHANGE
G92 E0.0
;27.65


;WIPE_START
G1 F8640.000
G1 X133.544 Y115.212 E-0.06296
;WIPE_END
G1 E-0.43704 F2400.000
G1 Z27.600 F10800.000
G1 Z27.650
;AFTER_LAYER_CHANGE
;27.65
; printing object C:/Users/orcas/AppData/Local/Temp/Neutron/Body1.stl id:0 copy 0
G1 Z28.050
G1 X123.329 Y118.233
G1 Z27.650
G1 E0.50000 F2400.000
M204 S800
;TYPE:External perimeter
;WIDTH:0.68
G1 F900
G1 X124.341 Y118.323 E0.11089
G1 X125.321 Y118.336 E0.10700
G1 X125.980 Y118.304 E0.07196
G1 X126.952 Y118.196 E0.10679
G1 X127.601 Y118.084 E0.07183
G1 X128.343 Y117.913 E0.08314
G1 X129.182 Y117.667 E0.09541
G1 X129.862 Y117.422 E0.07890
G1 X130.703 Y117.059 E0.10001
G1 X131.573 Y116.608 E0.10700
G1 X132.155 Y116.258 E0.07408
G1 X132.947 Y115.714 E0.10487
G1 X133.712 Y115.102 E0.10698
G1 X134.202 Y114.658 E0.07213
G1 X134.884 Y113.960 E0.10653
G1 X135.313 Y113.462 E0.07169
G1 X135.722 Y112.937 E0.07274
G1 X136.270 Y112.139 E0.10563
G1 X136.607 Y111.576 E0.07166
G1 X136.916 Y110.998 E0.07148
G1 X137.217 Y110.356 E0.07739
G1 X137.560 Y109.497 E0.10092
G1 X137.766 Y108.874 E0.07163
G1 X137.940 Y108.244 E0.07143
G1 X138.084 Y107.605 E0.07143
G1 X138.196 Y106.961 E0.07143
G1 X138.276 Y106.309 E0.07166
G1 X138.337 Y105.331 E0.10691
G1 X138.325 Y104.350 E0.10715
G1 X138.235 Y103.329 E0.11185
G1 X138.578 Y103.583 E0.04664
G1 X138.649 Y104.535 E0.10421
G1 X138.643 Y105.637 E0.12025
G1 X138.600 Y106.262 E0.06833
G1 X138.531 Y106.870 E0.06683
G1 X138.357 Y107.861 E0.10979
G1 X138.110 Y108.837 E0.10998
G1 X137.873 Y109.567 E0.08376
G1 X137.506 Y110.495 E0.10886
G1 X137.146 Y111.248 E0.09114
G1 X136.791 Y111.895 E0.08060
G1 X136.255 Y112.739 E0.10912
G1 X135.660 Y113.541 E0.10901
G1 X135.194 Y114.091 E0.07864
G1 X134.610 Y114.707 E0.09267
G1 X134.085 Y115.200 E0.07858
G1 X133.435 Y115.744 E0.09260
G1 X132.853 Y116.176 E0.07910
G1 X132.147 Y116.641 E0.09223
G1 X131.510 Y117.007 E0.08017
G1 X130.610 Y117.454 E0.10973
G1 X129.844 Y117.771 E0.09042
G1 X129.124 Y118.022 E0.08322
G1 X128.154 Y118.290 E0.10987
G1 X127.375 Y118.450 E0.08685
G1 X126.569 Y118.568 E0.08885
G1 X125.809 Y118.634 E0.08327
G1 X124.939 Y118.659 E0.09505
G1 X124.229 Y118.637 E0.07749
G1 X123.585 Y118.581 E0.07061
G1 X123.382 Y118.306 E0.03730
M204 S1000
G1 X123.917 Y118.352 F10800.000
; stop printing object C:/Users/orcas/AppData/Local/Temp/Neutron/Body1.stl id:0 copy 0
;LAYER_CHANGE
;Z:28.1
;HEIGHT:0.450001
;BEFORE_LAYER_CHANGE
G92 E0.0
;28.1


;WIPE_START
G1 F8640.000
G1 X124.341 Y118.323 E-0.25300
G1 X125.182 Y118.334 E-0.22200
;WIPE_END
G1 E-0.02500 F2400.000
G1 Z28.050 F10800.000
G1 Z28.100
;AFTER_LAYER_CHANGE
;28.1
; printing object C:/Users/orcas/AppData/Local/Temp/Neutron/Body1.stl id:0 copy 0
G1 Z28.500
G1 X124.013 Y118.303
G1 Z28.100
G1 E0.50000 F2400.000
M204 S800
G1 F900
G1 X124.669 Y118.335 E0.07179
G1 X125.551 Y118.327 E0.09619
G1 X126.304 Y118.276 E0.08242
G1 X127.123 Y118.169 E0.09019
G1 X127.919 Y118.016 E0.08848
G1 X128.674 Y117.823 E0.08505
G1 X129.491 Y117.561 E0.09365
G1 X130.181 Y117.292 E0.08087
G1 X130.995 Y116.917 E0.09783
G1 X131.623 Y116.579 E0.07775
G1 X132.409 Y116.093 E0.10095
G1 X132.976 Y115.692 E0.07575
G1 X133.712 Y115.103 E0.10293
G1 X134.220 Y114.641 E0.07492
G1 X134.883 Y113.960 E0.10372
G1 X135.312 Y113.463 E0.07168
G1 X135.715 Y112.947 E0.07145
G1 X136.092 Y112.412 E0.07150
G1 X136.469 Y111.813 E0.07716
G1 X136.915 Y111.001 E0.10117
G1 X137.195 Y110.408 E0.07164
G1 X137.446 Y109.803 E0.07143
G1 X137.666 Y109.187 E0.07143
G1 X137.857 Y108.560 E0.07156
G1 X138.047 Y107.779 E0.08772
M73 Q97 S1
G1 X138.196 Y106.962 E0.09057
M73 P97 R1
G1 X138.276 Y106.310 E0.07176
G1 X138.333 Y105.427 E0.09664
G1 X138.337 Y104.678 E0.08169
G1 X138.288 Y103.863 E0.08911
G1 X138.627 Y104.134 E0.04736
G1 X138.651 Y104.599 E0.05083
G1 X138.655 Y105.248 E0.07077
G1 X138.601 Y106.251 E0.10965
G1 X138.473 Y107.249 E0.10990
G1 X138.270 Y108.239 E0.11029
G1 X138.056 Y109.017 E0.08801
G1 X137.729 Y109.956 E0.10855
G1 X137.410 Y110.703 E0.08867
G1 X137.071 Y111.392 E0.08377
G1 X136.663 Y112.107 E0.08990
G1 X136.256 Y112.739 E0.08204
G1 X135.663 Y113.537 E0.10860
G1 X135.186 Y114.101 E0.08057
G1 X134.613 Y114.704 E0.09077
G1 X134.198 Y115.099 E0.06259
G1 X133.636 Y115.582 E0.08090
G1 X132.978 Y116.087 E0.09049
G1 X132.359 Y116.506 E0.08162
G1 X131.652 Y116.930 E0.09000
G1 X130.975 Y117.282 E0.08328
G1 X130.232 Y117.618 E0.08901
G1 X129.497 Y117.897 E0.08575
G1 X128.734 Y118.139 E0.08739
G1 X127.939 Y118.338 E0.08945
G1 X127.175 Y118.485 E0.08488
G1 X126.189 Y118.607 E0.10848
G1 X125.569 Y118.647 E0.06778
G1 X124.869 Y118.658 E0.07643
G1 X124.133 Y118.627 E0.08044
G1 X123.864 Y118.287 E0.04729
G1 X123.923 Y118.293 E0.00644
M204 S1000
G1 X124.556 Y118.557 F10800.000
; stop printing object C:/Users/orcas/AppData/Local/Temp/Neutron/Body1.stl id:0 copy 0
;LAYER_CHANGE
;Z:28.55
;HEIGHT:0.449999
;BEFORE_LAYER_CHANGE
G92 E0.0
;28.55


;WIPE_START
G1 F8640.000
G1 X124.669 Y118.335 E-0.19729
G1 X125.551 Y118.327 E-0.23254
G1 X125.721 Y118.316 E-0.04517
;WIPE_END
G1 E-0.02500 F2400.000
G1 Z28.500 F10800.000
G1 Z28.550
;AFTER_LAYER_CHANGE
;28.55
; printing object C:/Users/orcas/AppData/Local/Temp/Neutron/Body1.stl id:0 copy 0
G1 Z28.950
G1 X124.666 Y118.335
G1 Z28.550
G1 E0.50000 F2400.000
M204 S800
G1 F900
G1 X125.324 Y118.336 E0.07189
G1 X126.301 Y118.276 E0.10677
G1 X126.953 Y118.196 E0.07173
G1 X127.600 Y118.084 E0.07163
G1 X128.390 Y117.901 E0.08861
G1 X129.180 Y117.668 E0.08986
G1 X129.799 Y117.447 E0.07173
G1 X130.498 Y117.153 E0.08275
G1 X131.285 Y116.766 E0.09572
G1 X131.857 Y116.443 E0.07173
G1 X132.467 Y116.054 E0.07900
G1 X133.205 Y115.519 E0.09945
G1 X133.713 Y115.102 E0.07172
G1 X134.238 Y114.624 E0.07751
G1 X134.882 Y113.961 E0.10090
G1 X135.311 Y113.464 E0.07167
G1 X135.716 Y112.946 E0.07175
G1 X136.307 Y112.079 E0.11456
G1 X136.606 Y111.577 E0.06378
G1 X136.915 Y111.000 E0.07141
G1 X137.195 Y110.408 E0.07144
G1 X137.446 Y109.804 E0.07144
G1 X137.667 Y109.187 E0.07157
G1 X137.897 Y108.409 E0.08847
G1 X138.083 Y107.608 E0.08983
G1 X138.196 Y106.960 E0.07176
G1 X138.296 Y106.079 E0.09680
G1 X138.337 Y105.333 E0.08153
G1 X138.322 Y104.415 E0.10022
G1 X138.653 Y104.704 E0.04793
G1 X138.630 Y105.883 E0.12877
G1 X138.531 Y106.867 E0.10794
G1 X138.360 Y107.847 E0.10859
G1 X138.116 Y108.816 E0.10905
G1 X137.866 Y109.589 E0.08866
G1 X137.580 Y110.321 E0.08585
G1 X137.252 Y111.037 E0.08592
G1 X136.878 Y111.744 E0.08733
G1 X136.479 Y112.403 E0.08407
G1 X136.021 Y113.069 E0.08823
G1 X135.555 Y113.670 E0.08294
G1 X135.022 Y114.281 E0.08860
G1 X134.494 Y114.821 E0.08241
G1 X133.894 Y115.367 E0.08858
G1 X133.305 Y115.845 E0.08281
G1 X132.835 Y116.189 E0.06350
G1 X132.159 Y116.633 E0.08835
M73 P97 R0
M73 Q97 S0
G1 X131.656 Y116.928 E0.06361
G1 X130.960 Y117.289 E0.08560
G1 X130.233 Y117.617 E0.08702
G1 X129.680 Y117.833 E0.06481
G1 X128.942 Y118.077 E0.08490
G1 X128.147 Y118.292 E0.08986
G1 X127.545 Y118.420 E0.06710
G1 X126.811 Y118.538 E0.08121
G1 X126.199 Y118.606 E0.06718
G1 X125.264 Y118.656 E0.10218
G1 X124.702 Y118.652 E0.06136
G1 X124.419 Y118.321 E0.04761
G1 X124.576 Y118.330 E0.01716
M204 S1000
G1 X125.196 Y118.615 F10800.000
; stop printing object C:/Users/orcas/AppData/Local/Temp/Neutron/Body1.stl id:0 copy 0
;LAYER_CHANGE
;Z:29
;HEIGHT:0.450001
;BEFORE_LAYER_CHANGE
G92 E0.0
;29


;WIPE_START
G1 F8640.000
G1 X125.324 Y118.336 E-0.19751
G1 X126.301 Y118.276 E-0.25814
G1 X126.373 Y118.267 E-0.01935
;WIPE_END
G1 E-0.02500 F2400.000
G1 Z28.950 F10800.000
G1 Z29.000
;AFTER_LAYER_CHANGE
;29
; printing object C:/Users/orcas/AppData/Local/Temp/Neutron/Body1.stl id:0 copy 0
G1 Z29.400
G1 X124.996 Y118.332
G1 Z29.000
G1 E0.50000 F2400.000
M204 S800
G1 F900
G1 X125.320 Y118.336 E0.03537
G1 X125.976 Y118.304 E0.07168
G1 X126.628 Y118.240 E0.07149
G1 X127.276 Y118.144 E0.07150
G1 X127.919 Y118.016 E0.07164
G1 X128.721 Y117.809 E0.09039
G1 X129.489 Y117.562 E0.08808
G1 X130.102 Y117.326 E0.07163
G1 X130.701 Y117.060 E0.07160
G1 X131.384 Y116.712 E0.08364
G1 X132.133 Y116.273 E0.09481
G1 X132.679 Y115.908 E0.07165
G1 X133.206 Y115.518 E0.07155
G1 X133.774 Y115.048 E0.08049
G1 X134.430 Y114.436 E0.09791
G1 X134.885 Y113.959 E0.07196
G1 X135.566 Y113.143 E0.11600
G1 X135.906 Y112.683 E0.06237
G1 X136.271 Y112.137 E0.07174
G1 X136.815 Y111.192 E0.11899
G1 X137.058 Y110.706 E0.05933
G1 X137.324 Y110.108 E0.07139
G1 X137.560 Y109.497 E0.07158
G1 X137.814 Y108.709 E0.09036
G1 X138.015 Y107.929 E0.08795
G1 X138.143 Y107.286 E0.07157
G1 X138.240 Y106.638 E0.07144
G1 X138.304 Y105.987 E0.07144
G1 X138.337 Y105.331 E0.07165
G1 X138.333 Y104.993 E0.03691
G1 X138.649 Y105.291 E0.04736
G1 X138.603 Y106.231 E0.10276
G1 X138.493 Y107.128 E0.09860
G1 X138.308 Y108.083 E0.10615
G1 X138.052 Y109.029 E0.10696
G1 X137.807 Y109.748 E0.08296
G1 X137.499 Y110.508 E0.08953
G1 X137.165 Y111.210 E0.08483
G1 X136.782 Y111.910 E0.08702
G1 X136.364 Y112.577 E0.08603
G1 X135.911 Y113.217 E0.08552
G1 X135.551 Y113.675 E0.06366
G1 X135.028 Y114.275 E0.08684
G1 X134.623 Y114.694 E0.06357
G1 X134.058 Y115.223 E0.08451
G1 X133.449 Y115.733 E0.08664
G1 X132.983 Y116.084 E0.06381
G1 X132.499 Y116.417 E0.06402
G1 X131.829 Y116.828 E0.08581
G1 X131.131 Y117.206 E0.08663
G1 X130.592 Y117.462 E0.06513
G1 X130.037 Y117.696 E0.06582
G1 X129.318 Y117.959 E0.08355
G1 X128.507 Y118.201 E0.09236
G1 X127.784 Y118.372 E0.08106
G1 X127.176 Y118.484 E0.06750
G1 X126.551 Y118.570 E0.06888
G1 X125.866 Y118.631 E0.07502
G1 X125.293 Y118.652 E0.06260
G1 X125.057 Y118.398 E0.03784
M204 S1000
G1 X125.318 Y118.370 F10800.000
; stop printing object C:/Users/orcas/AppData/Local/Temp/Neutron/Body1.stl id:0 copy 0
;LAYER_CHANGE
;Z:29.45
;HEIGHT:0.450001
;BEFORE_LAYER_CHANGE
G92 E0.0
;29.45


;WIPE_START
G1 F8640.000
G1 X125.320 Y118.336 E-0.07125
G1 X125.976 Y118.304 E-0.17330
G1 X126.628 Y118.240 E-0.17285
G1 X126.844 Y118.208 E-0.05760
;WIPE_END
G1 E-0.02500 F2400.000
G1 Z29.400 F10800.000
G1 Z29.450
;AFTER_LAYER_CHANGE
;29.45
; printing object C:/Users/orcas/AppData/Local/Temp/Neutron/Body1.stl id:0 copy 0
G1 Z29.850
G1 X125.598 Y118.318
G1 Z29.450
G1 E0.50000 F2400.000
M204 S800
G1 F900
G1 X125.973 Y118.304 E0.04102
G1 X126.627 Y118.240 E0.07169
G1 X127.275 Y118.144 E0.07149
G1 X127.918 Y118.017 E0.07150
G1 X128.553 Y117.858 E0.07150
G1 X129.180 Y117.668 E0.07150
G1 X129.797 Y117.448 E0.07150
G1 X130.402 Y117.197 E0.07150
G1 X130.995 Y116.917 E0.07161
G1 X131.687 Y116.542 E0.08587
G1 X132.407 Y116.095 E0.09256
G1 X132.944 Y115.717 E0.07163
G1 X133.460 Y115.314 E0.07147
G1 X133.956 Y114.887 E0.07147
G1 X134.431 Y114.435 E0.07155
G1 X134.953 Y113.881 E0.08303
G1 X135.310 Y113.465 E0.05988
G1 X135.713 Y112.950 E0.07142
G1 X136.090 Y112.414 E0.07146
G1 X136.442 Y111.859 E0.07180
G1 X136.977 Y110.873 E0.12248
G1 X137.194 Y110.409 E0.05583
G1 X137.445 Y109.805 E0.07137
G1 X137.666 Y109.190 E0.07139
G1 X137.822 Y108.680 E0.05823
G1 X138.083 Y107.611 E0.12008
G1 X138.195 Y106.963 E0.07177
G1 X138.276 Y106.314 E0.07145
G1 X138.326 Y105.606 E0.07745
G1 X138.624 Y105.909 E0.04642
G1 X138.574 Y106.525 E0.06744
G1 X138.480 Y107.206 E0.07506
G1 X138.305 Y108.094 E0.09874
G1 X138.123 Y108.793 E0.07883
G1 X137.858 Y109.609 E0.09363
G1 X137.587 Y110.305 E0.08153
G1 X137.340 Y110.855 E0.06585
G1 X136.967 Y111.582 E0.08919
G1 X136.580 Y112.243 E0.08359
G1 X136.256 Y112.738 E0.06464
G1 X135.785 Y113.381 E0.08695
G1 X135.293 Y113.980 E0.08457
G1 X134.899 Y114.413 E0.06400
G1 X134.347 Y114.959 E0.08471
G1 X133.755 Y115.485 E0.08643
G1 X133.295 Y115.853 E0.06430
G1 X132.817 Y116.202 E0.06461
G1 X132.171 Y116.625 E0.08425
G1 X131.660 Y116.926 E0.06476
G1 X131.131 Y117.206 E0.06531
G1 X130.587 Y117.464 E0.06575
G1 X129.894 Y117.752 E0.08190
G1 X129.091 Y118.032 E0.09281
G1 X128.494 Y118.204 E0.06781
M73 P98 R0
M73 Q98 S0
G1 X127.792 Y118.371 E0.07881
G1 X127.177 Y118.484 E0.06823
G1 X126.545 Y118.571 E0.06960
G1 X125.909 Y118.624 E0.06973
G1 X125.662 Y118.381 E0.03778
M204 S1000
G1 X125.973 Y118.341 F10800.000
; stop printing object C:/Users/orcas/AppData/Local/Temp/Neutron/Body1.stl id:0 copy 0
;LAYER_CHANGE
;Z:29.9
;HEIGHT:0.449999
;BEFORE_LAYER_CHANGE
G92 E0.0
;29.9


;WIPE_START
G1 F8640.000
G1 X125.973 Y118.304 E-0.08466
G1 X126.627 Y118.240 E-0.17332
G1 X127.275 Y118.144 E-0.17284
G1 X127.439 Y118.112 E-0.04417
;WIPE_END
G1 E-0.02500 F2400.000
G1 Z29.850 F10800.000
G1 Z29.900
;AFTER_LAYER_CHANGE
;29.9
; printing object C:/Users/orcas/AppData/Local/Temp/Neutron/Body1.stl id:0 copy 0
G1 Z30.300
G1 X126.227 Y118.275
G1 Z29.900
G1 E0.50000 F2400.000
M204 S800
G1 F900
G1 X126.625 Y118.240 E0.04357
G1 X127.274 Y118.144 E0.07168
G1 X127.917 Y118.017 E0.07149
G1 X128.554 Y117.857 E0.07172
G1 X129.489 Y117.562 E0.10700
G1 X130.399 Y117.198 E0.10700
G1 X130.993 Y116.918 E0.07172
G1 X131.574 Y116.608 E0.07183
G1 X132.525 Y116.014 E0.12236
G1 X132.943 Y115.717 E0.05604
G1 X133.459 Y115.315 E0.07140
G1 X133.955 Y114.887 E0.07146
G1 X134.432 Y114.434 E0.07179
G1 X135.183 Y113.616 E0.12126
G1 X135.514 Y113.210 E0.05714
G1 X135.906 Y112.683 E0.07176
G1 X136.520 Y111.726 E0.12407
G1 X137.056 Y110.711 E0.12525
G1 X137.323 Y110.110 E0.07181
G1 X137.559 Y109.499 E0.07145
G1 X137.764 Y108.878 E0.07145
G1 X137.939 Y108.247 E0.07145
G1 X138.083 Y107.609 E0.07145
G1 X138.195 Y106.964 E0.07145
G1 X138.282 Y106.232 E0.08043
G1 X138.566 Y106.552 E0.04671
G1 X138.482 Y107.193 E0.07058
G1 X138.303 Y108.104 E0.10137
G1 X138.126 Y108.782 E0.07642
G1 X137.855 Y109.619 E0.09604
G1 X137.591 Y110.296 E0.07930
G1 X137.342 Y110.851 E0.06642
G1 X136.960 Y111.595 E0.09129
G1 X136.583 Y112.238 E0.08133
G1 X136.128 Y112.919 E0.08947
G1 X135.676 Y113.521 E0.08218
G1 X135.151 Y114.139 E0.08844
G1 X134.631 Y114.687 E0.08252
G1 X134.041 Y115.239 E0.08822
G1 X133.461 Y115.723 E0.08242
G1 X132.806 Y116.209 E0.08898
G1 X132.179 Y116.621 E0.08188
G1 X131.459 Y117.035 E0.09068
G1 X130.798 Y117.368 E0.08079
G1 X130.012 Y117.706 E0.09335
G1 X129.333 Y117.954 E0.07890
G1 X128.479 Y118.209 E0.09733
G1 X127.799 Y118.369 E0.07622
G1 X127.179 Y118.484 E0.06885
G1 X126.553 Y118.566 E0.06893
G1 X126.294 Y118.335 E0.03784
M204 S1000
G1 X126.626 Y118.281 F10800.000
; stop printing object C:/Users/orcas/AppData/Local/Temp/Neutron/Body1.stl id:0 copy 0
;LAYER_CHANGE
;Z:30.35
;HEIGHT:0.450001
;BEFORE_LAYER_CHANGE
G92 E0.0
;30.35


;WIPE_START
G1 F8640.000
G1 X126.625 Y118.240 E-0.09074
G1 X127.274 Y118.144 E-0.17330
G1 X127.917 Y118.017 E-0.17284
G1 X128.057 Y117.982 E-0.03813
;WIPE_END
G1 E-0.02500 F2400.000
G1 Z30.300 F10800.000
G1 Z30.350
;AFTER_LAYER_CHANGE
;30.35
; printing object C:/Users/orcas/AppData/Local/Temp/Neutron/Body1.stl id:0 copy 0
G1 Z30.750
G1 X126.888 Y118.198
G1 Z30.350
G1 E0.50000 F2400.000
M204 S800
G1 F900
G1 X127.272 Y118.145 E0.04237
G1 X127.916 Y118.017 E0.07164
G1 X128.552 Y117.858 E0.07149
G1 X129.180 Y117.668 E0.07172
G1 X130.099 Y117.327 E0.10699
G1 X130.993 Y116.918 E0.10722
G1 X131.854 Y116.444 E0.10734
G1 X132.814 Y115.811 E0.12550
G1 X133.708 Y115.106 E0.12433
G1 X134.429 Y114.437 E0.10729
G1 X135.099 Y113.717 E0.10735
G1 X135.811 Y112.814 E0.12551
G1 X136.439 Y111.864 E0.12432
G1 X136.912 Y111.005 E0.10707
G1 X137.193 Y110.412 E0.07164
G1 X137.407 Y109.901 E0.06039
G1 X137.763 Y108.882 E0.11794
G1 X137.939 Y108.248 E0.07176
G1 X138.083 Y107.609 E0.07145
G1 X138.204 Y106.892 E0.07939
G1 X138.473 Y107.229 E0.04700
G1 X138.366 Y107.821 E0.06566
G1 X138.220 Y108.440 E0.06949
G1 X138.048 Y109.042 E0.06828
G1 X137.823 Y109.706 E0.07659
G1 X137.595 Y110.285 E0.06783
G1 X137.234 Y111.074 E0.09474
G1 X136.896 Y111.712 E0.07883
G1 X136.458 Y112.435 E0.09228
G1 X136.042 Y113.040 E0.08015
G1 X135.679 Y113.517 E0.06535
G1 X135.143 Y114.149 E0.09048
G1 X134.635 Y114.683 E0.08049
G1 X134.032 Y115.247 E0.09015
G1 X133.465 Y115.720 E0.08055
G1 X132.990 Y116.079 E0.06503
G1 X132.292 Y116.549 E0.09183
G1 X131.664 Y116.924 E0.07978
G1 X131.129 Y117.207 E0.06615
G1 X130.481 Y117.511 E0.07807
G1 X129.669 Y117.837 E0.09555
G1 X129.078 Y118.036 E0.06807
G1 X128.417 Y118.225 E0.07497
G1 X127.808 Y118.367 E0.06833
G1 X127.230 Y118.472 E0.06406
G1 X126.958 Y118.254 E0.03801
M204 S1000
G1 X127.276 Y118.186 F10800.000
; stop printing object C:/Users/orcas/AppData/Local/Temp/Neutron/Body1.stl id:0 copy 0
;LAYER_CHANGE
;Z:30.8
;HEIGHT:0.449999
;BEFORE_LAYER_CHANGE
G92 E0.0
;30.8


;WIPE_START
G1 F8640.000
G1 X127.272 Y118.145 E-0.08780
G1 X127.916 Y118.017 E-0.17321
G1 X128.552 Y117.858 E-0.17283
G1 X128.701 Y117.813 E-0.04116
;WIPE_END
G1 E-0.02500 F2400.000
G1 Z30.750 F10800.000
G1 Z30.800
;AFTER_LAYER_CHANGE
;30.8
; printing object C:/Users/orcas/AppData/Local/Temp/Neutron/Body1.stl id:0 copy 0
G1 Z31.200
G1 X127.581 Y118.077
G1 Z30.800
G1 E0.50000 F2400.000
M204 S800
G1 F900
G1 X128.233 Y117.942 E0.07270
G1 X129.178 Y117.669 E0.10729
G1 X130.099 Y117.327 E0.10721
G1 X130.992 Y116.919 E0.10721
G1 X131.852 Y116.445 E0.10720
G1 X132.676 Y115.910 E0.10719
G1 X133.458 Y115.316 E0.10718
G1 X134.194 Y114.666 E0.10717
G1 X134.879 Y113.964 E0.10713
G1 X135.427 Y113.320 E0.09231
G1 X135.904 Y112.686 E0.08656
G1 X136.438 Y111.866 E0.10685
G1 X136.762 Y111.294 E0.07169
G1 X137.057 Y110.710 E0.07146
G1 X137.322 Y110.112 E0.07146
G1 X137.558 Y109.501 E0.07145
G1 X137.764 Y108.879 E0.07145
G1 X137.940 Y108.246 E0.07177
G1 X138.080 Y107.571 E0.07523
G1 X138.337 Y107.944 E0.04942
G1 X138.220 Y108.440 E0.05560
G1 X138.047 Y109.047 E0.06892
G1 X137.829 Y109.690 E0.07415
G1 X137.490 Y110.529 E0.09875
G1 X137.230 Y111.081 E0.06660
G1 X136.899 Y111.705 E0.07707
G1 X136.588 Y112.231 E0.06671
G1 X136.255 Y112.740 E0.06636
G1 X135.902 Y113.229 E0.06587
G1 X135.453 Y113.792 E0.07857
G1 X134.889 Y114.423 E0.09238
G1 X134.467 Y114.847 E0.06531
G1 X133.934 Y115.333 E0.07875
G1 X133.471 Y115.716 E0.06553
G1 X132.992 Y116.078 E0.06558
G1 X132.279 Y116.558 E0.09383
G1 X131.667 Y116.922 E0.07770
G1 X131.126 Y117.208 E0.06677
G1 X130.568 Y117.473 E0.06744
G1 X129.930 Y117.738 E0.07548
G1 X129.347 Y117.949 E0.06757
G1 X128.750 Y118.135 E0.06829
G1 X127.946 Y118.333 E0.09043
G1 X127.655 Y118.129 E0.03880
M204 S1000
G1 X128.177 Y118.005 F10800.000
; stop printing object C:/Users/orcas/AppData/Local/Temp/Neutron/Body1.stl id:0 copy 0
;LAYER_CHANGE
;Z:31.25
;HEIGHT:0.450001
;BEFORE_LAYER_CHANGE
G92 E0.0
;31.25


;WIPE_START
G1 F8640.000
G1 X128.233 Y117.942 E-0.16045
G1 X129.178 Y117.669 E-0.25938
G1 X129.374 Y117.596 E-0.05517
;WIPE_END
G1 E-0.02500 F2400.000
G1 Z31.200 F10800.000
G1 Z31.250
;AFTER_LAYER_CHANGE
;31.25
; printing object C:/Users/orcas/AppData/Local/Temp/Neutron/Body1.stl id:0 copy 0
G1 Z31.650
G1 X128.317 Y117.913
G1 Z31.250
G1 E0.50000 F2400.000
M204 S800
G1 F900
G1 X128.865 Y117.768 E0.06186
G1 X129.794 Y117.449 E0.10716
G1 X130.697 Y117.062 E0.10721
G1 X131.568 Y116.611 E0.10715
G1 X132.321 Y116.151 E0.09629
G1 X132.941 Y115.719 E0.08250
G1 X133.621 Y115.179 E0.09471
G1 X134.193 Y114.667 E0.08389
G1 X134.801 Y114.049 E0.09455
G1 X135.308 Y113.468 E0.08415
G1 X135.840 Y112.774 E0.09557
G1 X136.266 Y112.144 E0.08294
G1 X136.603 Y111.582 E0.07153
G1 X136.878 Y111.072 E0.06327
G1 X137.322 Y110.113 E0.11533
G1 X137.664 Y109.194 E0.10701
G1 X137.915 Y108.328 E0.09846
G1 X138.142 Y108.716 E0.04910
G1 X137.833 Y109.678 E0.11025
G1 X137.602 Y110.268 E0.06926
G1 X137.347 Y110.841 E0.06836
G1 X137.069 Y111.395 E0.06765
G1 X136.769 Y111.931 E0.06708
G1 X136.448 Y112.450 E0.06660
G1 X136.053 Y113.025 E0.07624
G1 X135.684 Y113.510 E0.06649
G1 X135.296 Y113.977 E0.06627
G1 X134.888 Y114.424 E0.06609
G1 X134.461 Y114.852 E0.06595
G1 X133.942 Y115.326 E0.07674
G1 X133.476 Y115.712 E0.06599
G1 X132.992 Y116.078 E0.06622
G1 X132.490 Y116.423 E0.06653
G1 X131.970 Y116.747 E0.06692
G1 X131.370 Y117.083 E0.07501
G1 X130.560 Y117.476 E0.09835
G1 X129.979 Y117.719 E0.06866
G1 X129.356 Y117.946 E0.07243
G1 X128.712 Y118.141 E0.07342
G1 X128.394 Y117.961 E0.03995
M204 S1000
G1 X128.877 Y117.821 F10800.000
; stop printing object C:/Users/orcas/AppData/Local/Temp/Neutron/Body1.stl id:0 copy 0
;LAYER_CHANGE
;Z:31.7
;HEIGHT:0.450001
;BEFORE_LAYER_CHANGE
G92 E0.0
;31.7


;WIPE_START
G1 F8640.000
G1 X128.865 Y117.768 E-0.13446
G1 X129.794 Y117.449 E-0.25908
G1 X130.077 Y117.327 E-0.08146
;WIPE_END
G1 E-0.02500 F2400.000
G1 Z31.650 F10800.000
G1 Z31.700
;AFTER_LAYER_CHANGE
;31.7
; printing object C:/Users/orcas/AppData/Local/Temp/Neutron/Body1.stl id:0 copy 0
G1 Z32.100
G1 X129.124 Y117.679
G1 Z31.700
G1 E0.50000 F2400.000
M204 S800
G1 F900
G1 X129.791 Y117.450 E0.07698
G1 X130.400 Y117.198 E0.07189
G1 X131.231 Y116.795 E0.10081
M73 Q99 S0
G1 X131.850 Y116.447 E0.07761
M73 P99 R0
G1 X132.406 Y116.096 E0.07170
G1 X133.134 Y115.573 E0.09785
G1 X133.706 Y115.107 E0.08052
G1 X134.193 Y114.667 E0.07170
G1 X134.818 Y114.031 E0.09727
G1 X135.307 Y113.469 E0.08135
G1 X135.855 Y112.753 E0.09840
G1 X136.267 Y112.143 E0.08031
G1 X136.733 Y111.348 E0.10065
G1 X137.057 Y110.710 E0.07806
G1 X137.444 Y109.809 E0.10700
G1 X137.679 Y109.128 E0.07866
G1 X137.875 Y109.551 E0.05087
G1 X137.606 Y110.259 E0.08269
G1 X137.202 Y111.138 E0.10555
G1 X136.908 Y111.689 E0.06818
G1 X136.593 Y112.222 E0.06754
G1 X136.057 Y113.019 E0.10491
G1 X135.687 Y113.507 E0.06679
G1 X135.296 Y113.977 E0.06672
G1 X134.885 Y114.427 E0.06653
G1 X134.456 Y114.858 E0.06641
G1 X133.950 Y115.319 E0.07472
G1 X133.481 Y115.708 E0.06644
G1 X132.994 Y116.076 E0.06668
G1 X132.489 Y116.424 E0.06700
G1 X131.964 Y116.751 E0.06746
G1 X131.421 Y117.056 E0.06805
G1 X130.826 Y117.355 E0.07265
G1 X130.255 Y117.608 E0.06808
G1 X129.550 Y117.875 E0.08229
G1 X129.206 Y117.717 E0.04136
M204 S1000
G1 X129.707 Y117.535 F10800.000
; stop printing object C:/Users/orcas/AppData/Local/Temp/Neutron/Body1.stl id:0 copy 0
;LAYER_CHANGE
;Z:32.15
;HEIGHT:0.450001
;BEFORE_LAYER_CHANGE
G92 E0.0
;32.15


;WIPE_START
G1 F8640.000
G1 X129.791 Y117.450 E-0.16972
G1 X130.400 Y117.198 E-0.17380
G1 X130.848 Y116.981 E-0.13148
;WIPE_END
G1 E-0.02500 F2400.000
G1 Z32.100 F10800.000
G1 Z32.150
;AFTER_LAYER_CHANGE
;32.15
; printing object C:/Users/orcas/AppData/Local/Temp/Neutron/Body1.stl id:0 copy 0
G1 X130.022 Y117.354
G1 E0.50000 F2400.000
M204 S800
G1 F900
G1 X130.694 Y117.064 E0.07984
G1 X131.280 Y116.769 E0.07164
G1 X131.850 Y116.447 E0.07147
G1 X132.403 Y116.097 E0.07146
G1 X132.939 Y115.720 E0.07146
G1 X133.455 Y115.318 E0.07145
G1 X133.951 Y114.891 E0.07144
G1 X134.426 Y114.440 E0.07144
G1 X134.878 Y113.966 E0.07150
G1 X135.306 Y113.470 E0.07150
G1 X135.709 Y112.954 E0.07149
G1 X136.087 Y112.419 E0.07148
G1 X136.438 Y111.866 E0.07148
G1 X136.761 Y111.297 E0.07147
G1 X137.056 Y110.711 E0.07165
G1 X137.355 Y110.021 E0.08198
G1 X137.504 Y110.492 E0.05384
G1 X137.069 Y111.395 E0.10947
G1 X136.764 Y111.940 E0.06808
G1 X136.438 Y112.466 E0.06761
G1 X136.091 Y112.972 E0.06701
G1 X135.478 Y113.763 E0.10918
G1 X135.074 Y114.225 E0.06694
G1 X134.650 Y114.668 E0.06696
G1 X134.207 Y115.091 E0.06690
G1 X133.744 Y115.494 E0.06699
G1 X133.262 Y115.878 E0.06721
G1 X132.763 Y116.239 E0.06731
G1 X131.929 Y116.771 E0.10792
G1 X131.411 Y117.062 E0.06491
G1 X130.491 Y117.504 E0.11137
G1 X130.108 Y117.381 E0.04398
M204 S1000
G1 X130.588 Y117.153 F10800.000
; stop printing object C:/Users/orcas/AppData/Local/Temp/Neutron/Body1.stl id:0 copy 0
;LAYER_CHANGE
;Z:32.6
;HEIGHT:0.449997
;BEFORE_LAYER_CHANGE
G92 E0.0
;32.6


;WIPE_START
G1 F8640.000
G1 X130.694 Y117.064 E-0.17584
G1 X131.280 Y116.769 E-0.17319
G1 X131.696 Y116.534 E-0.12597
;WIPE_END
G1 E-0.02500 F2400.000
G1 Z32.550 F10800.000
G1 Z32.600
;AFTER_LAYER_CHANGE
;32.6
; printing object C:/Users/orcas/AppData/Local/Temp/Neutron/Body1.stl id:0 copy 0
G1 X131.144 Y116.838
G1 E0.50000 F2400.000
M204 S800
G1 F900
G1 X131.850 Y116.447 E0.08807
G1 X132.673 Y115.913 E0.10711
G1 X133.455 Y115.319 E0.10716
G1 X134.189 Y114.671 E0.10692
G1 X134.654 Y114.207 E0.07168
G1 X135.073 Y113.746 E0.06802
G1 X135.709 Y112.956 E0.11069
G1 X136.264 Y112.148 E0.10702
G1 X136.602 Y111.585 E0.07167
G1 X136.841 Y111.141 E0.05502
G1 X136.888 Y111.094 E0.00729
G1 X136.954 Y111.597 E0.05546
G1 X136.432 Y112.475 E0.11142
G1 X135.891 Y113.244 E0.10264
G1 X135.295 Y113.977 E0.10310
G1 X134.881 Y114.432 E0.06721
G1 X134.446 Y114.867 E0.06713
G1 X133.742 Y115.496 E0.10300
G1 X132.998 Y116.073 E0.10280
G1 X132.216 Y116.598 E0.10279
G1 X131.596 Y116.957 E0.07819
G1 X131.112 Y116.891 E0.05331
M204 S1000
G1 X131.694 Y116.599 F10800.000
; stop printing object C:/Users/orcas/AppData/Local/Temp/Neutron/Body1.stl id:0 copy 0
;LAYER_CHANGE
;Z:33.05
;HEIGHT:0.450001
;BEFORE_LAYER_CHANGE
G92 E0.0
;33.05


;WIPE_START
G1 F8640.000
G1 X131.850 Y116.447 E-0.22710
G1 X132.638 Y115.936 E-0.24790
;WIPE_END
G1 E-0.02500 F2400.000
G1 Z33.000 F10800.000
G1 Z33.050
;AFTER_LAYER_CHANGE
;33.05
; printing object C:/Users/orcas/AppData/Local/Temp/Neutron/Body1.stl id:0 copy 0
G1 X132.660 Y115.958
G1 E0.50000 F2400.000
M204 S800
G1 F900
G1 X132.793 Y115.825 E0.02050
G1 X133.198 Y115.523 E0.05516
G1 X133.706 Y115.108 E0.07162
G1 X134.424 Y114.442 E0.10691
G1 X135.092 Y113.724 E0.10702
G1 X135.509 Y113.217 E0.07169
G1 X135.827 Y112.791 E0.05796
G1 X136.083 Y112.535 E0.03949
G1 X136.037 Y112.837 E0.03327
G1 X135.965 Y113.139 E0.03386
G1 X135.296 Y113.976 E0.11699
G1 X134.658 Y114.660 E0.10209
G1 X133.973 Y115.299 E0.10229
G1 X133.136 Y115.971 E0.11714
G1 X132.828 Y116.044 E0.03449
G1 X132.531 Y116.088 E0.03285
G1 X132.596 Y116.022 E0.01018
M204 S1000
G1 X132.835 Y115.891 F10800.000
; stop printing object C:/Users/orcas/AppData/Local/Temp/Neutron/Body1.stl id:0 copy 0
;WIPE_START
G1 F8640.000;_WIPE
G1 X132.793 Y115.825 E-0.07332
G1 F8640.000;_WIPE
G1 X133.198 Y115.523 E-0.13334
G1 F8640.000;_WIPE
G1 X133.706 Y115.108 E-0.17314
G1 F8640.000;_WIPE
G1 X133.970 Y114.862 E-0.09520
;WIPE_END
G1 E-0.02500 F2400.000
G1 Z33.450 F10800.000
M107
;TYPE:Custom
; Filament-specific end gcode
G4 ; wait
M221 S100 ; reset flow
M900 K0 ; reset LA

M104 S0 ; turn off temperature
M140 S0 ; turn off heatbed
M107 ; turn off fan
G1 Z63.05 ; Move print head up
G1 X0 Y200 F3000 ; home X axis
M84 ; disable motors
M73 P100 R0
M73 Q100 S0
; filament used [mm] = 2811.96
; filament used [cm3] = 6.76
; filament used [g] = 8.39
; filament cost = 0.13
; total filament used [g] = 8.39
; total filament cost = 0.13
; estimated printing time (normal mode) = 19m 17s
; estimated printing time (silent mode) = 19m 19s

; avoid_crossing_perimeters = 0
; avoid_crossing_perimeters_max_detour = 0
; bed_custom_model = 
; bed_custom_texture = 
; bed_shape = 0x0,250x0,250x210,0x210
; bed_temperature = 60
; before_layer_gcode = ;BEFORE_LAYER_CHANGE\nG92 E0.0\n;[layer_z]\n\n
; between_objects_gcode = 
; bottom_fill_pattern = monotonic
; bottom_solid_layers = 3
; bottom_solid_min_thickness = 0.6
; bridge_acceleration = 1000
; bridge_angle = 0
; bridge_fan_speed = 100
; bridge_flow_ratio = 0.95
; bridge_speed = 25
; brim_width = 0
; clip_multipart_objects = 1
; color_change_gcode = M600
; compatible_printers_condition_cummulative = "printer_notes=~/.*PRINTER_VENDOR_PRUSA3D.*/ and printer_notes=~/.*PRINTER_MODEL_MK3.*/ and nozzle_diameter[0]==0.6";"nozzle_diameter[0]!=0.8 and ! (printer_notes=~/.*PRINTER_VENDOR_PRUSA3D.*/ and printer_notes=~/.*PRINTER_MODEL_MK(2.5|3).*/ and single_extruder_multi_material)"
; complete_objects = 0
; cooling = 1
; cooling_tube_length = 5
; cooling_tube_retraction = 91.5
; default_acceleration = 1000
; default_filament_profile = "Prusament PLA"
; default_print_profile = 0.30mm QUALITY @0.6 nozzle MK3
; deretract_speed = 0
; disable_fan_first_layers = 1
; dont_support_bridges = 1
; draft_shield = 0
; duplicate_distance = 6
; elefant_foot_compensation = 0.2
; end_filament_gcode = "; Filament-specific end gcode"
; end_gcode = G4 ; wait\nM221 S100 ; reset flow\nM900 K0 ; reset LA\n{if print_settings_id=~/.*(DETAIL @MK3|QUALITY @MK3|@0.25 nozzle MK3).*/}M907 E538 ; reset extruder motor current{endif}\nM104 S0 ; turn off temperature\nM140 S0 ; turn off heatbed\nM107 ; turn off fan\n{if max_layer_z < max_print_height}G1 Z{z_offset+min(max_layer_z+30, max_print_height)}{endif} ; Move print head up\nG1 X0 Y200 F3000 ; home X axis\nM84 ; disable motors
; ensure_vertical_shell_thickness = 1
; external_perimeter_extrusion_width = 0.68
; external_perimeter_speed = 35
; external_perimeters_first = 0
; extra_loading_move = -2
; extra_perimeters = 0
; extruder_clearance_height = 20
; extruder_clearance_radius = 45
; extruder_colour = ""
; extruder_offset = 0x0
; extrusion_axis = E
; extrusion_multiplier = 1
; extrusion_width = 0.65
; fan_always_on = 1
; fan_below_layer_time = 100
; filament_colour = #FF8000
; filament_cooling_final_speed = 3.4
; filament_cooling_initial_speed = 2.2
; filament_cooling_moves = 4
; filament_cost = 16
; filament_density = 1.24
; filament_deretract_speed = 0
; filament_diameter = 1.75
; filament_load_time = 0
; filament_loading_speed = 28
; filament_loading_speed_start = 3
; filament_max_volumetric_speed = 15
; filament_minimal_purge_on_wipe_tower = 15
; filament_notes = ""
; filament_ramming_parameters = "120 100 6.6 6.8 7.2 7.6 7.9 8.2 8.7 9.4 9.9 10.0| 0.05 6.6 0.45 6.8 0.95 7.8 1.45 8.3 1.95 9.7 2.45 10 2.95 7.6 3.45 7.6 3.95 7.6 4.45 7.6 4.95 7.6"
; filament_retract_before_travel = 1
; filament_retract_before_wipe = 0%
; filament_retract_layer_change = 1
; filament_retract_length = 0.5
; filament_retract_lift_above = 1
; filament_retract_lift_below = 199
; filament_retract_restart_extra = 0
; filament_retract_speed = 40
; filament_settings_id = PLA+
; filament_soluble = 0
; filament_spool_weight = 0
; filament_toolchange_delay = 0
; filament_type = PLA
; filament_unload_time = 0
; filament_unloading_speed = 90
; filament_unloading_speed_start = 100
; filament_vendor = Generic
; filament_wipe = 1
; fill_angle = 45
; fill_density = 50%
; fill_pattern = cubic
; first_layer_acceleration = 1000
; first_layer_bed_temperature = 60
; first_layer_extrusion_width = 0.65
; first_layer_height = 0.2
; first_layer_speed = 20
; first_layer_temperature = 215
; full_fan_speed_layer = 4
; gap_fill_speed = 40
; gcode_comments = 0
; gcode_flavor = marlin
; gcode_label_objects = 1
; high_current_on_filament_swap = 0
; host_type = octoprint
; infill_acceleration = 1000
; infill_anchor = 2.5
; infill_anchor_max = 15
; infill_every_layers = 1
; infill_extruder = 1
; infill_extrusion_width = 0.68
; infill_first = 0
; infill_only_where_needed = 0
; infill_overlap = 25%
; infill_speed = 70
; inherits_cummulative = "0.40mm DRAFT @0.6 nozzle MK3";"Generic PLA";
; interface_shells = 0
; ironing = 0
; ironing_flowrate = 15%
; ironing_spacing = 0.1
; ironing_speed = 15
; ironing_type = top
; layer_gcode = ;AFTER_LAYER_CHANGE\n;[layer_z]
; layer_height = 0.45
; machine_limits_usage = emit_to_gcode
; machine_max_acceleration_e = 5000,5000
; machine_max_acceleration_extruding = 1250,1250
; machine_max_acceleration_retracting = 1250,1250
; machine_max_acceleration_x = 1000,960
; machine_max_acceleration_y = 1000,960
; machine_max_acceleration_z = 200,200
; machine_max_feedrate_e = 120,120
; machine_max_feedrate_x = 200,100
; machine_max_feedrate_y = 200,100
; machine_max_feedrate_z = 12,12
; machine_max_jerk_e = 4.5,4.5
; machine_max_jerk_x = 8,8
; machine_max_jerk_y = 8,8
; machine_max_jerk_z = 0.4,0.4
; machine_min_extruding_rate = 0,0
; machine_min_travel_rate = 0,0
; max_fan_speed = 100
; max_layer_height = 0.4
; max_print_height = 210
; max_print_speed = 100
; max_volumetric_speed = 0
; min_fan_speed = 100
; min_layer_height = 0.15
; min_print_speed = 15
; min_skirt_length = 4
; notes = 
; nozzle_diameter = 0.6
; only_retract_when_crossing_perimeters = 0
; ooze_prevention = 0
; output_filename_format = {input_filename_base}_{nozzle_diameter[0]}n_{layer_height}mm_{filament_type[0]}_{printer_model}_{print_time}.gcode
; overhangs = 1
; parking_pos_retraction = 92
; pause_print_gcode = M601
; perimeter_acceleration = 800
; perimeter_extruder = 1
; perimeter_extrusion_width = 0.68
; perimeter_speed = 45
; perimeters = 3
; physical_printer_settings_id = 
; post_process = 
; print_settings_id = 0.45mm HADLEY_DRAFT_STURDY @0.6 nozzle MK3
; printer_model = MK3S
; printer_notes = Don't remove the following keywords! These keywords are used in the "compatible printer" condition of the print and filament profiles to link the particular print and filament profiles to this printer profile.\nPRINTER_VENDOR_PRUSA3D\nPRINTER_MODEL_MK3\n
; printer_settings_id = Original Prusa i3 MK3S & MK3S+ 0.6 nozzle
; printer_technology = FFF
; printer_variant = 0.6
; printer_vendor = 
; raft_layers = 0
; remaining_times = 1
; resolution = 0
; retract_before_travel = 1
; retract_before_wipe = 0%
; retract_layer_change = 1
; retract_length = 0.8
; retract_length_toolchange = 4
; retract_lift = 0.4
; retract_lift_above = 0
; retract_lift_below = 209
; retract_restart_extra = 0
; retract_restart_extra_toolchange = 0
; retract_speed = 35
; seam_position = nearest
; silent_mode = 1
; single_extruder_multi_material = 0
; single_extruder_multi_material_priming = 0
; skirt_distance = 2
; skirt_height = 3
; skirts = 1
; slice_closing_radius = 0.049
; slowdown_below_layer_time = 15
; small_perimeter_speed = 25
; solid_infill_below_area = 0
; solid_infill_every_layers = 0
; solid_infill_extruder = 1
; solid_infill_extrusion_width = 0.68
; solid_infill_speed = 70
; spiral_vase = 0
; standby_temperature_delta = -5
; start_filament_gcode = "M900 K{if printer_notes=~/.*PRINTER_MODEL_MINI.*/ and nozzle_diameter[0]==0.6}0.12{elsif printer_notes=~/.*PRINTER_MODEL_MINI.*/ and nozzle_diameter[0]==0.8}0.06{elsif printer_notes=~/.*PRINTER_MODEL_MINI.*/}0.2{elsif nozzle_diameter[0]==0.8}0.01{elsif nozzle_diameter[0]==0.6}0.04{else}0.05{endif} ; Filament gcode LA 1.5\n{if printer_notes=~/.*PRINTER_MODEL_MINI.*/};{elsif printer_notes=~/.*PRINTER_HAS_BOWDEN.*/}M900 K200{elsif nozzle_diameter[0]==0.6}M900 K18{elsif nozzle_diameter[0]==0.8};{else}M900 K30{endif} ; Filament gcode LA 1.0"
; start_gcode = M862.3 P "[printer_model]" ; printer model check\nM862.1 P[nozzle_diameter] ; nozzle diameter check\nM115 U3.10.0 ; tell printer latest fw version\nG90 ; use absolute coordinates\nM83 ; extruder relative mode\nM104 S[first_layer_temperature] ; set extruder temp\nM140 S[first_layer_bed_temperature] ; set bed temp\nM190 S[first_layer_bed_temperature] ; wait for bed temp\nM109 S[first_layer_temperature] ; wait for extruder temp\nG28 W ; home all without mesh bed level\nG80 ; mesh bed leveling\nG1 Y-3.0 F1000.0 ; go outside print area\nG92 E0.0\nG1 X60.0 E9.0 F1000.0 ; intro line\nG1 X100.0 E12.5 F1000.0 ; intro line\nG92 E0.0\nM221 S{if layer_height<0.075}100{else}95{endif}
; support_material = 0
; support_material_angle = 0
; support_material_auto = 1
; support_material_buildplate_only = 0
; support_material_contact_distance = 0.15
; support_material_enforce_layers = 0
; support_material_extruder = 0
; support_material_extrusion_width = 0.55
; support_material_interface_contact_loops = 0
; support_material_interface_extruder = 0
; support_material_interface_layers = 2
; support_material_interface_spacing = 0.3
; support_material_interface_speed = 80%
; support_material_pattern = rectilinear
; support_material_spacing = 2
; support_material_speed = 50
; support_material_synchronize_layers = 0
; support_material_threshold = 55
; support_material_with_sheath = 0
; support_material_xy_spacing = 80%
; temperature = 210
; template_custom_gcode = 
; thin_walls = 0
; threads = 12
; thumbnails = 
; toolchange_gcode = 
; top_fill_pattern = monotonic
; top_infill_extrusion_width = 0.6
; top_solid_infill_speed = 45
; top_solid_layers = 3
; top_solid_min_thickness = 0.9
; travel_speed = 180
; use_firmware_retraction = 0
; use_relative_e_distances = 1
; use_volumetric_e = 0
; variable_layer_height = 1
; wipe = 1
; wipe_into_infill = 0
; wipe_into_objects = 0
; wipe_tower = 1
; wipe_tower_bridging = 10
; wipe_tower_no_sparse_layers = 0
; wipe_tower_rotation_angle = 0
; wipe_tower_width = 60
; wipe_tower_x = 170
; wipe_tower_y = 125
; wiping_volumes_extruders = 70,70
; wiping_volumes_matrix = 0
; xy_size_compensation = 0
; z_offset = 0
